POLICY_NUMBER,INSURANCE_TYPE,PREMIUM_AMOUNT,TENURE
PLC00006530,Travel,96.15,110
PLC00001461,Mobile,9.28,48
PLC00005224,Travel,56.96,81
PLC00007070,Property,137.56,71
PLC00002606,Mobile,8.2,16
PLC00008965,Life,79.04,73
PLC00007014,Health,143.0,76
PLC00000116,Health,133.4,29
PLC00002999,Health,126.63,111
PLC00007655,Property,156.33,98
PLC00005033,Property,149.34,80
PLC00003709,Property,157.51,99
PLC00007201,Motor,124.71,83
PLC00006038,Health,177.52,119
PLC00007647,Property,81.62,92
PLC00009245,Property,80.53,40
PLC00006394,Motor,97.13,50
PLC00002208,Life,52.78,52
PLC00009149,Property,95.21,35
PLC00006194,Health,177.72,55
PLC00001231,Travel,52.36,72
PLC00009559,Travel,83.07,34
PLC00006241,Property,133.58,45
PLC00002764,Property,158.03,38
PLC00003377,Property,146.62,25
PLC00004152,Travel,65.74,57
PLC00003771,Motor,139.93,76
PLC00009821,Travel,60.87,64
PLC00002849,Motor,93.9,117
PLC00004707,Motor,80.48,64
PLC00004545,Travel,98.72,8
PLC00009504,Travel,94.73,66
PLC00004550,Travel,94.13,34
PLC00009220,Travel,83.69,28
PLC00000328,Mobile,8.52,14
PLC00007622,Property,98.86,15
PLC00005075,Motor,126.84,52
PLC00004975,Life,57.65,113
PLC00003177,Health,132.28,6
PLC00003302,Health,131.75,105
PLC00003838,Health,134.63,88
PLC00002909,Motor,135.8,38
PLC00008260,Mobile,8.27,104
PLC00006000,Life,70.1,85
PLC00001377,Motor,105.28,92
PLC00006627,Mobile,11.64,25
PLC00001427,Property,139.73,82
PLC00004763,Life,50.53,72
PLC00002977,Travel,60.19,65
PLC00007720,Motor,96.55,86
PLC00009659,Property,95.93,76
PLC00006964,Life,58.52,48
PLC00000442,Life,58.26,25
PLC00006367,Travel,93.56,98
PLC00003091,Property,133.6,44
PLC00003172,Travel,55.72,57
PLC00001497,Property,100.5,68
PLC00003178,Travel,54.04,7
PLC00007096,Life,77.99,70
PLC00007129,Motor,93.99,97
PLC00002497,Motor,89.04,12
PLC00000962,Mobile,6.35,100
PLC00001859,Property,91.34,66
PLC00004706,Travel,63.97,44
PLC00005281,Life,61.04,7
PLC00008734,Mobile,7.23,16
PLC00006188,Travel,53.47,99
PLC00001947,Life,98.98,11
PLC00001815,Motor,87.64,97
PLC00005411,Motor,139.24,39
PLC00006647,Health,133.82,8
PLC00000079,Mobile,10.25,87
PLC00009278,Travel,96.87,83
PLC00000566,Life,53.62,77
PLC00001091,Travel,66.63,32
PLC00002658,Life,66.34,96
PLC00003385,Travel,85.89,109
PLC00003818,Motor,127.22,108
PLC00006819,Motor,121.7,101
PLC00002046,Health,143.39,75
PLC00009757,Mobile,6.39,41
PLC00007046,Property,130.6,43
PLC00009461,Motor,99.2,31
PLC00003953,Mobile,6.75,16
PLC00007736,Health,197.86,16
PLC00004746,Life,84.59,38
PLC00005139,Mobile,10.76,71
PLC00009012,Life,58.41,105
PLC00007830,Property,119.07,119
PLC00008153,Motor,138.43,68
PLC00009335,Life,60.54,23
PLC00005699,Property,127.49,42
PLC00000080,Travel,87.93,41
PLC00009345,Motor,112.26,105
PLC00007969,Property,157.24,68
PLC00002796,Health,197.23,20
PLC00002744,Travel,76.45,44
PLC00004616,Mobile,9.82,87
PLC00004321,Property,117.74,70
PLC00006145,Motor,103.56,119
PLC00006926,Mobile,8.15,113
PLC00004076,Health,147.88,25
PLC00007865,Travel,60.36,19
PLC00007336,Mobile,9.97,82
PLC00003982,Mobile,9.85,72
PLC00005308,Health,159.96,116
PLC00000712,Motor,97.45,6
PLC00002141,Health,190.89,108
PLC00000970,Health,139.6,10
PLC00004068,Mobile,6.22,60
PLC00003007,Life,61.45,14
PLC00009265,Life,50.3,35
PLC00008044,Travel,94.8,114
PLC00006215,Travel,55.97,97
PLC00003596,Health,122.21,10
PLC00001884,Mobile,6.94,32
PLC00006677,Life,62.48,82
PLC00009414,Health,144.79,62
PLC00005463,Mobile,6.73,115
PLC00009069,Life,64.71,89
PLC00002024,Motor,121.58,7
PLC00001057,Property,140.94,24
PLC00006980,Motor,89.19,82
PLC00009775,Mobile,9.68,91
PLC00002847,Travel,71.58,114
PLC00002429,Health,166.15,60
PLC00006352,Property,138.64,60
PLC00003989,Mobile,10.32,17
PLC00000586,Travel,85.47,66
PLC00003912,Mobile,7.48,82
PLC00000806,Mobile,8.12,18
PLC00002398,Travel,75.68,39
PLC00008206,Property,128.25,15
PLC00001922,Life,55.03,119
PLC00000333,Mobile,8.39,103
PLC00009053,Motor,134.96,8
PLC00002082,Travel,60.56,32
PLC00000354,Travel,99.46,23
PLC00000138,Property,104.98,57
PLC00005006,Mobile,10.21,106
PLC00008582,Property,129.84,107
PLC00003463,Travel,76.65,30
PLC00001537,Life,80.33,41
PLC00008479,Property,85.19,10
PLC00002296,Travel,68.92,75
PLC00005366,Health,159.44,84
PLC00008284,Travel,79.74,91
PLC00002998,Travel,94.61,56
PLC00004428,Motor,76.14,75
PLC00003400,Property,151.81,69
PLC00001521,Life,52.48,13
PLC00003038,Mobile,8.59,94
PLC00001478,Life,81.59,91
PLC00000270,Travel,64.32,117
PLC00009525,Life,97.8,79
PLC00005525,Health,131.4,16
PLC00003592,Health,112.35,109
PLC00008906,Health,181.08,100
PLC00005928,Motor,74.24,99
PLC00005527,Property,124.28,91
PLC00000517,Motor,106.34,74
PLC00003794,Travel,65.88,29
PLC00001472,Property,122.47,55
PLC00001435,Property,103.98,116
PLC00003755,Motor,73.92,58
PLC00000547,Motor,83.24,45
PLC00006205,Travel,72.13,29
PLC00006672,Life,55.32,57
PLC00004856,Mobile,7.33,25
PLC00001679,Property,154.48,68
PLC00006869,Travel,95.79,35
PLC00005202,Motor,70.19,35
PLC00002934,Health,165.04,74
PLC00007839,Health,157.95,118
PLC00006144,Travel,53.44,11
PLC00008345,Property,105.12,86
PLC00008402,Life,63.29,105
PLC00007222,Life,94.52,113
PLC00007216,Health,174.22,89
PLC00006375,Health,164.66,61
PLC00002789,Travel,96.04,78
PLC00009026,Travel,54.73,35
PLC00006762,Property,123.35,113
PLC00000680,Motor,129.17,56
PLC00008259,Travel,72.0,11
PLC00000977,Motor,97.92,60
PLC00004504,Life,84.15,47
PLC00004892,Life,83.23,71
PLC00009110,Travel,95.96,32
PLC00009179,Life,73.52,25
PLC00003062,Life,65.41,107
PLC00003643,Motor,137.78,105
PLC00009020,Property,145.15,83
PLC00005550,Mobile,8.0,114
PLC00001626,Motor,110.54,65
PLC00005456,Motor,120.94,98
PLC00000742,Travel,81.79,43
PLC00000988,Motor,109.33,69
PLC00003949,Mobile,7.7,46
PLC00008464,Mobile,7.05,72
PLC00001529,Mobile,11.33,24
PLC00001128,Property,141.35,48
PLC00002494,Travel,74.55,107
PLC00004955,Health,119.25,77
PLC00007270,Property,128.31,49
PLC00003791,Motor,110.36,82
PLC00003305,Health,189.4,111
PLC00004015,Health,177.87,105
PLC00001609,Life,65.13,71
PLC00007194,Mobile,6.15,74
PLC00003880,Life,53.27,64
PLC00005449,Health,111.88,49
PLC00000090,Travel,92.04,71
PLC00008338,Health,178.94,100
PLC00002630,Travel,56.59,100
PLC00007167,Health,167.85,52
PLC00009215,Mobile,6.6,64
PLC00000856,Travel,50.56,48
PLC00008671,Travel,83.07,104
PLC00000653,Life,71.02,108
PLC00003510,Travel,82.07,27
PLC00004926,Life,79.17,50
PLC00001364,Health,112.52,118
PLC00009522,Life,73.59,13
PLC00004525,Property,155.62,99
PLC00008287,Mobile,9.78,103
PLC00007017,Mobile,6.72,91
PLC00009284,Mobile,11.11,76
PLC00000867,Motor,132.18,110
PLC00000708,Travel,76.94,10
PLC00007771,Motor,78.07,88
PLC00000759,Mobile,9.66,31
PLC00004276,Property,130.1,90
PLC00005677,Travel,50.37,111
PLC00009446,Travel,87.72,93
PLC00002493,Property,81.86,117
PLC00005494,Health,126.02,18
PLC00005911,Property,118.67,13
PLC00007313,Health,163.12,60
PLC00007874,Life,67.01,102
PLC00009029,Mobile,6.96,22
PLC00003445,Travel,70.81,81
PLC00004767,Mobile,9.91,14
PLC00009785,Property,128.71,50
PLC00000568,Health,185.15,20
PLC00004968,Travel,52.77,30
PLC00008632,Property,108.28,21
PLC00007570,Mobile,9.16,68
PLC00003831,Mobile,11.99,45
PLC00000003,Motor,95.31,21
PLC00001519,Property,128.13,11
PLC00008990,Motor,138.41,47
PLC00002729,Life,53.02,52
PLC00008878,Life,59.89,13
PLC00003640,Property,86.1,17
PLC00000679,Property,93.93,62
PLC00008298,Life,84.1,53
PLC00004981,Property,124.45,105
PLC00004121,Life,75.55,119
PLC00008801,Property,147.33,94
PLC00004950,Property,81.85,82
PLC00009144,Property,159.08,71
PLC00004904,Travel,71.14,12
PLC00008465,Travel,52.11,76
PLC00003690,Motor,116.14,100
PLC00005910,Property,159.61,38
PLC00004429,Health,121.36,12
PLC00005232,Mobile,6.85,117
PLC00003251,Motor,120.59,72
PLC00007627,Mobile,8.87,41
PLC00001137,Property,122.21,11
PLC00002409,Property,139.84,32
PLC00008480,Life,60.84,31
PLC00002712,Life,65.77,16
PLC00009855,Life,67.08,75
PLC00008190,Life,86.65,119
PLC00008441,Travel,64.05,25
PLC00009328,Property,112.37,40
PLC00009451,Life,66.34,21
PLC00009777,Life,76.89,18
PLC00007746,Health,159.04,44
PLC00004014,Mobile,8.29,94
PLC00002694,Life,93.98,53
PLC00004938,Life,96.02,18
PLC00003800,Property,139.31,15
PLC00005830,Life,78.12,80
PLC00004075,Mobile,11.72,105
PLC00001362,Mobile,7.5,93
PLC00002709,Property,148.07,97
PLC00008416,Motor,123.84,32
PLC00000663,Life,98.53,34
PLC00001149,Property,143.27,52
PLC00008617,Health,155.22,53
PLC00008902,Motor,135.17,49
PLC00008963,Travel,78.82,89
PLC00004469,Property,100.53,67
PLC00009660,Mobile,6.53,116
PLC00005794,Motor,101.2,102
PLC00004804,Motor,77.22,50
PLC00006540,Travel,88.0,117
PLC00009217,Health,179.41,15
PLC00001808,Property,89.32,109
PLC00000100,Mobile,11.94,56
PLC00008700,Life,99.02,28
PLC00008553,Health,160.11,26
PLC00006792,Property,85.13,34
PLC00006281,Property,98.17,54
PLC00006851,Mobile,11.12,49
PLC00000904,Travel,67.13,85
PLC00005367,Mobile,7.08,49
PLC00004013,Property,110.82,16
PLC00005266,Health,160.06,8
PLC00000304,Motor,113.73,56
PLC00008288,Motor,107.01,72
PLC00000276,Health,198.91,107
PLC00006531,Property,88.94,9
PLC00003776,Property,133.76,95
PLC00009539,Mobile,9.46,50
PLC00004814,Health,101.26,19
PLC00009097,Mobile,11.34,51
PLC00004118,Mobile,7.59,86
PLC00003042,Motor,88.43,26
PLC00002469,Motor,137.41,79
PLC00009365,Property,84.42,18
PLC00000749,Property,143.64,73
PLC00004817,Mobile,9.44,34
PLC00005226,Health,120.89,39
PLC00007893,Motor,130.79,43
PLC00003022,Mobile,7.39,74
PLC00003979,Motor,122.09,42
PLC00003378,Motor,78.02,53
PLC00008630,Mobile,9.06,8
PLC00008434,Mobile,7.04,84
PLC00007260,Health,179.65,102
PLC00003230,Mobile,11.57,119
PLC00004681,Health,120.05,79
PLC00002545,Travel,69.6,112
PLC00005912,Property,108.01,58
PLC00001731,Travel,56.21,95
PLC00003854,Travel,62.56,102
PLC00007130,Property,124.93,58
PLC00004135,Travel,57.08,107
PLC00008494,Life,69.56,89
PLC00004436,Mobile,10.19,57
PLC00008513,Health,131.5,9
PLC00005451,Health,137.66,69
PLC00000899,Travel,73.81,22
PLC00002501,Mobile,8.78,13
PLC00009632,Life,80.3,77
PLC00008836,Travel,51.04,70
PLC00005343,Property,117.39,38
PLC00000923,Property,150.55,84
PLC00007485,Property,128.67,32
PLC00009397,Motor,78.5,27
PLC00008300,Life,95.54,100
PLC00000866,Motor,70.76,36
PLC00005117,Health,178.29,48
PLC00007230,Health,164.63,31
PLC00002786,Motor,102.46,8
PLC00009184,Travel,63.22,81
PLC00002522,Mobile,6.77,97
PLC00008564,Health,171.01,67
PLC00003428,Life,61.62,91
PLC00009207,Motor,135.85,36
PLC00003339,Property,104.98,10
PLC00008939,Life,69.1,101
PLC00009497,Mobile,6.52,38
PLC00000842,Life,95.57,100
PLC00003698,Health,161.0,117
PLC00005821,Property,150.77,109
PLC00009710,Life,98.24,50
PLC00003671,Travel,89.73,109
PLC00007698,Health,156.22,75
PLC00002809,Mobile,11.79,43
PLC00002148,Travel,69.81,42
PLC00002720,Life,79.9,52
PLC00006120,Mobile,8.54,75
PLC00008600,Mobile,6.82,80
PLC00000307,Life,91.57,97
PLC00007654,Motor,132.64,85
PLC00006130,Health,101.24,102
PLC00001807,Travel,70.51,98
PLC00005147,Motor,100.66,44
PLC00007724,Life,73.58,67
PLC00007632,Travel,89.3,46
PLC00001965,Health,112.05,33
PLC00003612,Motor,73.72,87
PLC00008986,Health,173.22,38
PLC00001086,Life,96.98,83
PLC00003436,Travel,91.5,78
PLC00004998,Property,153.49,12
PLC00003731,Property,131.64,68
PLC00009945,Motor,77.32,81
PLC00001429,Mobile,6.28,75
PLC00008901,Travel,69.65,73
PLC00009211,Travel,93.94,49
PLC00005826,Property,142.79,87
PLC00003855,Mobile,7.86,96
PLC00000054,Health,107.45,75
PLC00004905,Travel,90.13,57
PLC00008223,Travel,62.59,102
PLC00003505,Health,139.7,82
PLC00005963,Health,120.97,97
PLC00000779,Motor,79.4,88
PLC00005221,Property,130.07,11
PLC00009138,Life,58.07,92
PLC00003639,Health,102.54,74
PLC00004175,Travel,75.57,51
PLC00007688,Travel,98.91,84
PLC00002583,Mobile,8.72,20
PLC00008297,Life,56.92,8
PLC00005311,Property,102.27,23
PLC00007399,Life,61.71,67
PLC00001577,Property,145.77,90
PLC00009002,Life,91.21,65
PLC00006240,Health,179.36,68
PLC00009591,Property,85.07,36
PLC00008762,Motor,75.04,94
PLC00009449,Mobile,8.11,28
PLC00007847,Life,52.67,34
PLC00006698,Health,160.86,68
PLC00002799,Life,84.46,37
PLC00005499,Mobile,8.46,116
PLC00000163,Travel,89.57,27
PLC00008371,Motor,88.62,97
PLC00005885,Property,117.57,15
PLC00009742,Life,80.59,100
PLC00002486,Travel,71.17,70
PLC00007963,Motor,84.63,66
PLC00007304,Motor,79.2,71
PLC00009441,Property,109.15,81
PLC00002873,Motor,98.66,82
PLC00005793,Life,73.37,104
PLC00008605,Mobile,11.16,96
PLC00002128,Travel,96.7,83
PLC00005489,Health,189.64,107
PLC00004477,Mobile,8.16,60
PLC00007237,Mobile,9.71,90
PLC00003311,Motor,89.25,105
PLC00008170,Property,93.07,16
PLC00001073,Property,119.06,23
PLC00002995,Mobile,9.3,99
PLC00001425,Health,136.21,46
PLC00000794,Motor,87.59,46
PLC00000226,Travel,80.0,49
PLC00006755,Mobile,10.41,17
PLC00000558,Motor,119.31,8
PLC00005966,Motor,132.97,56
PLC00007112,Health,153.8,60
PLC00002952,Health,148.41,55
PLC00002971,Mobile,9.48,108
PLC00002303,Travel,89.61,97
PLC00000208,Travel,86.61,119
PLC00007402,Travel,57.39,117
PLC00005645,Motor,111.49,79
PLC00003279,Health,170.43,110
PLC00001145,Travel,70.9,77
PLC00006615,Mobile,10.64,55
PLC00004922,Mobile,7.83,61
PLC00006001,Mobile,10.06,72
PLC00005651,Motor,81.98,12
PLC00001205,Property,124.38,50
PLC00003156,Life,71.43,70
PLC00008576,Mobile,11.16,71
PLC00006018,Travel,52.56,53
PLC00005535,Travel,54.18,118
PLC00003410,Travel,65.25,80
PLC00002669,Mobile,9.86,75
PLC00004849,Mobile,6.55,31
PLC00009135,Mobile,8.89,78
PLC00006351,Motor,93.6,12
PLC00009600,Travel,98.96,80
PLC00005189,Mobile,10.99,83
PLC00007836,Motor,87.2,91
PLC00009852,Health,160.91,20
PLC00006356,Travel,98.89,51
PLC00006470,Motor,132.77,34
PLC00000975,Property,81.55,75
PLC00001516,Property,138.46,100
PLC00008253,Property,92.4,72
PLC00008110,Property,95.75,17
PLC00005263,Property,144.13,77
PLC00009884,Health,120.55,37
PLC00002566,Property,116.64,96
PLC00005010,Motor,138.76,21
PLC00009965,Motor,138.68,26
PLC00004004,Motor,126.07,21
PLC00006616,Health,105.73,78
PLC00005008,Motor,101.46,52
PLC00000045,Health,152.33,64
PLC00009045,Property,134.55,70
PLC00005776,Health,131.59,55
PLC00008761,Motor,87.28,26
PLC00007136,Motor,134.56,89
PLC00008193,Motor,93.52,7
PLC00009733,Mobile,8.3,80
PLC00006033,Mobile,7.13,92
PLC00007935,Property,80.49,112
PLC00005505,Life,84.86,92
PLC00005831,Property,153.38,119
PLC00008452,Travel,67.38,58
PLC00003231,Health,125.32,78
PLC00007818,Health,128.28,9
PLC00002823,Property,110.19,54
PLC00008532,Life,56.14,64
PLC00000501,Mobile,8.73,14
PLC00007183,Life,73.85,16
PLC00001659,Life,86.01,83
PLC00003585,Motor,85.14,88
PLC00008074,Property,145.99,33
PLC00000149,Life,81.26,42
PLC00005079,Life,82.47,91
PLC00001543,Health,129.33,31
PLC00001111,Motor,124.21,8
PLC00007909,Motor,125.33,82
PLC00006644,Mobile,8.75,19
PLC00006332,Mobile,10.03,37
PLC00007463,Mobile,11.9,6
PLC00003165,Property,81.88,79
PLC00003457,Life,64.85,6
PLC00008231,Property,120.88,11
PLC00004519,Property,144.47,45
PLC00008873,Health,106.43,26
PLC00005431,Motor,129.41,48
PLC00001576,Property,102.85,29
PLC00005710,Life,52.39,107
PLC00002280,Property,107.32,86
PLC00007378,Mobile,8.01,64
PLC00002060,Mobile,6.8,90
PLC00004654,Health,142.29,18
PLC00005055,Health,108.85,112
PLC00001118,Property,106.55,117
PLC00000322,Health,161.37,14
PLC00004264,Mobile,7.04,11
PLC00003887,Property,99.38,65
PLC00003680,Mobile,7.89,13
PLC00008352,Motor,119.02,55
PLC00004592,Health,102.29,36
PLC00009264,Mobile,11.39,89
PLC00000878,Property,140.29,30
PLC00006915,Mobile,10.39,109
PLC00003547,Property,102.63,75
PLC00006717,Motor,76.1,87
PLC00006381,Property,100.95,62
PLC00007791,Motor,110.84,86
PLC00003021,Motor,95.22,7
PLC00002279,Property,133.56,12
PLC00008241,Health,110.65,13
PLC00008342,Life,64.06,47
PLC00004182,Property,89.43,94
PLC00000851,Travel,52.67,118
PLC00006255,Property,120.07,56
PLC00005372,Life,52.96,86
PLC00007203,Property,84.73,41
PLC00002604,Health,127.0,71
PLC00007276,Property,85.69,82
PLC00007188,Life,82.93,52
PLC00007470,Property,132.43,117
PLC00001391,Health,137.9,99
PLC00007848,Motor,123.65,78
PLC00005442,Motor,109.39,6
PLC00003158,Travel,82.83,110
PLC00007330,Travel,72.09,90
PLC00005317,Life,57.05,70
PLC00003750,Life,60.4,71
PLC00000140,Travel,87.69,74
PLC00009376,Motor,115.17,87
PLC00000872,Property,90.12,108
PLC00009279,Mobile,10.42,17
PLC00000152,Health,144.04,55
PLC00006457,Property,115.48,36
PLC00008862,Life,78.47,111
PLC00004578,Mobile,11.18,98
PLC00004540,Property,116.18,19
PLC00001885,Motor,117.74,11
PLC00008997,Life,65.44,101
PLC00007590,Life,62.93,23
PLC00008347,Health,159.82,110
PLC00005847,Mobile,8.82,78
PLC00008925,Mobile,7.12,100
PLC00003817,Travel,71.98,97
PLC00008016,Life,97.44,25
PLC00008543,Mobile,8.79,21
PLC00005378,Mobile,10.61,8
PLC00009324,Travel,98.48,49
PLC00007227,Motor,103.2,30
PLC00008795,Health,174.06,43
PLC00004769,Travel,65.78,83
PLC00006832,Life,83.16,15
PLC00005588,Life,89.44,80
PLC00002637,Health,127.24,98
PLC00007175,Motor,95.48,13
PLC00003908,Life,81.48,62
PLC00001049,Health,143.03,19
PLC00001725,Travel,91.95,56
PLC00000424,Travel,76.47,13
PLC00007474,Property,152.46,19
PLC00000799,Motor,96.64,42
PLC00009648,Health,136.22,94
PLC00000431,Health,171.78,23
PLC00008194,Mobile,11.85,50
PLC00001228,Motor,94.43,72
PLC00003258,Mobile,7.32,67
PLC00007844,Property,93.36,89
PLC00005141,Mobile,8.09,86
PLC00009467,Property,143.37,87
PLC00000274,Life,81.5,89
PLC00003093,Motor,116.99,88
PLC00000801,Life,82.05,75
PLC00007172,Life,65.96,75
PLC00000590,Property,133.31,34
PLC00004019,Property,145.21,39
PLC00001368,Life,67.95,25
PLC00002162,Property,146.33,64
PLC00002048,Mobile,8.79,92
PLC00001935,Health,194.87,99
PLC00002248,Property,159.0,45
PLC00006871,Property,158.16,119
PLC00006657,Travel,92.8,52
PLC00001411,Life,77.17,119
PLC00007965,Mobile,8.51,16
PLC00002080,Mobile,8.6,82
PLC00005893,Motor,91.97,38
PLC00007088,Travel,83.47,115
PLC00007465,Travel,79.44,59
PLC00001940,Mobile,8.23,54
PLC00000144,Health,174.84,9
PLC00000693,Motor,84.96,62
PLC00006953,Health,188.44,69
PLC00001726,Life,93.81,15
PLC00007419,Motor,95.53,56
PLC00009294,Property,87.56,94
PLC00002932,Mobile,8.8,96
PLC00008112,Life,80.21,54
PLC00008103,Health,194.54,98
PLC00008851,Motor,95.85,94
PLC00003561,Motor,112.77,53
PLC00000848,Property,132.54,7
PLC00006667,Mobile,6.8,28
PLC00007347,Motor,94.61,58
PLC00005560,Property,129.9,55
PLC00001572,Health,141.15,80
PLC00002883,Property,130.33,116
PLC00005849,Property,92.96,116
PLC00003848,Mobile,7.12,73
PLC00001706,Property,104.26,49
PLC00003199,Mobile,7.89,17
PLC00008973,Health,123.72,20
PLC00001836,Mobile,10.51,46
PLC00001428,Motor,104.57,103
PLC00000703,Motor,132.26,35
PLC00009946,Motor,73.05,118
PLC00002698,Life,65.34,118
PLC00005190,Mobile,6.08,88
PLC00002320,Motor,76.06,42
PLC00002859,Travel,69.57,94
PLC00008684,Travel,81.22,29
PLC00004392,Mobile,6.8,21
PLC00003478,Health,176.42,113
PLC00009199,Travel,59.42,71
PLC00006891,Health,191.86,42
PLC00003444,Mobile,7.63,27
PLC00006777,Health,136.53,65
PLC00000966,Property,90.42,49
PLC00009897,Property,99.23,11
PLC00000548,Mobile,10.42,83
PLC00009246,Mobile,6.6,31
PLC00004266,Life,51.88,75
PLC00004489,Life,66.83,10
PLC00000591,Life,85.51,107
PLC00005371,Life,71.18,116
PLC00005658,Travel,88.63,84
PLC00000533,Motor,92.26,119
PLC00004132,Health,114.11,107
PLC00000948,Property,104.05,114
PLC00000847,Health,111.17,55
PLC00001326,Property,152.91,76
PLC00005518,Travel,79.64,8
PLC00006062,Mobile,8.95,42
PLC00003792,Motor,94.53,108
PLC00003040,Life,93.84,84
PLC00003482,Mobile,8.43,8
PLC00003984,Life,87.54,31
PLC00008247,Health,193.99,77
PLC00008890,Travel,58.6,56
PLC00006284,Mobile,11.54,23
PLC00003215,Motor,102.83,81
PLC00004065,Health,153.52,53
PLC00002750,Mobile,7.09,56
PLC00008392,Travel,70.9,114
PLC00007966,Health,105.13,105
PLC00005041,Life,73.6,91
PLC00008468,Health,157.13,89
PLC00003892,Life,89.74,67
PLC00007681,Mobile,9.89,47
PLC00000592,Health,161.16,26
PLC00007672,Mobile,6.24,92
PLC00002500,Motor,122.61,71
PLC00009904,Travel,64.66,48
PLC00006451,Mobile,6.69,50
PLC00006588,Motor,116.92,94
PLC00007215,Health,157.77,21
PLC00001887,Health,132.26,112
PLC00004055,Property,91.04,84
PLC00000973,Health,117.02,37
PLC00005316,Property,108.04,62
PLC00004396,Motor,105.23,29
PLC00003019,Property,116.41,40
PLC00000053,Health,162.97,92
PLC00004778,Health,196.29,44
PLC00008948,Motor,85.0,55
PLC00001914,Property,156.96,78
PLC00000335,Travel,80.2,72
PLC00009944,Travel,79.42,43
PLC00007499,Mobile,8.07,83
PLC00008952,Motor,83.65,77
PLC00009344,Life,79.85,61
PLC00009919,Life,93.03,100
PLC00007657,Travel,71.29,119
PLC00001199,Property,89.76,42
PLC00001674,Motor,113.33,6
PLC00002531,Health,194.08,110
PLC00009108,Travel,65.04,63
PLC00009705,Health,183.91,70
PLC00007840,Travel,69.11,107
PLC00001252,Life,80.55,104
PLC00008020,Property,126.01,21
PLC00007151,Motor,85.6,80
PLC00002495,Mobile,11.18,116
PLC00000459,Property,121.54,108
PLC00008450,Health,156.2,82
PLC00001660,Life,85.07,80
PLC00009107,Health,189.77,33
PLC00006867,Life,72.61,40
PLC00009840,Health,195.36,75
PLC00002714,Property,123.94,11
PLC00007719,Life,92.01,81
PLC00007765,Property,87.37,76
PLC00005541,Motor,116.83,69
PLC00008822,Mobile,7.8,119
PLC00002182,Life,77.06,91
PLC00001016,Life,69.72,29
PLC00001954,Life,79.61,114
PLC00009746,Life,77.65,75
PLC00004764,Life,96.95,19
PLC00008349,Property,124.37,19
PLC00005688,Travel,68.03,84
PLC00006812,Life,74.19,30
PLC00009874,Property,109.24,97
PLC00003082,Life,60.69,73
PLC00003043,Travel,87.21,44
PLC00005135,Life,81.91,112
PLC00001063,Travel,60.69,51
PLC00008621,Life,83.71,84
PLC00001330,Health,119.4,93
PLC00007952,Travel,71.58,9
PLC00009685,Mobile,11.02,17
PLC00009754,Mobile,7.87,86
PLC00003271,Property,140.72,93
PLC00008527,Property,133.52,52
PLC00006879,Mobile,8.38,119
PLC00001933,Motor,134.59,95
PLC00001575,Motor,123.86,42
PLC00005839,Travel,93.59,102
PLC00009873,Health,179.86,81
PLC00007778,Property,82.63,75
PLC00006361,Mobile,11.55,33
PLC00002167,Mobile,9.12,25
PLC00002088,Mobile,9.24,68
PLC00006973,Life,50.26,90
PLC00004658,Mobile,11.72,15
PLC00005299,Motor,122.58,58
PLC00008289,Mobile,7.6,109
PLC00007915,Life,81.45,49
PLC00004355,Motor,137.71,64
PLC00007142,Motor,73.93,116
PLC00003196,Travel,89.14,77
PLC00005884,Life,70.75,108
PLC00009071,Health,109.52,113
PLC00007344,Life,94.17,47
PLC00005986,Health,122.48,50
PLC00009492,Property,142.35,90
PLC00001406,Mobile,7.5,61
PLC00007949,Health,130.34,83
PLC00005161,Health,113.45,40
PLC00000786,Property,153.04,81
PLC00006419,Motor,78.65,14
PLC00004772,Mobile,6.97,74
PLC00007822,Health,130.06,9
PLC00002949,Life,99.13,22
PLC00009319,Health,134.51,118
PLC00008857,Health,165.54,113
PLC00006160,Motor,101.72,65
PLC00005579,Property,107.29,18
PLC00008503,Life,90.35,8
PLC00009410,Travel,90.17,105
PLC00008147,Mobile,10.36,102
PLC00009554,Property,113.68,111
PLC00005031,Mobile,9.4,119
PLC00005103,Motor,117.8,27
PLC00000481,Health,118.26,33
PLC00000932,Health,199.63,47
PLC00002731,Mobile,6.14,58
PLC00001991,Property,143.83,58
PLC00003654,Travel,52.14,14
PLC00001210,Property,89.59,75
PLC00008135,Health,164.76,113
PLC00001588,Motor,134.53,50
PLC00006004,Property,98.72,99
PLC00000496,Life,59.45,96
PLC00008106,Life,75.27,10
PLC00004625,Travel,81.52,85
PLC00007494,Health,151.55,12
PLC00006109,Motor,100.99,58
PLC00006905,Mobile,9.32,73
PLC00000288,Mobile,6.58,90
PLC00004553,Property,113.03,55
PLC00001419,Life,73.47,115
PLC00003702,Property,134.29,75
PLC00008368,Mobile,7.94,38
PLC00007325,Health,191.89,42
PLC00007487,Property,121.2,61
PLC00001432,Travel,63.97,28
PLC00005347,Mobile,11.54,57
PLC00005520,Mobile,10.92,51
PLC00009421,Travel,80.74,16
PLC00003688,Motor,96.52,111
PLC00002876,Mobile,6.58,102
PLC00009158,Mobile,10.09,37
PLC00008807,Life,66.35,101
PLC00004832,Motor,129.63,78
PLC00004897,Mobile,6.81,21
PLC00000929,Life,60.09,40
PLC00002336,Property,152.27,108
PLC00005623,Life,77.84,84
PLC00002430,Motor,133.87,115
PLC00003391,Mobile,8.8,67
PLC00007178,Travel,52.83,25
PLC00000778,Health,189.75,86
PLC00001192,Motor,70.05,39
PLC00004220,Property,121.42,69
PLC00005077,Health,121.26,9
PLC00002130,Travel,87.49,61
PLC00009739,Property,86.67,14
PLC00002572,Life,73.07,91
PLC00001136,Health,155.78,13
PLC00005258,Life,90.35,65
PLC00009900,Travel,97.15,82
PLC00008774,Motor,96.6,96
PLC00006840,Travel,85.81,69
PLC00008850,Motor,126.65,40
PLC00008174,Life,82.61,34
PLC00007022,Travel,52.05,17
PLC00006017,Health,129.78,26
PLC00007611,Health,173.35,83
PLC00002836,Health,141.37,64
PLC00000462,Travel,95.33,84
PLC00008724,Property,146.82,34
PLC00008454,Property,110.31,56
PLC00008615,Health,109.39,22
PLC00007871,Health,110.68,81
PLC00003433,Mobile,7.85,33
PLC00001546,Life,95.56,31
PLC00007433,Health,177.89,105
PLC00001383,Mobile,6.38,23
PLC00007728,Property,109.68,6
PLC00001604,Health,141.6,65
PLC00000420,Life,79.78,14
PLC00006445,Property,117.24,115
PLC00005383,Property,99.38,77
PLC00006804,Health,190.47,32
PLC00003208,Life,70.05,117
PLC00009613,Mobile,9.1,42
PLC00009696,Mobile,6.54,67
PLC00005479,Life,67.77,14
PLC00006950,Life,77.82,107
PLC00008745,Health,192.13,45
PLC00009067,Mobile,7.21,88
PLC00004557,Property,111.53,56
PLC00008470,Travel,84.63,104
PLC00008909,Mobile,11.31,36
PLC00001144,Mobile,10.14,118
PLC00009016,Health,111.93,87
PLC00000485,Motor,79.05,76
PLC00004476,Motor,110.27,19
PLC00006624,Property,124.89,18
PLC00004069,Mobile,10.13,16
PLC00007523,Motor,112.92,19
PLC00004399,Travel,73.27,76
PLC00002203,Life,81.43,55
PLC00004174,Life,96.36,50
PLC00005761,Life,95.16,67
PLC00006267,Property,140.15,49
PLC00008969,Life,68.6,73
PLC00003844,Mobile,11.98,39
PLC00007353,Health,116.83,113
PLC00008907,Motor,72.56,59
PLC00001870,Property,100.24,77
PLC00006787,Travel,59.54,95
PLC00001880,Property,136.97,75
PLC00007921,Motor,125.38,39
PLC00006682,Travel,95.75,34
PLC00004726,Motor,135.79,69
PLC00009105,Travel,71.61,102
PLC00008516,Property,144.19,88
PLC00006076,Motor,107.17,53
PLC00000660,Travel,87.25,85
PLC00006815,Travel,63.77,71
PLC00007287,Mobile,8.85,59
PLC00004105,Health,168.37,119
PLC00000606,Motor,76.38,91
PLC00001658,Motor,103.16,30
PLC00004510,Motor,104.02,65
PLC00007929,Health,176.86,118
PLC00006085,Mobile,10.58,33
PLC00006788,Health,141.92,78
PLC00006025,Motor,121.05,79
PLC00007123,Mobile,9.01,64
PLC00007431,Life,68.42,98
PLC00003098,Health,136.81,116
PLC00001160,Life,94.75,62
PLC00004360,Mobile,9.06,27
PLC00007941,Mobile,11.31,73
PLC00004092,Health,114.51,58
PLC00006204,Motor,139.0,84
PLC00008097,Mobile,8.88,38
PLC00005405,Travel,85.35,58
PLC00004244,Motor,79.39,115
PLC00004659,Travel,76.09,23
PLC00009889,Life,55.17,28
PLC00009448,Property,89.32,101
PLC00003663,Life,88.78,98
PLC00000647,Motor,88.79,100
PLC00006646,Mobile,7.78,94
PLC00003449,Property,97.12,112
PLC00004650,Travel,57.71,64
PLC00000059,Motor,119.95,85
PLC00003491,Life,85.8,77
PLC00004454,Travel,89.51,64
PLC00008418,Health,183.9,65
PLC00009560,Health,133.68,24
PLC00001194,Property,109.33,114
PLC00000126,Life,67.45,11
PLC00008496,Travel,62.76,17
PLC00002263,Travel,78.47,36
PLC00001041,Property,140.15,71
PLC00004071,Mobile,10.82,102
PLC00007558,Health,107.86,37
PLC00004207,Health,180.45,68
PLC00008838,Property,145.79,46
PLC00009857,Travel,69.75,100
PLC00006423,Motor,105.37,110
PLC00003955,Health,198.41,34
PLC00005786,Mobile,9.28,59
PLC00008211,Property,105.42,19
PLC00006475,Life,86.44,43
PLC00007498,Health,104.81,79
PLC00008929,Travel,65.08,38
PLC00009273,Life,54.79,110
PLC00002165,Mobile,6.36,83
PLC00005195,Motor,130.83,30
PLC00007323,Mobile,6.17,7
PLC00001196,Property,88.69,14
PLC00000239,Life,84.25,95
PLC00009216,Travel,72.21,110
PLC00000901,Life,62.28,65
PLC00008593,Motor,105.84,90
PLC00000575,Health,167.14,43
PLC00006778,Travel,87.39,31
PLC00007407,Travel,84.59,36
PLC00007119,Mobile,6.96,24
PLC00007086,Health,194.17,96
PLC00008056,Property,90.19,37
PLC00001076,Motor,101.95,59
PLC00004120,Travel,53.31,104
PLC00008048,Travel,98.06,18
PLC00001845,Property,124.15,70
PLC00004421,Motor,124.05,38
PLC00009773,Mobile,11.9,6
PLC00000756,Property,139.02,43
PLC00002354,Property,130.98,69
PLC00008407,Travel,55.23,80
PLC00005566,Life,51.0,81
PLC00000874,Life,73.85,108
PLC00005818,Travel,94.26,49
PLC00006641,Travel,64.25,53
PLC00007789,Motor,112.08,33
PLC00009043,Mobile,10.93,61
PLC00004748,Mobile,7.97,89
PLC00007669,Mobile,7.81,21
PLC00006392,Health,158.37,95
PLC00004000,Mobile,8.79,103
PLC00001421,Health,137.19,69
PLC00002413,Health,176.58,24
PLC00001019,Motor,109.99,77
PLC00002598,Health,158.72,18
PLC00007019,Motor,119.96,60
PLC00003095,Motor,97.38,19
PLC00001707,Travel,88.15,35
PLC00002440,Property,107.4,36
PLC00009479,Travel,59.31,62
PLC00008380,Life,69.62,21
PLC00008805,Motor,88.61,78
PLC00009453,Health,166.77,103
PLC00002831,Travel,61.13,16
PLC00003922,Motor,123.23,99
PLC00008050,Travel,66.85,87
PLC00009350,Property,141.34,91
PLC00006014,Mobile,8.71,93
PLC00009333,Health,149.54,19
PLC00005992,Life,95.69,17
PLC00000435,Travel,89.61,96
PLC00006059,Health,135.64,39
PLC00000178,Mobile,8.65,76
PLC00001333,Travel,67.56,62
PLC00004018,Life,99.97,110
PLC00000725,Property,82.01,74
PLC00001221,Travel,83.92,51
PLC00003153,Mobile,8.71,58
PLC00005094,Life,56.84,9
PLC00008027,Life,80.83,43
PLC00004460,Motor,136.87,14
PLC00005280,Motor,88.31,108
PLC00008740,Mobile,7.71,17
PLC00004888,Health,176.39,84
PLC00007218,Motor,123.38,36
PLC00008839,Travel,55.71,34
PLC00000990,Mobile,9.82,105
PLC00006676,Mobile,10.34,67
PLC00005272,Travel,53.58,95
PLC00007524,Health,188.08,34
PLC00008779,Motor,94.36,85
PLC00007235,Travel,79.69,11
PLC00007370,Motor,120.04,62
PLC00008429,Life,50.07,8
PLC00004203,Mobile,9.93,51
PLC00009623,Health,100.84,26
PLC00007149,Life,73.51,16
PLC00002353,Property,112.76,62
PLC00008467,Life,72.79,55
PLC00005559,Property,124.64,19
PLC00002850,Travel,95.29,18
PLC00005073,Motor,112.24,53
PLC00003327,Motor,81.7,16
PLC00008438,Life,74.12,114
PLC00009839,Life,61.68,56
PLC00006772,Travel,71.38,85
PLC00009505,Mobile,8.78,9
PLC00003665,Mobile,11.71,40
PLC00000473,Health,197.91,100
PLC00003268,Health,127.15,21
PLC00003241,Life,97.16,47
PLC00008982,Motor,84.23,49
PLC00008558,Life,89.59,103
PLC00008462,Life,52.27,19
PLC00007971,Life,64.54,67
PLC00001158,Motor,111.37,93
PLC00007759,Mobile,6.81,45
PLC00003180,Health,109.26,93
PLC00003003,Life,69.13,79
PLC00002399,Mobile,11.83,40
PLC00002170,Travel,89.24,53
PLC00006063,Life,78.1,71
PLC00007781,Property,106.49,94
PLC00001209,Life,89.08,53
PLC00006061,Property,113.78,63
PLC00002853,Health,188.61,91
PLC00007867,Health,147.73,111
PLC00000334,Motor,95.38,38
PLC00009843,Property,83.03,84
PLC00006520,Life,78.91,11
PLC00002546,Life,83.18,82
PLC00005421,Motor,84.23,101
PLC00004644,Property,137.3,77
PLC00005480,Life,58.64,29
PLC00003126,Property,153.32,102
PLC00002802,Motor,118.53,64
PLC00007924,Mobile,11.98,68
PLC00005534,Property,130.54,76
PLC00001740,Health,110.72,25
PLC00008400,Life,63.1,62
PLC00007743,Health,180.03,69
PLC00000117,Motor,99.9,98
PLC00003345,Mobile,7.86,44
PLC00007342,Motor,120.34,12
PLC00007932,Health,197.74,52
PLC00006151,Motor,80.17,78
PLC00000028,Property,97.0,33
PLC00006357,Motor,102.35,114
PLC00007734,Travel,80.88,86
PLC00008714,Mobile,9.03,51
PLC00006242,Health,197.76,88
PLC00007540,Mobile,10.13,40
PLC00008936,Property,130.85,49
PLC00001297,Travel,99.41,102
PLC00000494,Motor,74.73,15
PLC00000754,Mobile,7.32,77
PLC00003629,Travel,90.5,110
PLC00003905,Life,94.5,86
PLC00007171,Property,107.5,38
PLC00004408,Motor,128.16,23
PLC00003273,Motor,76.86,14
PLC00003275,Mobile,9.1,18
PLC00008803,Health,147.98,73
PLC00000615,Mobile,6.64,103
PLC00002423,Travel,52.29,49
PLC00001449,Property,135.77,50
PLC00000699,Life,71.27,32
PLC00003877,Life,53.37,82
PLC00003600,Life,56.93,92
PLC00002615,Mobile,8.51,22
PLC00004261,Health,191.89,114
PLC00000263,Travel,69.21,26
PLC00002489,Motor,112.77,28
PLC00002515,Health,169.52,89
PLC00003025,Health,163.52,71
PLC00006039,Health,158.74,76
PLC00001097,Travel,64.8,38
PLC00007447,Health,125.35,24
PLC00003530,Life,66.04,115
PLC00007250,Mobile,7.59,89
PLC00005475,Mobile,9.42,16
PLC00007106,Health,154.29,111
PLC00003299,Motor,90.65,65
PLC00002551,Life,92.37,66
PLC00007741,Mobile,9.87,22
PLC00008217,Motor,73.89,27
PLC00009652,Motor,97.43,72
PLC00004181,Property,94.63,20
PLC00007200,Life,71.64,75
PLC00008000,Life,97.2,37
PLC00003611,Motor,74.5,20
PLC00007936,Travel,97.01,111
PLC00001819,Health,184.55,11
PLC00000525,Life,73.4,22
PLC00002217,Motor,108.63,87
PLC00006593,Life,98.04,70
PLC00008935,Health,159.1,38
PLC00007189,Property,113.28,37
PLC00007476,Mobile,7.95,62
PLC00000804,Motor,138.56,102
PLC00006699,Life,82.77,93
PLC00000008,Mobile,9.22,59
PLC00000437,Motor,110.0,92
PLC00006694,Travel,86.7,59
PLC00000095,Life,68.39,69
PLC00007137,Life,84.19,8
PLC00006716,Property,151.58,80
PLC00001785,Life,72.06,81
PLC00007775,Life,53.46,7
PLC00004758,Mobile,6.89,69
PLC00005068,Property,93.95,53
PLC00000228,Health,152.9,33
PLC00009231,Health,184.63,56
PLC00001270,Motor,93.54,107
PLC00008201,Travel,51.63,64
PLC00007989,Travel,82.76,26
PLC00005003,Health,152.74,80
PLC00008771,Property,109.16,11
PLC00003270,Mobile,11.03,111
PLC00008846,Mobile,9.12,80
PLC00001404,Mobile,7.98,86
PLC00000355,Mobile,7.81,61
PLC00008069,Health,154.65,72
PLC00007466,Travel,92.14,11
PLC00006883,Health,108.72,12
PLC00000389,Mobile,9.51,83
PLC00005111,Motor,139.05,56
PLC00008818,Mobile,9.58,64
PLC00006249,Life,56.95,64
PLC00000954,Health,120.5,103
PLC00005180,Mobile,7.97,73
PLC00005314,Mobile,11.88,13
PLC00003942,Health,132.34,79
PLC00005673,Health,154.58,77
PLC00007575,Travel,95.55,71
PLC00006705,Property,113.92,54
PLC00005115,Health,164.5,42
PLC00008904,Property,102.24,58
PLC00009749,Life,82.29,71
PLC00000085,Life,61.77,88
PLC00006146,Health,132.22,94
PLC00007913,Life,79.51,65
PLC00009255,Mobile,6.81,37
PLC00001616,Mobile,7.26,62
PLC00004410,Health,161.71,63
PLC00003943,Mobile,8.82,23
PLC00005785,Motor,102.41,62
PLC00000369,Motor,78.97,105
PLC00003911,Travel,82.01,9
PLC00008091,Travel,89.65,76
PLC00001416,Property,109.48,58
PLC00009817,Motor,86.65,100
PLC00005325,Life,87.6,24
PLC00008760,Travel,50.87,98
PLC00006058,Property,157.54,70
PLC00000312,Life,65.63,111
PLC00006391,Life,83.55,46
PLC00000902,Life,57.51,16
PLC00005722,Motor,90.17,7
PLC00008290,Property,101.4,54
PLC00005473,Property,99.88,29
PLC00002886,Health,143.47,115
PLC00009055,Life,55.24,86
PLC00006360,Life,71.1,81
PLC00005126,Motor,119.78,80
PLC00006203,Property,139.75,102
PLC00006934,Travel,68.83,12
PLC00003712,Mobile,7.03,105
PLC00005374,Mobile,7.08,71
PLC00003720,Health,127.34,54
PLC00008752,Health,170.45,46
PLC00002016,Travel,57.97,23
PLC00008528,Mobile,11.91,109
PLC00007087,Life,62.87,24
PLC00000087,Travel,88.24,13
PLC00003563,Mobile,8.58,86
PLC00000374,Property,97.16,66
PLC00002890,Travel,52.67,84
PLC00002133,Property,133.3,35
PLC00009499,Life,82.41,74
PLC00006568,Life,69.34,11
PLC00002332,Mobile,11.58,17
PLC00006583,Mobile,10.45,24
PLC00003061,Health,117.7,19
PLC00003393,Motor,92.16,100
PLC00004169,Health,175.9,59
PLC00004339,Property,95.57,7
PLC00004988,Property,152.95,86
PLC00009006,Mobile,10.53,15
PLC00007300,Life,96.35,117
PLC00009938,Travel,65.92,33
PLC00009594,Property,141.71,80
PLC00009442,Travel,90.04,105
PLC00007991,Motor,112.42,14
PLC00005987,Life,82.08,113
PLC00006307,Health,172.4,92
PLC00004978,Life,59.24,53
PLC00007665,Property,121.55,29
PLC00006140,Health,171.31,51
PLC00000386,Life,84.65,61
PLC00002337,Motor,138.64,7
PLC00005591,Life,61.19,80
PLC00009391,Property,109.2,13
PLC00006661,Mobile,11.49,74
PLC00005488,Travel,55.93,12
PLC00009592,Travel,81.34,78
PLC00001636,Health,112.39,113
PLC00004599,Life,70.97,84
PLC00004502,Life,87.95,39
PLC00002556,Motor,96.18,84
PLC00003464,Life,70.33,32
PLC00007621,Property,87.66,60
PLC00000724,Life,76.08,80
PLC00002291,Health,118.97,82
PLC00001890,Life,92.16,13
PLC00003020,Health,197.25,25
PLC00005015,Travel,79.88,85
PLC00001125,Mobile,8.25,96
PLC00006888,Life,96.12,94
PLC00003358,Health,163.21,58
PLC00003094,Motor,122.52,51
PLC00009164,Property,135.0,50
PLC00009276,Life,85.9,8
PLC00007170,Health,144.32,64
PLC00009663,Mobile,9.81,20
PLC00003718,Property,153.45,117
PLC00001525,Mobile,10.57,76
PLC00001375,Property,82.78,66
PLC00002898,Life,90.51,22
PLC00007002,Health,146.06,117
PLC00000113,Travel,87.28,34
PLC00004934,Mobile,10.4,9
PLC00000375,Health,189.07,111
PLC00003425,Property,125.28,6
PLC00005644,Health,183.45,73
PLC00000154,Property,97.82,113
PLC00002077,Travel,81.56,43
PLC00008484,Mobile,9.44,107
PLC00009715,Travel,74.85,55
PLC00009642,Mobile,7.02,92
PLC00004587,Property,113.73,109
PLC00003372,Health,170.12,69
PLC00009575,Life,51.18,28
PLC00007005,Motor,115.54,117
PLC00007959,Motor,104.23,97
PLC00004388,Mobile,9.06,76
PLC00008324,Travel,95.51,46
PLC00008124,Property,128.63,14
PLC00004341,Motor,79.81,30
PLC00009624,Property,133.4,86
PLC00003576,Mobile,11.66,11
PLC00000264,Mobile,11.24,61
PLC00008272,Health,169.27,108
PLC00002103,Life,52.1,33
PLC00008945,Motor,83.61,32
PLC00009506,Mobile,8.91,108
PLC00002897,Health,157.26,78
PLC00002448,Health,187.55,88
PLC00004389,Travel,83.72,15
PLC00003023,Travel,77.63,49
PLC00000938,Life,85.07,23
PLC00007251,Property,86.69,94
PLC00008912,Travel,64.48,48
PLC00009146,Motor,82.82,34
PLC00003932,Travel,91.6,71
PLC00005959,Mobile,11.35,16
PLC00001541,Travel,68.08,91
PLC00002475,Property,149.37,36
PLC00008927,Health,130.85,84
PLC00005900,Health,101.17,119
PLC00004235,Mobile,6.56,78
PLC00001163,Property,113.75,53
PLC00004253,Travel,59.65,69
PLC00000211,Property,126.64,53
PLC00009646,Life,57.35,76
PLC00004134,Travel,77.47,16
PLC00004011,Health,117.76,60
PLC00001937,Property,101.64,18
PLC00000797,Travel,81.86,12
PLC00004414,Property,135.94,54
PLC00009673,Motor,117.6,33
PLC00000844,Life,89.32,50
PLC00003151,Travel,53.96,94
PLC00008598,Motor,75.62,54
PLC00008068,Mobile,10.22,32
PLC00002600,Property,94.52,24
PLC00001372,Life,76.05,61
PLC00005452,Health,175.02,41
PLC00006831,Travel,94.21,19
PLC00008316,Property,116.72,11
PLC00004139,Health,164.28,60
PLC00004192,Travel,59.16,36
PLC00002136,Health,183.95,101
PLC00004546,Mobile,6.87,34
PLC00006013,Property,157.09,42
PLC00007597,Mobile,9.69,69
PLC00008759,Life,78.15,103
PLC00006319,Mobile,8.33,14
PLC00002036,Travel,73.06,108
PLC00000603,Mobile,11.28,94
PLC00001970,Property,134.7,7
PLC00009151,Mobile,11.74,94
PLC00000570,Health,127.42,109
PLC00002319,Mobile,11.64,103
PLC00003830,Mobile,7.69,71
PLC00004874,Property,138.49,111
PLC00002554,Property,121.69,27
PLC00004511,Mobile,10.99,78
PLC00005586,Travel,77.53,8
PLC00005808,Mobile,8.7,32
PLC00001146,Travel,78.46,101
PLC00009901,Health,112.92,41
PLC00004111,Mobile,6.77,65
PLC00008381,Motor,121.72,82
PLC00001068,Property,137.68,49
PLC00007551,Property,149.77,6
PLC00003936,Property,103.71,15
PLC00000516,Life,85.33,79
PLC00007742,Mobile,10.13,112
PLC00007967,Life,95.43,89
PLC00000675,Motor,75.06,11
PLC00005544,Property,152.24,77
PLC00003292,Motor,82.4,34
PLC00007701,Life,96.53,116
PLC00002238,Property,141.33,105
PLC00005337,Property,159.88,109
PLC00001078,Travel,84.85,27
PLC00004271,Travel,77.18,90
PLC00002274,Property,83.88,14
PLC00001479,Travel,84.82,13
PLC00006264,Life,60.68,63
PLC00003261,Travel,77.82,42
PLC00000118,Property,114.42,19
PLC00004191,Mobile,11.21,54
PLC00005923,Health,121.92,29
PLC00000583,Mobile,9.01,21
PLC00006921,Health,150.66,86
PLC00008713,Health,109.54,78
PLC00009208,Travel,87.24,66
PLC00006885,Health,145.81,21
PLC00000986,Motor,96.11,109
PLC00007409,Travel,51.3,88
PLC00002719,Motor,117.49,73
PLC00006900,Health,153.75,116
PLC00005265,Life,68.81,42
PLC00000339,Travel,84.67,37
PLC00002257,Health,121.07,77
PLC00006462,Health,153.52,108
PLC00005597,Mobile,7.57,83
PLC00004669,Travel,57.13,119
PLC00009495,Health,110.68,53
PLC00001104,Mobile,8.62,110
PLC00007410,Mobile,11.17,110
PLC00001378,Travel,67.96,105
PLC00008983,Health,117.83,18
PLC00005216,Property,126.45,117
PLC00001434,Motor,93.16,118
PLC00009932,Health,125.05,14
PLC00004863,Motor,117.15,18
PLC00002139,Motor,101.15,39
PLC00006110,Life,65.93,13
PLC00004298,Life,90.83,64
PLC00007121,Life,83.38,54
PLC00005617,Life,65.59,66
PLC00008278,Property,108.87,108
PLC00000235,Life,84.0,34
PLC00003810,Life,99.84,53
PLC00001355,Life,75.87,72
PLC00003973,Property,86.92,118
PLC00001487,Travel,58.06,7
PLC00003781,Life,92.73,30
PLC00004979,Travel,69.94,100
PLC00006030,Property,138.41,96
PLC00007414,Motor,85.0,65
PLC00007035,Mobile,11.87,58
PLC00006758,Travel,93.7,79
PLC00001828,Property,146.79,90
PLC00006168,Travel,94.66,119
PLC00005023,Mobile,10.48,114
PLC00003797,Mobile,11.17,68
PLC00000423,Property,93.07,11
PLC00000723,Life,88.54,73
PLC00005171,Motor,91.32,29
PLC00007614,Motor,74.2,68
PLC00002668,Travel,60.28,35
PLC00005680,Mobile,8.04,51
PLC00002412,Property,129.93,91
PLC00004237,Travel,88.61,99
PLC00003538,Life,99.32,109
PLC00003262,Life,76.31,14
PLC00004742,Life,54.77,12
PLC00000137,Motor,120.64,106
PLC00006945,Motor,70.97,38
PLC00009960,Property,120.31,60
PLC00005739,Motor,95.58,77
PLC00002638,Life,70.67,107
PLC00008674,Mobile,8.95,34
PLC00009014,Health,114.62,10
PLC00004696,Travel,56.35,66
PLC00006049,Motor,105.1,42
PLC00004275,Motor,129.6,14
PLC00000864,Property,103.84,28
PLC00000155,Life,76.92,11
PLC00004648,Life,52.27,19
PLC00008023,Property,119.41,118
PLC00007061,Motor,110.18,111
PLC00006202,Property,138.3,72
PLC00001687,Motor,90.58,56
PLC00003624,Life,79.2,111
PLC00003290,Mobile,9.01,114
PLC00003590,Mobile,10.6,100
PLC00002297,Life,78.25,75
PLC00003894,Health,189.5,84
PLC00001249,Travel,81.08,117
PLC00005300,Travel,58.06,59
PLC00008294,Life,84.71,76
PLC00007437,Life,60.5,37
PLC00000330,Property,88.69,16
PLC00009814,Life,87.37,37
PLC00008566,Health,134.56,60
PLC00003856,Life,73.52,26
PLC00007920,Property,90.99,69
PLC00007951,Property,91.18,80
PLC00001042,Property,130.1,31
PLC00009513,Travel,52.64,37
PLC00002586,Life,94.85,43
PLC00005319,Motor,131.91,95
PLC00000461,Mobile,8.91,94
PLC00008978,Mobile,9.9,31
PLC00000740,Property,103.84,27
PLC00000280,Mobile,11.54,23
PLC00005191,Property,95.27,28
PLC00004802,Property,107.09,78
PLC00005511,Property,147.47,111
PLC00002927,Travel,83.45,114
PLC00000035,Motor,89.42,70
PLC00009917,Motor,130.36,73
PLC00001535,Travel,58.22,9
PLC00008672,Travel,98.94,22
PLC00004586,Motor,124.09,58
PLC00000830,Health,112.24,17
PLC00000314,Mobile,6.08,68
PLC00004234,Life,65.38,115
PLC00006505,Travel,62.69,118
PLC00007256,Life,59.95,92
PLC00007749,Motor,85.43,40
PLC00004723,Health,101.98,72
PLC00009564,Property,138.44,13
PLC00003910,Life,82.0,104
PLC00001005,Motor,106.34,118
PLC00005692,Travel,96.92,58
PLC00006939,Property,148.1,30
PLC00009352,Motor,114.01,47
PLC00002110,Mobile,6.89,109
PLC00001635,Travel,62.69,77
PLC00005344,Mobile,10.5,62
PLC00006037,Travel,94.47,48
PLC00007559,Mobile,11.04,68
PLC00007997,Mobile,7.52,68
PLC00001569,Motor,99.04,8
PLC00000528,Travel,80.52,111
PLC00007703,Health,120.27,25
PLC00001995,Travel,50.81,64
PLC00005407,Mobile,6.88,21
PLC00007568,Life,51.65,34
PLC00000985,Motor,136.11,7
PLC00008221,Mobile,7.83,71
PLC00006029,Health,106.91,95
PLC00000213,Mobile,9.55,27
PLC00006728,Property,156.0,67
PLC00002492,Health,135.81,32
PLC00005627,Motor,128.46,99
PLC00002544,Property,94.52,64
PLC00005652,Life,80.12,79
PLC00005615,Property,152.3,79
PLC00006074,Mobile,9.18,74
PLC00003609,Travel,79.46,55
PLC00001229,Health,155.7,94
PLC00004103,Mobile,9.86,74
PLC00006122,Life,99.12,115
PLC00008489,Property,118.39,101
PLC00006662,Mobile,11.57,110
PLC00008049,Health,128.18,110
PLC00000972,Life,54.97,81
PLC00004617,Travel,75.61,82
PLC00008258,Life,69.63,8
PLC00001167,Motor,128.51,119
PLC00004131,Life,92.96,16
PLC00003426,Life,63.0,39
PLC00000934,Mobile,6.67,79
PLC00004626,Travel,85.59,80
PLC00003738,Property,104.55,56
PLC00002943,Mobile,9.63,13
PLC00007010,Property,142.51,110
PLC00005292,Mobile,11.92,74
PLC00003465,Mobile,6.22,53
PLC00002654,Health,114.82,108
PLC00004986,Mobile,6.86,19
PLC00009250,Property,133.11,72
PLC00007282,Life,75.88,94
PLC00002642,Life,76.84,59
PLC00004638,Motor,105.39,105
PLC00009511,Motor,138.26,43
PLC00008366,Motor,138.89,88
PLC00003779,Property,84.59,47
PLC00004293,Travel,67.66,25
PLC00002685,Property,122.18,51
PLC00006365,Mobile,9.0,77
PLC00007248,Motor,80.01,69
PLC00000365,Motor,107.19,72
PLC00009783,Travel,66.91,38
PLC00000466,Life,62.02,101
PLC00001365,Travel,69.53,75
PLC00006437,Travel,57.84,57
PLC00000992,Mobile,9.04,112
PLC00005792,Travel,54.87,102
PLC00004727,Health,151.88,104
PLC00002197,Mobile,9.26,21
PLC00007835,Mobile,7.89,32
PLC00003495,Life,57.44,51
PLC00006231,Mobile,11.79,49
PLC00002652,Travel,64.91,97
PLC00009670,Travel,81.33,33
PLC00006610,Motor,133.69,108
PLC00005321,Property,121.32,112
PLC00004813,Life,87.35,58
PLC00001872,Property,135.83,111
PLC00008140,Motor,106.78,22
PLC00001341,Motor,95.43,47
PLC00001410,Mobile,10.54,23
PLC00004079,Health,105.72,104
PLC00002159,Travel,84.81,108
PLC00004393,Property,109.7,74
PLC00005100,Travel,84.78,101
PLC00001838,Life,80.37,9
PLC00006518,Mobile,8.17,52
PLC00007982,Life,74.46,110
PLC00007016,Life,85.24,25
PLC00001596,Health,199.11,82
PLC00007762,Travel,63.17,99
PLC00006139,Motor,124.74,19
PLC00000931,Health,198.13,44
PLC00003748,Travel,65.19,10
PLC00006262,Mobile,7.14,101
PLC00009791,Health,147.18,39
PLC00008128,Property,117.35,15
PLC00002614,Mobile,6.41,31
PLC00001831,Health,126.78,43
PLC00007213,Property,89.51,60
PLC00009678,Life,76.66,94
PLC00006303,Mobile,9.13,88
PLC00007973,Mobile,8.6,100
PLC00006273,Mobile,6.2,55
PLC00008755,Mobile,9.95,51
PLC00004214,Life,89.01,30
PLC00009515,Property,152.05,14
PLC00006406,Motor,88.37,94
PLC00004647,Motor,88.51,98
PLC00009669,Health,100.41,108
PLC00008265,Travel,67.57,14
PLC00007081,Life,69.09,57
PLC00003559,Travel,72.25,87
PLC00005169,Life,64.82,80
PLC00006842,Travel,51.12,56
PLC00008500,Health,172.73,72
PLC00007284,Travel,98.17,95
PLC00005669,Mobile,10.56,6
PLC00001555,Travel,69.97,23
PLC00009731,Motor,128.31,32
PLC00006065,Mobile,10.46,47
PLC00001919,Property,97.47,97
PLC00009799,Health,177.96,92
PLC00005011,Property,108.99,82
PLC00003099,Life,68.84,51
PLC00006382,Travel,89.08,93
PLC00007615,Health,192.76,38
PLC00007490,Property,158.23,22
PLC00004649,Health,109.91,65
PLC00006259,Life,85.88,15
PLC00005801,Mobile,9.22,74
PLC00009636,Travel,89.39,101
PLC00008764,Mobile,11.54,95
PLC00002576,Health,139.87,54
PLC00001081,Travel,91.4,16
PLC00001851,Mobile,8.73,40
PLC00003202,Health,194.46,60
PLC00005724,Motor,78.13,99
PLC00004040,Travel,71.62,88
PLC00002871,Life,75.88,96
PLC00007569,Health,161.21,15
PLC00003380,Mobile,10.86,6
PLC00007860,Motor,102.25,28
PLC00002026,Health,167.69,13
PLC00002542,Motor,115.16,91
PLC00006556,Life,60.94,32
PLC00005753,Travel,95.65,91
PLC00001480,Travel,94.08,67
PLC00009235,Property,107.29,44
PLC00006438,Health,121.77,60
PLC00003875,Property,115.1,30
PLC00009354,Travel,79.76,111
PLC00007283,Motor,115.19,94
PLC00000286,Property,127.12,48
PLC00004980,Motor,75.73,92
PLC00001829,Mobile,11.5,90
PLC00004024,Life,78.79,35
PLC00001671,Travel,85.75,85
PLC00004028,Health,105.31,86
PLC00007557,Property,134.58,99
PLC00007165,Health,182.57,74
PLC00009065,Health,108.83,43
PLC00006706,Health,153.41,15
PLC00009003,Motor,132.48,115
PLC00002788,Travel,72.79,80
PLC00005034,Travel,67.4,95
PLC00000150,Travel,71.32,28
PLC00007563,Travel,90.41,115
PLC00002127,Life,82.87,65
PLC00005277,Travel,99.29,68
PLC00007571,Mobile,8.07,35
PLC00006628,Travel,87.72,95
PLC00001857,Motor,133.98,111
PLC00007906,Travel,68.66,16
PLC00006711,Property,117.85,67
PLC00000503,Mobile,6.74,100
PLC00008457,Property,150.99,115
PLC00002442,Health,151.96,42
PLC00005417,Motor,76.14,95
PLC00005116,Life,79.0,78
PLC00000472,Travel,86.8,37
PLC00009690,Motor,81.79,70
PLC00002653,Life,90.67,38
PLC00000927,Property,94.25,69
PLC00007723,Health,126.69,16
PLC00004338,Life,74.05,35
PLC00006407,Property,102.2,73
PLC00001952,Health,177.75,89
PLC00000399,Motor,100.08,27
PLC00004215,Mobile,9.82,102
PLC00005397,Health,124.82,111
PLC00000915,Property,116.19,63
PLC00009780,Life,85.1,101
PLC00003018,Motor,102.5,54
PLC00001557,Health,122.44,39
PLC00003628,Travel,62.62,84
PLC00008072,Travel,89.81,104
PLC00006766,Health,145.66,106
PLC00000125,Property,124.11,82
PLC00002912,Mobile,6.08,59
PLC00004912,Mobile,9.92,42
PLC00008339,Life,73.79,103
PLC00005164,Property,103.07,26
PLC00003703,Life,91.81,35
PLC00006668,Health,129.45,20
PLC00008455,Life,74.66,71
PLC00008505,Property,159.54,40
PLC00007396,Motor,99.21,12
PLC00004604,Motor,102.17,71
PLC00008741,Travel,99.05,101
PLC00008481,Motor,101.56,9
PLC00009296,Travel,76.08,71
PLC00000397,Mobile,7.22,81
PLC00006737,Life,71.99,88
PLC00002686,Property,95.2,95
PLC00000490,Travel,60.22,113
PLC00000183,Health,100.32,68
PLC00008852,Motor,130.43,7
PLC00000132,Property,107.35,44
PLC00007305,Property,109.7,56
PLC00001620,Health,142.57,83
PLC00009187,Travel,66.54,107
PLC00001708,Mobile,8.22,46
PLC00006780,Travel,74.55,59
PLC00001028,Motor,103.18,34
PLC00005341,Motor,120.12,88
PLC00001418,Motor,120.8,30
PLC00001889,Mobile,11.11,95
PLC00006833,Property,113.66,64
PLC00008439,Property,114.41,34
PLC00008142,Motor,116.37,112
PLC00004796,Property,97.91,102
PLC00000463,Life,90.49,79
PLC00003988,Travel,54.65,7
PLC00008271,Life,91.34,6
PLC00003562,Travel,53.99,71
PLC00007094,Life,95.05,89
PLC00003035,Life,82.98,110
PLC00009469,Life,99.28,118
PLC00002118,Life,66.59,57
PLC00001547,Travel,56.44,48
PLC00002261,Motor,134.48,20
PLC00007501,Travel,91.57,53
PLC00004381,Property,155.29,10
PLC00001750,Health,183.14,9
PLC00008322,Property,91.18,96
PLC00007368,Life,54.33,108
PLC00001571,Property,155.14,92
PLC00006989,Property,144.74,45
PLC00000853,Travel,69.15,57
PLC00003033,Travel,83.19,119
PLC00007198,Life,93.68,68
PLC00005484,Life,74.74,116
PLC00009962,Travel,87.31,93
PLC00000189,Motor,135.99,80
PLC00004003,Property,153.29,77
PLC00001168,Travel,79.87,88
PLC00001633,Property,152.43,84
PLC00005136,Motor,112.99,19
PLC00008311,Motor,112.15,27
PLC00007816,Life,68.8,26
PLC00004709,Life,65.5,19
PLC00000562,Health,181.51,84
PLC00003138,Life,65.39,47
PLC00008075,Motor,96.01,24
PLC00005043,Property,107.62,64
PLC00007956,Life,64.77,73
PLC00003673,Life,77.03,113
PLC00005690,Property,151.84,95
PLC00009253,Health,174.15,47
PLC00007544,Property,82.38,92
PLC00008306,Mobile,9.25,55
PLC00009943,Travel,91.27,61
PLC00004932,Mobile,8.06,37
PLC00001219,Health,159.16,47
PLC00004741,Health,162.71,71
PLC00009386,Mobile,11.11,53
PLC00004886,Travel,68.55,43
PLC00003638,Mobile,8.76,7
PLC00002447,Health,153.81,68
PLC00002181,Health,106.24,48
PLC00002225,Life,90.61,25
PLC00009568,Mobile,8.19,28
PLC00002106,Motor,111.62,96
PLC00000191,Property,82.49,17
PLC00007120,Life,93.32,111
PLC00006598,Motor,133.84,94
PLC00003670,Motor,74.2,32
PLC00000315,Health,154.62,62
PLC00008118,Travel,75.29,9
PLC00001913,Health,193.9,46
PLC00002278,Motor,91.8,101
PLC00009190,Health,150.19,89
PLC00006727,Life,87.34,29
PLC00004032,Property,98.02,52
PLC00000884,Motor,84.18,89
PLC00001549,Life,66.51,97
PLC00008620,Travel,64.86,54
PLC00008717,Health,120.29,18
PLC00008131,Motor,71.29,116
PLC00008192,Life,90.13,36
PLC00007299,Health,131.18,106
PLC00004655,Mobile,6.26,24
PLC00005809,Health,162.79,107
PLC00004685,Motor,139.72,113
PLC00006794,Life,67.37,39
PLC00005345,Motor,116.11,53
PLC00001264,Health,187.36,25
PLC00007357,Mobile,7.91,30
PLC00007160,Health,127.89,23
PLC00002590,Life,64.59,92
PLC00001879,Travel,78.56,104
PLC00006276,Travel,55.74,58
PLC00004548,Travel,52.09,113
PLC00004048,Travel,81.78,19
PLC00008478,Travel,68.46,69
PLC00003181,Health,143.22,80
PLC00007314,Mobile,10.21,29
PLC00009892,Life,59.17,37
PLC00007675,Mobile,11.9,33
PLC00006149,Travel,97.13,42
PLC00000377,Motor,73.94,100
PLC00002172,Health,152.23,93
PLC00001011,Health,108.83,64
PLC00007280,Motor,132.44,108
PLC00006125,Travel,65.45,82
PLC00007683,Property,151.19,107
PLC00000734,Life,89.51,45
PLC00007290,Mobile,6.36,102
PLC00008643,Health,154.16,84
PLC00001120,Life,94.69,107
PLC00008100,Motor,102.09,29
PLC00001296,Life,61.58,36
PLC00001794,Life,57.37,86
PLC00003184,Health,154.2,57
PLC00002913,Health,110.0,54
PLC00009156,Travel,78.4,119
PLC00006113,Travel,51.34,20
PLC00005302,Mobile,11.6,87
PLC00003952,Motor,134.87,22
PLC00000947,Mobile,6.08,10
PLC00003448,Property,92.62,56
PLC00005618,Travel,92.2,85
PLC00008571,Travel,62.24,100
PLC00009363,Health,148.21,96
PLC00003224,Motor,139.1,16
PLC00008474,Mobile,9.11,116
PLC00007232,Property,149.45,63
PLC00005509,Property,124.8,64
PLC00003645,Travel,54.29,52
PLC00008866,Mobile,8.64,50
PLC00005974,Mobile,9.72,60
PLC00007996,Health,180.88,38
PLC00000078,Property,130.57,41
PLC00007412,Property,83.51,32
PLC00002704,Motor,125.96,54
PLC00007327,Motor,124.23,79
PLC00004535,Motor,121.35,39
PLC00001452,Property,80.07,116
PLC00009933,Travel,81.79,108
PLC00008477,Mobile,7.98,30
PLC00009152,Life,88.01,113
PLC00004168,Life,67.5,104
PLC00000172,Motor,132.19,6
PLC00002344,Travel,96.39,23
PLC00003516,Mobile,6.0,14
PLC00008689,Travel,87.93,59
PLC00007180,Mobile,8.87,58
PLC00009927,Life,82.99,92
PLC00007795,Health,162.81,44
PLC00000217,Mobile,11.19,37
PLC00005323,Life,92.23,78
PLC00008975,Travel,71.27,40
PLC00007207,Mobile,9.55,44
PLC00001826,Motor,82.99,39
PLC00001304,Motor,71.32,35
PLC00008028,Life,61.44,92
PLC00007011,Mobile,6.76,90
PLC00002434,Travel,79.9,93
PLC00006346,Property,159.35,112
PLC00008015,Travel,70.77,40
PLC00004842,Property,101.07,92
PLC00002588,Property,116.66,66
PLC00008662,Mobile,11.48,57
PLC00001565,Travel,89.53,103
PLC00000445,Mobile,10.99,84
PLC00001619,Health,115.56,19
PLC00009406,Motor,128.65,28
PLC00002538,Mobile,7.16,59
PLC00008116,Property,115.74,22
PLC00008117,Travel,56.7,71
PLC00000922,Travel,89.54,100
PLC00007288,Motor,127.24,117
PLC00009314,Travel,80.94,68
PLC00008827,Property,104.05,106
PLC00006349,Motor,108.7,66
PLC00004107,Travel,64.58,75
PLC00004212,Mobile,8.98,89
PLC00006328,Motor,136.06,80
PLC00001403,Health,113.03,101
PLC00003846,Travel,77.66,19
PLC00004613,Travel,57.89,95
PLC00001534,Property,152.84,37
PLC00003012,Mobile,9.05,115
PLC00005943,Life,71.72,111
PLC00002510,Life,51.75,62
PLC00007548,Health,199.67,11
PLC00002401,Life,87.21,34
PLC00001877,Property,121.77,91
PLC00008025,Travel,82.72,96
PLC00002052,Travel,73.46,90
PLC00005529,Life,68.39,99
PLC00005335,Mobile,9.75,59
PLC00001289,Life,93.37,49
PLC00007601,Travel,60.15,117
PLC00005425,Mobile,10.37,107
PLC00004255,Motor,72.36,64
PLC00004309,Property,117.04,34
PLC00008989,Property,102.45,92
PLC00009191,Property,116.87,60
PLC00000244,Motor,129.58,93
PLC00008187,Property,141.85,89
PLC00000893,Mobile,10.2,79
PLC00009888,Motor,114.12,75
PLC00007157,Life,97.75,59
PLC00000297,Travel,74.05,102
PLC00003754,Mobile,7.61,66
PLC00003775,Motor,73.13,70
PLC00009201,Travel,67.26,80
PLC00006720,Health,163.87,79
PLC00001844,Property,83.4,115
PLC00008769,Mobile,9.96,36
PLC00003582,Life,68.7,65
PLC00004538,Travel,66.81,7
PLC00001036,Travel,51.46,55
PLC00008175,Mobile,10.18,107
PLC00008934,Property,81.68,106
PLC00003842,Mobile,10.59,25
PLC00004133,Travel,52.57,97
PLC00001114,Mobile,11.38,77
PLC00007225,Health,121.86,103
PLC00009743,Travel,62.59,69
PLC00009295,Travel,84.33,104
PLC00003574,Travel,83.33,51
PLC00003346,Mobile,6.76,65
PLC00002032,Life,55.52,89
PLC00001131,Mobile,11.19,60
PLC00002083,Motor,129.79,38
PLC00001606,Health,125.04,86
PLC00005918,Health,131.63,30
PLC00003508,Life,83.96,10
PLC00008651,Mobile,8.58,45
PLC00002125,Motor,113.72,79
PLC00008230,Mobile,9.77,28
PLC00006600,Property,131.28,114
PLC00005703,Property,113.42,37
PLC00002889,Life,53.51,37
PLC00002246,Travel,77.44,34
PLC00007953,Life,97.07,35
PLC00002427,Life,59.98,108
PLC00005780,Property,104.56,62
PLC00005880,Mobile,10.93,68
PLC00008610,Mobile,11.73,19
PLC00007576,Property,121.35,15
PLC00000282,Health,143.22,47
PLC00005540,Mobile,10.87,95
PLC00001451,Mobile,8.19,41
PLC00007497,Mobile,11.98,94
PLC00007600,Motor,73.48,112
PLC00004761,Life,53.02,43
PLC00000748,Mobile,6.08,64
PLC00009562,Travel,93.52,34
PLC00003263,Motor,129.79,114
PLC00002631,Travel,84.34,34
PLC00002990,Property,100.96,22
PLC00004379,Property,121.23,102
PLC00005649,Health,189.65,71
PLC00009322,Health,179.06,105
PLC00007261,Health,145.43,46
PLC00004836,Mobile,10.66,72
PLC00004034,Property,114.21,49
PLC00001240,Property,124.11,117
PLC00003256,Property,148.17,117
PLC00003992,Property,122.57,115
PLC00008096,Motor,72.96,29
PLC00006665,Life,77.87,33
PLC00001077,Mobile,10.29,73
PLC00003840,Motor,97.37,40
PLC00002158,Motor,119.44,105
PLC00008995,Property,92.58,45
PLC00004017,Mobile,10.27,94
PLC00001983,Life,56.93,27
PLC00001474,Property,142.93,27
PLC00002915,Life,59.15,82
PLC00002888,Property,150.26,63
PLC00007448,Property,159.2,32
PLC00005611,Property,129.87,105
PLC00004468,Motor,114.16,116
PLC00004876,Life,65.62,64
PLC00005433,Health,178.3,110
PLC00007650,Mobile,6.52,93
PLC00007896,Life,75.9,65
PLC00001268,Property,115.42,28
PLC00004896,Health,186.6,84
PLC00001154,Mobile,8.44,88
PLC00007862,Travel,78.24,89
PLC00004326,Life,61.12,12
PLC00006166,Property,81.75,17
PLC00002885,Motor,87.51,84
PLC00006235,Property,147.74,68
PLC00005168,Health,190.93,8
PLC00001795,Health,135.65,66
PLC00003843,Travel,63.94,80
PLC00001822,Mobile,9.34,99
PLC00005252,Motor,111.68,69
PLC00000823,Motor,137.49,97
PLC00006094,Life,73.71,10
PLC00005934,Travel,82.27,76
PLC00007999,Mobile,10.88,50
PLC00007111,Motor,95.05,44
PLC00008239,Health,178.93,100
PLC00003653,Motor,107.14,12
PLC00005575,Mobile,6.09,77
PLC00006041,Mobile,9.0,28
PLC00002703,Life,80.45,61
PLC00000131,Life,55.02,7
PLC00004238,Life,61.47,30
PLC00001986,Mobile,9.9,64
PLC00007294,Travel,85.14,14
PLC00006741,Mobile,7.75,47
PLC00000010,Mobile,11.63,51
PLC00001483,Property,150.81,89
PLC00003013,Motor,84.81,58
PLC00000656,Travel,83.75,55
PLC00008332,Health,182.21,105
PLC00003647,Property,88.05,8
PLC00009980,Property,93.17,50
PLC00005660,Life,53.26,92
PLC00008535,Mobile,9.82,20
PLC00008666,Motor,71.18,21
PLC00004126,Travel,79.96,79
PLC00001796,Mobile,9.44,119
PLC00002826,Property,102.42,91
PLC00000745,Motor,135.49,48
PLC00007744,Health,150.23,100
PLC00003118,Health,183.42,96
PLC00004850,Health,181.6,107
PLC00003727,Mobile,6.62,117
PLC00008472,Health,132.69,113
PLC00009463,Health,165.96,45
PLC00006561,Life,80.0,114
PLC00005848,Motor,73.62,32
PLC00001560,Health,197.5,86
PLC00007693,Travel,61.54,49
PLC00007769,Health,159.55,30
PLC00007092,Life,55.99,112
PLC00008085,Travel,77.35,46
PLC00003511,Motor,134.54,38
PLC00003621,Travel,79.2,74
PLC00000256,Life,68.14,61
PLC00002907,Travel,69.24,86
PLC00000364,Motor,134.61,115
PLC00008886,Travel,69.39,45
PLC00009027,Travel,59.5,94
PLC00001107,Mobile,9.08,96
PLC00000233,Property,86.48,33
PLC00004158,Mobile,11.44,101
PLC00004858,Life,96.82,64
PLC00008469,Property,151.9,86
PLC00007565,Motor,81.88,76
PLC00004710,Travel,67.3,113
PLC00001494,Mobile,6.78,119
PLC00002521,Life,64.16,118
PLC00009902,Health,147.7,117
PLC00008165,Life,57.19,34
PLC00008166,Life,91.63,57
PLC00003684,Mobile,8.69,9
PLC00000811,Motor,121.9,19
PLC00004807,Motor,116.5,28
PLC00006639,Life,70.51,35
PLC00007243,Travel,55.12,84
PLC00005053,Life,89.14,37
PLC00003739,Life,87.24,30
PLC00001869,Health,147.77,83
PLC00009349,Mobile,10.53,7
PLC00006732,Motor,133.46,43
PLC00009586,Property,97.29,52
PLC00006456,Motor,125.71,73
PLC00006870,Health,175.3,66
PLC00007335,Travel,72.9,25
PLC00008401,Mobile,10.83,111
PLC00000124,Motor,120.33,49
PLC00007093,Travel,76.38,100
PLC00004300,Mobile,10.31,93
PLC00008829,Travel,86.48,81
PLC00007158,Health,199.73,29
PLC00007711,Health,177.42,106
PLC00002307,Mobile,6.24,20
PLC00003784,Motor,136.69,41
PLC00008525,Mobile,6.88,110
PLC00008832,Health,109.55,109
PLC00009829,Property,153.51,18
PLC00004183,Mobile,8.6,97
PLC00006850,Motor,110.3,63
PLC00004558,Health,139.82,111
PLC00000530,Mobile,11.13,28
PLC00007916,Life,95.46,37
PLC00002196,Mobile,8.69,18
PLC00000019,Health,196.25,54
PLC00009611,Property,114.39,58
PLC00007910,Property,142.65,92
PLC00004699,Life,81.36,100
PLC00007520,Life,94.99,43
PLC00001295,Mobile,7.09,15
PLC00005921,Motor,138.95,99
PLC00000950,Life,62.86,83
PLC00005483,Motor,120.94,100
PLC00001460,Motor,72.61,18
PLC00004484,Health,194.05,49
PLC00001993,Property,97.1,49
PLC00001261,Health,133.24,26
PLC00004518,Life,61.02,97
PLC00005778,Travel,96.74,44
PLC00003265,Life,97.17,118
PLC00000081,Travel,69.47,103
PLC00009277,Travel,62.05,71
PLC00002266,Travel,72.3,68
PLC00005956,Travel,65.66,36
PLC00000242,Motor,109.2,97
PLC00003872,Health,198.57,117
PLC00006958,Travel,95.58,14
PLC00003310,Property,103.22,43
PLC00003430,Mobile,6.7,54
PLC00000582,Property,152.5,106
PLC00008842,Travel,70.38,118
PLC00000584,Life,71.26,7
PLC00009806,Travel,98.51,64
PLC00008237,Motor,92.6,26
PLC00008589,Travel,62.18,82
PLC00004263,Health,115.64,72
PLC00004910,Motor,78.41,113
PLC00005427,Travel,99.44,57
PLC00006043,Life,74.94,103
PLC00004372,Mobile,7.6,39
PLC00003685,Mobile,7.74,71
PLC00007708,Motor,123.49,98
PLC00002724,Motor,121.52,107
PLC00008847,Life,81.23,13
PLC00006511,Health,140.63,33
PLC00002031,Mobile,8.84,21
PLC00004416,Property,157.16,76
PLC00002981,Property,138.84,58
PLC00008412,Health,136.47,91
PLC00005220,Health,165.7,96
PLC00003065,Life,81.01,114
PLC00000515,Life,56.14,22
PLC00009929,Life,65.86,39
PLC00000039,Motor,107.24,78
PLC00005568,Property,152.69,119
PLC00001142,Travel,63.3,76
PLC00001654,Mobile,10.98,52
PLC00008508,Life,77.16,81
PLC00001863,Property,93.37,116
PLC00003236,Life,53.15,15
PLC00007934,Life,98.31,79
PLC00008321,Property,125.82,39
PLC00001384,Motor,93.91,40
PLC00002568,Travel,63.39,100
PLC00004427,Life,76.67,80
PLC00000268,Property,102.14,54
PLC00003667,Property,84.79,78
PLC00002655,Health,189.7,56
PLC00005954,Health,146.96,10
PLC00005424,Travel,81.61,95
PLC00000110,Property,113.98,46
PLC00007042,Property,139.56,17
PLC00006413,Travel,80.64,49
PLC00007875,Life,78.04,95
PLC00000538,Mobile,6.36,101
PLC00007110,Property,88.17,70
PLC00000691,Mobile,6.89,19
PLC00001790,Motor,124.08,99
PLC00009618,Motor,88.66,76
PLC00004325,Property,111.03,11
PLC00006327,Travel,59.49,50
PLC00003479,Travel,87.53,23
PLC00002645,Property,80.69,104
PLC00008604,Travel,73.69,102
PLC00001116,Mobile,8.62,67
PLC00001058,Health,107.57,17
PLC00007504,Mobile,6.27,74
PLC00007210,Property,107.12,74
PLC00009983,Health,180.87,63
PLC00009396,Mobile,7.94,12
PLC00008864,Travel,66.78,35
PLC00006288,Health,137.84,40
PLC00008511,Life,53.55,22
PLC00000956,Mobile,6.81,91
PLC00003363,Health,106.13,8
PLC00005938,Health,139.51,31
PLC00003541,Mobile,11.91,43
PLC00005027,Property,92.43,69
PLC00005931,Life,50.54,98
PLC00003849,Mobile,8.94,14
PLC00009816,Health,137.09,115
PLC00001450,Motor,72.92,60
PLC00005118,Mobile,6.25,43
PLC00007605,Life,92.0,99
PLC00006421,Life,96.55,91
PLC00001603,Travel,86.13,45
PLC00005406,Property,103.84,64
PLC00007428,Mobile,6.17,48
PLC00004236,Motor,109.19,33
PLC00009665,Motor,78.36,25
PLC00007457,Mobile,7.59,73
PLC00002838,Motor,81.92,23
PLC00006387,Travel,54.42,94
PLC00006223,Travel,84.1,103
PLC00000846,Mobile,7.14,92
PLC00001382,Motor,107.21,72
PLC00002153,Motor,124.03,33
PLC00003918,Mobile,11.76,9
PLC00001618,Health,157.1,61
PLC00008522,Mobile,10.16,6
PLC00006083,Mobile,10.12,111
PLC00006380,Property,138.37,28
PLC00001492,Life,71.96,39
PLC00004331,Property,126.08,54
PLC00008491,Mobile,6.05,63
PLC00004902,Motor,116.3,30
PLC00005863,Health,163.32,60
PLC00006632,Health,102.64,25
PLC00009518,Mobile,9.66,95
PLC00002069,Mobile,10.92,75
PLC00007526,Life,89.23,78
PLC00005679,Health,122.03,26
PLC00007902,Health,122.18,27
PLC00002548,Life,59.9,69
PLC00006484,Motor,118.32,29
PLC00001685,Motor,122.73,78
PLC00000937,Property,124.25,50
PLC00007338,Mobile,11.6,44
PLC00003218,Mobile,8.63,80
PLC00008758,Life,61.07,14
PLC00007796,Property,103.53,67
PLC00007393,Motor,73.62,91
PLC00001653,Mobile,11.04,39
PLC00006745,Property,149.42,61
PLC00005773,Life,93.02,88
PLC00006782,Property,129.56,80
PLC00006389,Travel,61.47,87
PLC00003006,Motor,95.86,22
PLC00005052,Travel,74.35,119
PLC00006379,Health,128.77,96
PLC00005637,Property,156.89,103
PLC00008051,Mobile,6.07,79
PLC00007546,Mobile,7.01,96
PLC00005364,Property,154.29,47
PLC00000180,Mobile,11.89,44
PLC00009323,Health,152.25,76
PLC00007192,Health,163.69,8
PLC00005698,Life,79.41,60
PLC00003239,Travel,81.98,29
PLC00007054,Mobile,11.52,9
PLC00002234,Travel,61.05,45
PLC00007527,Travel,79.23,53
PLC00000253,Mobile,10.6,55
PLC00007750,Property,106.89,109
PLC00009347,Mobile,10.21,31
PLC00001226,Life,85.63,28
PLC00005906,Travel,66.89,77
PLC00002820,Motor,90.25,103
PLC00004313,Property,132.81,46
PLC00004340,Mobile,9.62,65
PLC00000942,Motor,73.49,93
PLC00005803,Mobile,6.49,101
PLC00007721,Travel,99.03,8
PLC00005953,Travel,54.56,86
PLC00003113,Health,123.59,79
PLC00006884,Travel,64.44,55
PLC00002765,Life,95.52,99
PLC00000837,Health,163.17,79
PLC00001623,Life,72.64,39
PLC00007254,Life,71.06,42
PLC00005899,Motor,92.6,45
PLC00000060,Health,160.26,65
PLC00000614,Mobile,9.04,41
PLC00007195,Property,120.01,13
PLC00003280,Property,110.24,116
PLC00000622,Life,90.91,28
PLC00006552,Life,97.78,56
PLC00004754,Travel,60.4,26
PLC00005086,Motor,104.07,84
PLC00000961,Mobile,7.68,18
PLC00001246,Mobile,9.72,62
PLC00004486,Mobile,6.71,60
PLC00002751,Life,50.8,31
PLC00000309,Health,163.79,116
PLC00000825,Travel,67.23,47
PLC00004547,Motor,81.73,105
PLC00007677,Travel,54.87,106
PLC00006263,Travel,78.24,33
PLC00003024,Health,191.13,56
PLC00006195,Life,53.01,74
PLC00004940,Health,166.84,42
PLC00002579,Mobile,8.35,81
PLC00004461,Property,137.5,45
PLC00001969,Health,115.52,49
PLC00009227,Life,78.29,88
PLC00002239,Health,106.45,34
PLC00000504,Health,152.94,112
PLC00001318,Mobile,9.52,89
PLC00001678,Mobile,11.91,78
PLC00008363,Travel,84.6,86
PLC00006084,Health,174.46,77
PLC00001379,Life,74.06,90
PLC00009460,Health,163.7,83
PLC00001548,Mobile,11.1,59
PLC00001924,Travel,81.34,29
PLC00005634,Health,139.54,27
PLC00003078,Motor,139.55,40
PLC00001272,Property,129.13,37
PLC00009205,Property,94.55,84
PLC00002563,Mobile,6.29,110
PLC00000518,Motor,128.93,23
PLC00003787,Travel,66.25,61
PLC00002187,Travel,65.72,99
PLC00001157,Property,92.13,86
PLC00008428,Health,114.03,77
PLC00003447,Motor,86.11,68
PLC00004756,Life,69.07,68
PLC00000563,Health,170.43,97
PLC00009570,Health,162.8,118
PLC00005301,Mobile,9.99,48
PLC00007023,Mobile,9.54,107
PLC00003321,Life,87.73,118
PLC00001860,Property,120.81,118
PLC00006569,Mobile,10.14,111
PLC00002231,Motor,91.66,75
PLC00008915,Travel,87.31,56
PLC00007905,Mobile,9.23,9
PLC00003757,Health,109.96,102
PLC00008043,Motor,87.05,117
PLC00005715,Motor,86.82,80
PLC00002608,Life,58.94,113
PLC00009772,Property,85.31,34
PLC00001934,Property,103.01,81
PLC00004218,Travel,94.24,56
PLC00007291,Mobile,8.17,41
PLC00002593,Property,151.46,101
PLC00001605,Life,81.72,8
PLC00000262,Health,111.99,105
PLC00002005,Property,120.22,101
PLC00002603,Health,197.47,27
PLC00009796,Travel,83.02,73
PLC00002908,Life,88.9,59
PLC00000770,Mobile,11.73,28
PLC00000299,Health,160.58,64
PLC00006826,Mobile,9.82,55
PLC00009601,Health,100.44,14
PLC00001527,Life,91.6,87
PLC00009899,Motor,121.84,52
PLC00006507,Mobile,7.35,12
PLC00004705,Mobile,6.36,86
PLC00001345,Life,75.2,76
PLC00008148,Travel,65.44,115
PLC00007659,Mobile,8.85,16
PLC00009070,Mobile,9.37,22
PLC00005386,Property,152.43,61
PLC00007534,Mobile,7.69,118
PLC00009774,Mobile,11.17,16
PLC00001230,Property,104.49,10
PLC00007273,Mobile,7.64,83
PLC00004579,Travel,83.77,7
PLC00007695,Health,172.3,32
PLC00000098,Property,149.1,45
PLC00003071,Health,159.08,91
PLC00008086,Mobile,8.22,109
PLC00002124,Property,139.24,57
PLC00001321,Mobile,9.66,111
PLC00003719,Property,140.21,100
PLC00001906,Travel,69.41,83
PLC00001730,Health,147.35,26
PLC00007181,Motor,89.46,78
PLC00000527,Mobile,9.83,7
PLC00001439,Health,156.36,58
PLC00006609,Motor,125.89,115
PLC00009812,Property,93.03,65
PLC00009838,Life,60.94,92
PLC00000135,Motor,134.59,37
PLC00007126,Health,149.11,15
PLC00000197,Mobile,9.6,75
PLC00003519,Mobile,10.46,77
PLC00009701,Life,57.57,9
PLC00002345,Mobile,10.6,67
PLC00002309,Mobile,8.08,85
PLC00007245,Motor,105.75,98
PLC00008154,Travel,90.86,94
PLC00009809,Motor,87.65,23
PLC00003964,Mobile,7.24,35
PLC00007961,Travel,90.32,29
PLC00004739,Property,135.5,88
PLC00006712,Motor,119.44,63
PLC00009548,Property,120.5,35
PLC00008444,Mobile,6.32,24
PLC00000340,Life,54.71,20
PLC00007403,Motor,89.61,89
PLC00005186,Travel,81.1,62
PLC00001594,Travel,51.32,7
PLC00000363,Travel,54.91,41
PLC00001050,Motor,103.53,61
PLC00005757,Motor,138.12,93
PLC00009939,Health,199.78,74
PLC00009550,Health,101.94,21
PLC00000470,Mobile,11.68,19
PLC00004971,Life,74.57,69
PLC00000176,Health,180.63,65
PLC00002265,Travel,94.64,34
PLC00008729,Travel,87.95,108
PLC00009801,Travel,73.67,81
PLC00007712,Life,68.18,65
PLC00005114,Life,87.74,17
PLC00001909,Life,54.13,42
PLC00006322,Health,190.34,78
PLC00005348,Life,65.75,63
PLC00002864,Motor,88.82,110
PLC00006164,Mobile,9.11,81
PLC00003545,Health,161.45,37
PLC00009589,Health,125.04,78
PLC00004852,Mobile,8.57,96
PLC00008415,Health,191.7,84
PLC00008308,Motor,124.45,79
PLC00004262,Travel,94.27,90
PLC00006402,Life,50.65,104
PLC00004539,Travel,57.52,6
PLC00001198,Life,57.89,39
PLC00001669,Travel,98.11,45
PLC00005239,Property,150.33,26
PLC00004931,Motor,101.9,99
PLC00006573,Health,148.48,30
PLC00004315,Property,110.42,21
PLC00007438,Mobile,10.68,89
PLC00001580,Health,137.29,94
PLC00008021,Life,65.95,94
PLC00004735,Life,51.94,27
PLC00008419,Travel,59.16,108
PLC00009128,Life,51.09,90
PLC00003921,Mobile,9.64,19
PLC00007676,Motor,94.5,77
PLC00006378,Mobile,8.22,59
PLC00000664,Property,123.39,76
PLC00006415,Travel,60.58,93
PLC00004716,Health,158.47,63
PLC00007511,Motor,81.83,30
PLC00002140,Life,68.73,95
PLC00005468,Travel,65.94,102
PLC00007331,Property,119.24,25
PLC00001402,Mobile,11.1,25
PLC00002168,Mobile,7.84,86
PLC00009693,Travel,52.47,110
PLC00007436,Travel,86.62,54
PLC00002056,Mobile,10.35,111
PLC00006374,Property,83.07,64
PLC00003604,Property,84.51,74
PLC00001951,Travel,78.95,10
PLC00005478,Travel,58.22,11
PLC00002535,Health,175.16,18
PLC00000750,Life,80.62,90
PLC00007034,Property,148.12,44
PLC00008149,Mobile,10.4,67
PLC00001946,Mobile,6.65,45
PLC00005235,Property,134.61,87
PLC00008868,Health,194.43,116
PLC00008896,Motor,129.01,50
PLC00008647,Life,80.36,11
PLC00001244,Health,113.42,45
PLC00009842,Motor,88.91,58
PLC00004353,Life,99.58,92
PLC00009912,Mobile,10.2,53
PLC00005182,Travel,70.09,9
PLC00004146,Property,115.32,66
PLC00004100,Mobile,11.99,119
PLC00002776,Mobile,10.14,22
PLC00000909,Motor,70.39,64
PLC00004151,Motor,124.12,55
PLC00003120,Mobile,7.26,28
PLC00006335,Mobile,11.28,12
PLC00006954,Travel,95.57,50
PLC00007887,Health,191.91,73
PLC00003521,Travel,64.88,65
PLC00009291,Motor,137.37,64
PLC00005318,Life,72.18,79
PLC00004043,Health,125.33,94
PLC00009133,Property,99.01,9
PLC00006040,Property,135.12,113
PLC00006855,Life,66.2,52
PLC00002376,Life,80.78,111
PLC00009936,Motor,136.47,114
PLC00009950,Motor,71.99,82
PLC00003375,Health,118.46,88
PLC00002777,Travel,64.83,25
PLC00006308,Mobile,9.13,55
PLC00004195,Life,92.52,92
PLC00009569,Life,51.1,79
PLC00008448,Health,125.61,78
PLC00008205,Motor,84.77,96
PLC00000914,Property,84.2,11
PLC00003087,Motor,129.85,103
PLC00001612,Life,52.27,10
PLC00005352,Mobile,10.21,80
PLC00000204,Travel,88.53,16
PLC00002737,Travel,75.99,92
PLC00007760,Property,123.95,34
PLC00005663,Travel,52.55,60
PLC00002382,Travel,76.08,100
PLC00004619,Travel,77.23,83
PLC00001774,Travel,71.53,30
PLC00005438,Health,125.01,79
PLC00005080,Property,127.18,80
PLC00007855,Motor,126.05,24
PLC00004848,Motor,82.49,49
PLC00004089,Life,75.21,40
PLC00008813,Travel,55.32,10
PLC00004345,Motor,74.97,20
PLC00000891,Property,121.91,24
PLC00005093,Property,86.61,30
PLC00006401,Motor,98.63,13
PLC00004405,Travel,84.4,33
PLC00009989,Travel,86.4,87
PLC00000050,Life,81.28,13
PLC00007455,Mobile,8.55,29
PLC00000077,Property,105.6,83
PLC00007653,Health,165.69,73
PLC00003967,Motor,104.57,103
PLC00004530,Health,114.89,33
PLC00003260,Motor,95.43,91
PLC00004217,Property,149.62,56
PLC00000736,Travel,74.13,71
PLC00002218,Health,150.43,52
PLC00008578,Travel,55.71,118
PLC00009075,Life,57.23,52
PLC00009422,Property,100.53,12
PLC00006949,Property,123.6,14
PLC00002392,Health,115.54,41
PLC00006564,Motor,112.69,94
PLC00003555,Mobile,9.12,59
PLC00001282,Motor,130.84,42
PLC00009762,Motor,124.6,22
PLC00003484,Property,106.82,64
PLC00007057,Motor,110.63,31
PLC00007041,Property,103.09,34
PLC00007691,Motor,131.94,10
PLC00004679,Health,182.69,25
PLC00006563,Travel,69.98,70
PLC00002810,Property,84.19,36
PLC00001894,Property,82.02,96
PLC00003052,Mobile,9.67,16
PLC00009268,Mobile,9.68,115
PLC00008014,Life,84.67,22
PLC00006750,Travel,61.86,61
PLC00008244,Travel,51.44,16
PLC00008003,Life,57.54,13
PLC00005898,Motor,100.63,37
PLC00003699,Travel,62.19,107
PLC00008129,Mobile,10.18,69
PLC00001551,Mobile,6.63,59
PLC00005088,Property,123.41,25
PLC00003287,Mobile,7.38,31
PLC00002396,Health,130.72,95
PLC00005188,Mobile,8.79,111
PLC00003162,Motor,77.9,7
PLC00005462,Life,58.53,87
PLC00009486,Mobile,7.98,86
PLC00004830,Motor,90.67,89
PLC00008385,Property,153.7,68
PLC00000695,Property,115.43,71
PLC00009198,Motor,91.99,17
PLC00006898,Motor,99.99,107
PLC00009512,Motor,90.32,106
PLC00003526,Travel,98.9,50
PLC00000046,Life,63.95,75
PLC00004329,Motor,101.01,82
PLC00007098,Motor,70.78,13
PLC00005691,Health,162.81,36
PLC00003788,Travel,87.39,63
PLC00002100,Travel,85.77,90
PLC00005019,Life,71.42,87
PLC00001007,Motor,93.44,86
PLC00007607,Travel,68.21,41
PLC00001265,Motor,92.58,100
PLC00001185,Mobile,6.81,40
PLC00006986,Mobile,8.67,6
PLC00007586,Property,91.38,65
PLC00008062,Life,63.41,28
PLC00000004,Property,93.49,43
PLC00001748,Mobile,9.5,93
PLC00001630,Property,85.69,31
PLC00008512,Motor,72.26,19
PLC00008968,Property,154.36,23
PLC00009452,Property,143.89,46
PLC00005158,Health,115.75,6
PLC00006077,Motor,95.33,52
PLC00009508,Travel,91.1,88
PLC00007478,Travel,50.44,59
PLC00007348,Life,99.11,27
PLC00005443,Health,107.13,110
PLC00009169,Health,124.56,93
PLC00001151,Health,164.79,100
PLC00002074,Mobile,10.6,79
PLC00009425,Motor,110.57,52
PLC00009063,Mobile,6.91,63
PLC00002648,Health,167.33,62
PLC00004759,Travel,55.47,28
PLC00009183,Health,154.29,84
PLC00004229,Motor,77.81,8
PLC00003948,Mobile,8.96,76
PLC00006807,Health,161.86,80
PLC00002224,Life,67.09,80
PLC00004202,Property,86.41,102
PLC00003649,Life,66.68,87
PLC00008899,Motor,137.52,76
PLC00006988,Travel,56.73,59
PLC00007940,Life,75.88,60
PLC00000667,Health,128.83,59
PLC00007045,Health,182.54,16
PLC00003711,Health,152.41,69
PLC00002366,Mobile,10.74,88
PLC00008613,Health,117.76,103
PLC00004657,Life,77.37,69
PLC00006372,Travel,59.27,58
PLC00003558,Life,64.75,70
PLC00000371,Life,70.17,40
PLC00002084,Mobile,11.67,45
PLC00001987,Mobile,9.57,112
PLC00005072,Health,150.88,60
PLC00007594,Life,90.88,39
PLC00001018,Travel,73.97,41
PLC00001724,Life,68.56,25
PLC00003340,Property,82.23,6
PLC00005412,Mobile,11.21,25
PLC00008099,Mobile,8.65,75
PLC00000924,Motor,101.46,61
PLC00007756,Travel,89.56,26
PLC00006538,Mobile,7.16,93
PLC00004585,Health,125.57,80
PLC00007881,Travel,67.48,31
PLC00000099,Mobile,11.85,24
PLC00009588,Travel,64.14,64
PLC00007739,Life,92.45,84
PLC00004080,Mobile,11.16,65
PLC00002736,Health,161.88,35
PLC00008053,Health,191.68,79
PLC00005105,Motor,111.87,49
PLC00006767,Life,67.85,72
PLC00002557,Mobile,6.19,43
PLC00002727,Mobile,9.69,36
PLC00005251,Property,116.93,104
PLC00007858,Mobile,9.87,40
PLC00004791,Motor,92.87,30
PLC00007538,Health,172.36,100
PLC00002171,Health,168.93,43
PLC00000912,Property,147.4,103
PLC00003705,Motor,84.23,112
PLC00003015,Life,56.86,95
PLC00008158,Motor,107.35,55
PLC00009392,Motor,123.35,32
PLC00008159,Mobile,11.12,66
PLC00001322,Property,103.65,39
PLC00005243,Health,149.22,19
PLC00009800,Life,74.93,56
PLC00001023,Health,177.76,67
PLC00002034,Health,137.26,80
PLC00007731,Property,152.07,13
PLC00004373,Life,50.44,53
PLC00009894,Life,68.71,101
PLC00008483,Mobile,11.42,49
PLC00003474,Mobile,9.6,48
PLC00000836,Health,103.4,7
PLC00009426,Property,109.53,32
PLC00003642,Health,115.54,76
PLC00007885,Motor,98.48,55
PLC00003049,Mobile,9.42,21
PLC00001520,Health,167.8,21
PLC00005937,Health,133.64,11
PLC00004194,Travel,56.1,102
PLC00004094,Motor,123.68,30
PLC00005064,Mobile,10.64,33
PLC00004010,Life,56.34,91
PLC00008331,Life,61.09,15
PLC00008254,Property,114.58,13
PLC00009727,Mobile,11.07,15
PLC00000788,Health,120.9,105
PLC00005508,Health,158.73,21
PLC00003220,Travel,79.53,71
PLC00005066,Health,140.78,7
PLC00000171,Property,147.04,32
PLC00007770,Mobile,7.29,103
PLC00001339,Mobile,10.29,82
PLC00007937,Property,122.49,83
PLC00001266,Mobile,9.57,66
PLC00001943,Property,117.65,87
PLC00001743,Mobile,11.46,6
PLC00000492,Motor,81.21,70
PLC00002813,Travel,71.59,81
PLC00003148,Property,84.16,97
PLC00006377,Mobile,10.16,118
PLC00004618,Travel,97.05,39
PLC00002790,Travel,80.53,6
PLC00009767,Health,135.84,10
PLC00006910,Travel,83.3,11
PLC00001896,Mobile,9.8,49
PLC00004209,Travel,52.79,34
PLC00005413,Travel,72.37,24
PLC00003072,Health,192.32,97
PLC00004711,Life,65.1,65
PLC00007295,Health,150.51,98
PLC00000520,Property,142.61,7
PLC00006669,Mobile,10.61,6
PLC00001918,Mobile,9.81,83
PLC00003569,Health,142.61,108
PLC00008716,Life,57.45,68
PLC00001094,Life,85.2,41
PLC00001506,Motor,71.53,107
PLC00000194,Mobile,11.96,82
PLC00005037,Mobile,7.02,66
PLC00008107,Travel,71.55,80
PLC00006978,Property,93.21,95
PLC00005976,Life,52.05,99
PLC00007704,Travel,55.26,64
PLC00003502,Travel,84.22,33
PLC00009915,Motor,93.17,7
PLC00001084,Motor,77.83,50
PLC00004114,Motor,127.41,10
PLC00006441,Travel,68.44,99
PLC00003793,Health,189.63,84
PLC00004570,Property,106.29,85
PLC00001347,Travel,55.93,68
PLC00006702,Property,97.62,24
PLC00004506,Property,122.05,28
PLC00001400,Health,117.56,7
PLC00004123,Property,106.77,82
PLC00003402,Life,77.9,74
PLC00007247,Motor,129.28,74
PLC00000250,Travel,63.91,74
PLC00000905,Health,174.58,76
PLC00003419,Life,66.21,97
PLC00000127,Life,61.15,46
PLC00007542,Life,53.79,29
PLC00006861,Motor,119.49,118
PLC00000636,Mobile,7.74,7
PLC00008665,Travel,50.71,105
PLC00005470,Motor,131.38,8
PLC00000056,Motor,73.06,104
PLC00008998,Life,55.35,18
PLC00005866,Health,198.26,6
PLC00006680,Mobile,6.96,33
PLC00007379,Health,136.43,53
PLC00002241,Travel,90.64,67
PLC00006982,Mobile,9.98,108
PLC00008570,Property,145.31,95
PLC00004281,Motor,113.48,36
PLC00003415,Life,57.48,33
PLC00009374,Motor,104.96,92
PLC00001501,Mobile,7.55,119
PLC00003028,Property,107.39,106
PLC00005492,Health,177.96,95
PLC00009106,Mobile,11.49,53
PLC00009161,Motor,93.98,14
PLC00002154,Health,181.0,77
PLC00004378,Motor,85.8,7
PLC00007367,Property,108.33,78
PLC00005307,Health,184.23,40
PLC00001020,Health,111.56,21
PLC00004704,Travel,68.73,38
PLC00008150,Mobile,6.67,94
PLC00007420,Motor,109.43,80
PLC00004249,Health,104.84,15
PLC00001124,Motor,124.55,47
PLC00008370,Property,87.01,35
PLC00005521,Travel,61.97,61
PLC00001929,Life,83.03,13
PLC00006574,Mobile,9.25,7
PLC00004147,Life,65.53,81
PLC00000257,Motor,77.02,91
PLC00005841,Property,141.66,19
PLC00007872,Health,112.34,62
PLC00001832,Mobile,11.6,72
PLC00009367,Property,82.35,11
PLC00005090,Health,179.81,34
PLC00009993,Health,139.36,7
PLC00002244,Motor,96.56,84
PLC00002926,Mobile,10.71,17
PLC00009059,Mobile,6.1,29
PLC00008722,Travel,50.84,97
PLC00002636,Travel,60.95,70
PLC00000430,Mobile,8.49,89
PLC00003462,Motor,83.86,36
PLC00004798,Property,135.59,33
PLC00002824,Travel,63.69,86
PLC00007975,Health,193.87,51
PLC00008169,Life,60.98,7
PLC00004472,Health,128.01,31
PLC00000511,Travel,75.09,12
PLC00007884,Life,67.97,102
PLC00004870,Health,159.98,20
PLC00008167,Health,118.1,91
PLC00009694,Property,99.27,36
PLC00009521,Property,123.37,55
PLC00000608,Health,192.99,101
PLC00005497,Health,133.44,70
PLC00005625,Mobile,7.5,99
PLC00001313,Health,192.58,51
PLC00008790,Travel,72.77,105
PLC00008687,Life,95.9,109
PLC00002881,Mobile,7.17,21
PLC00002027,Life,88.98,36
PLC00005543,Travel,53.45,97
PLC00008138,Travel,57.33,75
PLC00000744,Life,51.14,111
PLC00009368,Travel,83.02,36
PLC00003489,Travel,80.39,114
PLC00003533,Life,88.1,50
PLC00005602,Property,155.33,13
PLC00009163,Health,151.35,53
PLC00000141,Mobile,9.07,29
PLC00006469,Mobile,9.73,105
PLC00005435,Property,143.55,49
PLC00009015,Mobile,11.74,16
PLC00006923,Mobile,10.36,46
PLC00009871,Motor,72.37,9
PLC00003080,Mobile,6.5,15
PLC00005791,Health,100.64,18
PLC00002144,Travel,64.71,36
PLC00002355,Mobile,9.23,76
PLC00002678,Motor,97.78,8
PLC00006960,Property,82.49,87
PLC00007483,Mobile,7.0,60
PLC00009666,Travel,58.11,102
PLC00004297,Travel,68.82,61
PLC00001511,Mobile,7.56,93
PLC00004455,Travel,97.19,19
PLC00001746,Travel,91.23,51
PLC00006253,Motor,112.84,66
PLC00004882,Life,93.63,10
PLC00002480,Life,76.55,82
PLC00000352,Travel,81.57,41
PLC00007493,Health,104.05,26
PLC00006080,Property,84.45,36
PLC00007321,Travel,73.71,50
PLC00002351,Motor,109.17,71
PLC00005804,Property,120.26,66
PLC00002352,Property,81.06,43
PLC00004021,Motor,109.23,109
PLC00004612,Motor,88.95,75
PLC00004119,Travel,59.88,110
PLC00009048,Mobile,7.83,53
PLC00002454,Health,176.93,20
PLC00000858,Travel,56.45,106
PLC00000876,Mobile,9.95,101
PLC00005230,Travel,54.03,95
PLC00008609,Travel,92.24,117
PLC00000203,Mobile,7.4,32
PLC00000483,Mobile,11.87,59
PLC00003929,Motor,97.63,101
PLC00008002,Life,99.36,87
PLC00003353,Property,124.79,55
PLC00008178,Mobile,11.4,21
PLC00009423,Travel,84.94,13
PLC00003659,Travel,62.06,93
PLC00008139,Mobile,8.98,85
PLC00005229,Motor,83.02,44
PLC00001882,Mobile,8.52,7
PLC00001445,Travel,74.86,53
PLC00005711,Mobile,11.87,72
PLC00006771,Motor,111.48,28
PLC00006173,Motor,103.18,72
PLC00001835,Mobile,7.62,96
PLC00004216,Life,69.39,107
PLC00009385,Travel,83.6,71
PLC00001256,Property,128.76,66
PLC00003066,Health,155.81,119
PLC00001816,Property,90.92,65
PLC00009686,Travel,54.0,43
PLC00006931,Travel,89.39,55
PLC00003334,Motor,133.78,80
PLC00008854,Property,117.56,40
PLC00003763,Life,98.33,85
PLC00005952,Property,98.98,90
PLC00007417,Health,177.92,95
PLC00005593,Travel,87.32,40
PLC00000802,Motor,84.99,82
PLC00006345,Health,139.02,78
PLC00009099,Property,122.5,42
PLC00003735,Life,64.13,50
PLC00009275,Motor,133.34,8
PLC00003983,Health,178.06,12
PLC00003204,Property,115.48,25
PLC00001247,Property,118.0,111
PLC00003941,Mobile,9.66,43
PLC00006828,Life,52.18,12
PLC00008485,Property,147.98,78
PLC00008040,Health,136.21,86
PLC00009488,Health,198.86,65
PLC00002754,Mobile,11.57,95
PLC00001250,Motor,119.1,91
PLC00006816,Life,94.33,61
PLC00008509,Motor,112.97,30
PLC00008144,Property,116.6,73
PLC00003883,Mobile,11.04,96
PLC00003697,Motor,72.55,72
PLC00004652,Health,119.13,82
PLC00004354,Motor,114.18,8
PLC00001804,Health,103.11,100
PLC00008184,Property,156.12,108
PLC00006071,Property,84.56,116
PLC00000522,Travel,73.74,81
PLC00008645,Mobile,7.68,63
PLC00001280,Motor,102.79,75
PLC00004809,Travel,94.44,8
PLC00003935,Health,188.66,104
PLC00006169,Life,85.2,35
PLC00007829,Motor,115.2,33
PLC00003504,Property,148.16,108
PLC00006329,Property,84.83,111
PLC00003575,Mobile,8.23,90
PLC00005297,Life,61.19,16
PLC00007990,Health,103.16,110
PLC00009189,Motor,114.54,23
PLC00007372,Motor,103.95,52
PLC00007960,Health,196.62,112
PLC00002628,Health,128.85,35
PLC00003146,Motor,131.92,15
PLC00001218,Travel,62.49,116
PLC00001627,Property,119.47,55
PLC00009572,Health,178.19,53
PLC00009571,Mobile,8.35,78
PLC00009903,Motor,96.04,88
PLC00008299,Life,86.04,28
PLC00001570,Life,58.06,68
PLC00005936,Travel,62.56,6
PLC00009102,Health,160.29,118
PLC00009086,Life,71.03,71
PLC00005852,Life,81.44,74
PLC00003483,Health,137.44,64
PLC00004332,Motor,124.91,98
PLC00007827,Motor,91.52,34
PLC00004869,Life,52.23,85
PLC00004600,Property,114.45,29
PLC00005973,Travel,79.59,92
PLC00009115,Health,193.39,113
PLC00007794,Motor,81.37,46
PLC00002142,Life,83.92,81
PLC00007763,Health,147.6,85
PLC00009379,Life,69.67,83
PLC00009413,Life,84.88,42
PLC00004210,Travel,93.56,41
PLC00001211,Property,98.62,74
PLC00008327,Property,146.12,107
PLC00000108,Travel,88.04,100
PLC00007888,Life,58.45,108
PLC00004344,Mobile,8.61,67
PLC00006486,Travel,92.05,76
PLC00006824,Travel,52.45,96
PLC00005743,Property,110.71,66
PLC00006272,Health,122.8,18
PLC00009706,Mobile,7.52,78
PLC00005092,Travel,92.78,54
PLC00008425,Health,144.2,8
PLC00003857,Health,194.48,9
PLC00001672,Travel,93.18,99
PLC00002230,Motor,72.28,79
PLC00002267,Travel,98.4,25
PLC00009218,Mobile,6.45,17
PLC00003107,Property,88.08,107
PLC00006260,Health,147.17,11
PLC00007667,Property,100.96,78
PLC00006845,Life,99.09,99
PLC00007044,Travel,55.03,46
PLC00001197,Mobile,10.31,21
PLC00003829,Property,124.33,110
PLC00003632,Property,92.04,78
PLC00001242,Travel,69.14,111
PLC00001123,Health,104.62,20
PLC00005326,Life,64.31,88
PLC00004161,Motor,84.82,101
PLC00004122,Property,149.37,91
PLC00000414,Travel,78.72,31
PLC00004580,Travel,99.37,87
PLC00001841,Health,136.58,78
PLC00003681,Property,146.65,97
PLC00003127,Life,99.72,46
PLC00007059,Travel,91.37,20
PLC00005395,Motor,97.75,28
PLC00006584,Motor,72.52,6
PLC00005745,Motor,88.97,71
PLC00008536,Mobile,8.14,52
PLC00008440,Property,158.0,105
PLC00001060,Property,131.05,74
PLC00007154,Mobile,10.7,11
PLC00003137,Health,192.38,100
PLC00004334,Life,97.23,16
PLC00002733,Life,92.78,109
PLC00003347,Travel,97.76,70
PLC00003700,Travel,80.86,73
PLC00009384,Motor,88.44,6
PLC00001798,Travel,55.14,44
PLC00008004,Life,73.92,58
PLC00006779,Property,92.45,73
PLC00007274,Mobile,11.68,12
PLC00006613,Health,183.5,32
PLC00008786,Property,127.08,13
PLC00006447,Property,141.03,41
PLC00001361,Mobile,10.53,73
PLC00000751,Health,186.43,69
PLC00006299,Health,182.18,10
PLC00006031,Health,134.98,35
PLC00005922,Motor,138.98,58
PLC00007220,Life,61.28,92
PLC00004434,Motor,118.38,49
PLC00007186,Motor,77.33,45
PLC00000863,Property,101.64,67
PLC00000911,Health,194.94,90
PLC00001064,Property,127.04,83
PLC00002845,Life,89.1,70
PLC00002402,Travel,73.84,37
PLC00001082,Health,181.28,113
PLC00000678,Property,130.66,27
PLC00003627,Health,138.38,67
PLC00005391,Mobile,8.53,102
PLC00005422,Property,88.37,100
PLC00008333,Life,72.95,29
PLC00004498,Mobile,6.05,116
PLC00009371,Mobile,7.51,29
PLC00004920,Life,57.93,44
PLC00007901,Mobile,11.55,9
PLC00009655,Health,135.63,87
PLC00005740,Life,87.9,32
PLC00006527,Health,187.67,7
PLC00008398,Health,142.54,116
PLC00004412,Property,115.79,75
PLC00002580,Health,191.1,92
PLC00008957,Health,117.44,94
PLC00009440,Health,134.93,100
PLC00006703,Mobile,6.91,43
PLC00002605,Life,74.94,58
PLC00002090,Property,159.75,119
PLC00001220,Property,156.64,101
PLC00002180,Motor,82.86,25
PLC00002051,Life,67.13,111
PLC00003205,Property,82.55,100
PLC00004671,Property,107.92,59
PLC00008263,Property,132.01,115
PLC00003469,Motor,96.15,31
PLC00006922,Mobile,11.34,26
PLC00008698,Property,94.09,61
PLC00000521,Mobile,8.08,16
PLC00003232,Motor,86.75,38
PLC00000129,Property,138.13,34
PLC00004720,Health,123.59,75
PLC00008269,Health,143.08,113
PLC00005851,Mobile,10.67,16
PLC00006539,Property,84.2,20
PLC00001691,Travel,89.6,79
PLC00006051,Motor,137.35,51
PLC00008583,Motor,136.02,99
PLC00008447,Health,122.17,114
PLC00001466,Health,115.89,41
PLC00004020,Property,126.39,43
PLC00003200,Travel,50.9,115
PLC00001897,Health,110.22,108
PLC00008296,Travel,87.33,22
PLC00003994,Property,108.96,96
PLC00003070,Motor,102.58,114
PLC00005824,Motor,105.34,79
PLC00001100,Property,85.08,81
PLC00008649,Health,105.87,70
PLC00009724,Health,106.18,63
PLC00009298,Travel,59.2,90
PLC00003398,Life,55.08,106
PLC00001279,Motor,122.66,50
PLC00001488,Motor,135.07,80
PLC00006877,Health,112.69,97
PLC00008611,Mobile,10.21,78
PLC00002607,Travel,84.85,62
PLC00004664,Property,105.34,81
PLC00004402,Life,81.31,18
PLC00005861,Motor,103.19,70
PLC00001243,Property,126.52,25
PLC00003269,Health,180.52,112
PLC00000134,Life,56.49,46
PLC00007303,Mobile,7.11,73
PLC00006135,Motor,79.63,119
PLC00007285,Motor,97.34,30
PLC00001342,Health,184.43,48
PLC00008775,Health,162.61,97
PLC00001945,Motor,82.24,80
PLC00006286,Life,50.76,33
PLC00002254,Mobile,8.29,52
PLC00001367,Health,157.42,35
PLC00006089,Life,58.47,45
PLC00008196,Property,112.69,64
PLC00009074,Mobile,9.92,105
PLC00003866,Motor,99.44,41
PLC00002438,Property,116.35,23
PLC00008780,Travel,66.38,14
PLC00005825,Mobile,10.61,92
PLC00002970,Health,157.08,98
PLC00004444,Property,118.61,22
PLC00004073,Mobile,9.33,42
PLC00002132,Travel,88.97,54
PLC00005888,Health,143.37,118
PLC00008495,Travel,94.54,12
PLC00006219,Mobile,7.16,118
PLC00000043,Travel,50.97,102
PLC00005846,Health,168.01,39
PLC00000455,Health,154.85,106
PLC00007692,Motor,101.29,96
PLC00009393,Life,97.9,17
PLC00005765,Mobile,8.09,66
PLC00002506,Life,79.23,46
PLC00002011,Health,134.39,81
PLC00002097,Life,91.72,110
PLC00006674,Property,128.24,29
PLC00006156,Health,166.25,94
PLC00002223,Mobile,9.28,72
PLC00007897,Life,70.24,10
PLC00001490,Health,119.13,84
PLC00001308,Mobile,8.25,8
PLC00002947,Motor,78.64,23
PLC00009470,Mobile,8.42,26
PLC00002408,Health,110.98,93
PLC00004204,Motor,71.2,38
PLC00008568,Motor,74.09,90
PLC00005062,Travel,58.85,31
PLC00001738,Motor,139.71,103
PLC00001699,Life,80.01,101
PLC00009299,Property,124.03,75
PLC00006098,Travel,73.57,26
PLC00003361,Travel,97.08,104
PLC00005994,Motor,126.63,35
PLC00005814,Mobile,9.51,29
PLC00009958,Life,69.39,19
PLC00002937,Property,151.51,25
PLC00003959,Life,73.4,18
PLC00003480,Health,122.47,58
PLC00004320,Health,131.31,101
PLC00008754,Travel,96.88,33
PLC00001728,Life,98.97,111
PLC00006730,Motor,101.27,31
PLC00000722,Mobile,10.6,42
PLC00001524,Property,126.87,93
PLC00009464,Health,118.33,73
PLC00003674,Health,193.07,98
PLC00009154,Life,79.46,26
PLC00005738,Property,102.37,84
PLC00003348,Mobile,9.3,34
PLC00007970,Health,195.97,88
PLC00000156,Motor,95.82,19
PLC00006560,Life,62.43,45
PLC00008996,Motor,117.55,74
PLC00003408,Property,106.87,15
PLC00009438,Travel,98.25,38
PLC00009653,Health,144.89,20
PLC00005120,Life,53.21,94
PLC00006710,Life,69.73,38
PLC00006769,Property,110.35,102
PLC00008314,Health,189.2,8
PLC00008251,Property,84.37,119
PLC00006297,Motor,118.59,22
PLC00001442,Health,134.49,100
PLC00002904,Travel,83.61,62
PLC00002870,Property,136.69,117
PLC00007071,Travel,62.53,65
PLC00004575,Life,92.89,102
PLC00007496,Life,86.28,17
PLC00004639,Mobile,8.45,115
PLC00001875,Health,196.94,22
PLC00002262,Health,168.54,61
PLC00006157,Life,98.01,75
PLC00004090,Motor,133.42,84
PLC00002033,Life,78.07,96
PLC00008510,Life,92.65,117
PLC00002689,Mobile,11.11,22
PLC00006570,Life,81.13,46
PLC00009619,Motor,135.75,79
PLC00008018,Motor,130.13,97
PLC00001806,Life,81.28,116
PLC00000196,Life,84.68,98
PLC00008580,Health,106.51,108
PLC00007115,Property,145.73,26
PLC00009574,Property,82.35,77
PLC00002338,Health,120.7,32
PLC00009595,Life,70.27,79
PLC00009116,Property,80.86,111
PLC00001871,Travel,86.37,86
PLC00001165,Life,88.01,10
PLC00005805,Property,153.99,10
PLC00003805,Mobile,11.04,20
PLC00002010,Motor,91.56,41
PLC00008203,Motor,92.14,22
PLC00007817,Travel,61.82,31
PLC00007958,Property,158.57,40
PLC00002085,Mobile,9.96,28
PLC00005941,Property,114.76,81
PLC00000578,Property,115.29,17
PLC00005418,Travel,62.85,34
PLC00005102,Motor,87.03,28
PLC00008898,Property,129.71,71
PLC00008905,Motor,71.32,79
PLC00006023,Health,108.98,47
PLC00009480,Motor,112.02,36
PLC00007740,Travel,86.29,108
PLC00005905,Motor,82.97,19
PLC00000755,Travel,59.22,49
PLC00009260,Health,107.91,8
PLC00002766,Mobile,9.94,93
PLC00004336,Mobile,8.38,55
PLC00006546,Property,153.02,9
PLC00001037,Life,60.18,112
PLC00009247,Motor,125.98,111
PLC00004350,Life,51.44,101
PLC00008523,Health,116.03,11
PLC00003958,Property,85.33,93
PLC00000500,Motor,129.38,80
PLC00001405,Health,135.76,19
PLC00003873,Mobile,7.62,95
PLC00006473,Travel,81.18,45
PLC00007738,Property,152.45,95
PLC00009695,Property,132.66,31
PLC00008172,Property,121.72,46
PLC00003309,Mobile,9.77,101
PLC00004140,Motor,116.64,8
PLC00009607,Life,54.53,73
PLC00004690,Property,130.01,88
PLC00005356,Property,112.5,47
PLC00006182,Health,102.1,50
PLC00009728,Travel,70.47,29
PLC00000291,Health,106.64,70
PLC00009456,Travel,79.61,21
PLC00000542,Health,110.45,64
PLC00008039,Motor,105.16,19
PLC00009510,Life,65.92,21
PLC00002632,Property,122.6,27
PLC00005097,Property,91.98,52
PLC00000926,Life,85.42,86
PLC00006463,Health,141.4,77
PLC00001695,Mobile,6.56,72
PLC00006293,Travel,99.89,113
PLC00003396,Health,112.46,71
PLC00005410,Property,135.58,53
PLC00002282,Property,80.88,14
PLC00004361,Travel,75.21,56
PLC00004459,Health,103.64,119
PLC00009581,Mobile,7.69,53
PLC00000329,Health,113.42,83
PLC00001408,Health,141.59,117
PLC00001395,Property,99.69,36
PLC00009628,Health,120.44,50
PLC00001926,Health,184.97,71
PLC00000859,Property,157.41,51
PLC00005361,Mobile,8.23,14
PLC00000216,Life,90.23,51
PLC00007828,Travel,89.12,24
PLC00008403,Health,168.41,44
PLC00006046,Health,155.98,69
PLC00009360,Life,85.66,18
PLC00004508,Mobile,6.79,68
PLC00009038,Health,148.66,11
PLC00000935,Property,159.98,119
PLC00002340,Travel,56.41,94
PLC00006199,Health,130.62,54
PLC00002122,Health,154.87,55
PLC00009986,Travel,85.19,15
PLC00009719,Motor,75.0,116
PLC00002456,Property,131.03,70
PLC00007804,Travel,88.17,84
PLC00005157,Motor,126.55,57
PLC00005228,Property,127.7,36
PLC00006373,Life,89.31,13
PLC00006003,Life,84.99,51
PLC00006287,Life,78.38,106
PLC00009140,Motor,134.71,100
PLC00005320,Mobile,8.29,15
PLC00001508,Motor,77.23,72
PLC00009143,Life,61.32,69
PLC00006590,Travel,54.99,39
PLC00004027,Mobile,11.47,36
PLC00002540,Motor,113.05,77
PLC00004173,Property,125.0,36
PLC00004887,Health,170.3,19
PLC00005089,Mobile,6.73,86
PLC00004038,Motor,118.4,69
PLC00002696,Mobile,11.52,22
PLC00005653,Motor,134.55,51
PLC00001387,Travel,55.37,76
PLC00003240,Motor,102.16,115
PLC00006897,Life,71.67,54
PLC00004077,Property,143.57,81
PLC00007388,Travel,77.16,114
PLC00003536,Life,95.16,36
PLC00008214,Motor,134.28,48
PLC00004878,Motor,114.51,96
PLC00006339,Travel,90.86,104
PLC00003090,Life,97.67,62
PLC00006246,Life,85.8,114
PLC00000017,Health,193.04,105
PLC00007618,Travel,79.84,92
PLC00000814,Travel,82.13,22
PLC00000913,Property,94.8,109
PLC00004222,Mobile,9.04,95
PLC00005269,Mobile,9.81,85
PLC00001499,Property,82.38,93
PLC00001462,Property,150.77,34
PLC00009740,Motor,103.2,62
PLC00000989,Property,151.67,19
PLC00000713,Mobile,7.37,52
PLC00000190,Mobile,11.18,6
PLC00004695,Travel,89.24,65
PLC00001733,Travel,58.23,23
PLC00009516,Motor,114.7,31
PLC00007630,Health,117.29,22
PLC00003369,Travel,85.21,103
PLC00005924,Motor,97.31,48
PLC00005415,Mobile,6.48,103
PLC00008334,Motor,105.85,105
PLC00000780,Property,145.63,98
PLC00000283,Motor,123.35,67
PLC00003212,Travel,58.21,78
PLC00009763,Mobile,9.51,75
PLC00000427,Health,115.95,103
PLC00009826,Property,134.51,94
PLC00000049,Property,119.36,57
PLC00004841,Mobile,11.36,106
PLC00000016,Property,152.8,53
PLC00001936,Property,141.54,39
PLC00005545,Life,94.2,95
PLC00004186,Property,159.99,93
PLC00001621,Health,142.83,44
PLC00003187,Mobile,10.15,43
PLC00006487,Health,105.71,10
PLC00008757,Life,51.32,66
PLC00005779,Property,150.53,13
PLC00007612,Property,81.84,95
PLC00007718,Motor,85.31,78
PLC00002792,Property,152.77,54
PLC00000709,Travel,75.78,75
PLC00009083,Health,172.33,119
PLC00000479,Motor,116.62,110
PLC00002779,Property,85.15,118
PLC00003374,Health,172.39,13
PLC00001398,Life,71.7,39
PLC00009846,Health,166.24,99
PLC00005802,Mobile,11.65,56
PLC00009001,Travel,78.09,61
PLC00005878,Life,51.9,62
PLC00005030,Property,80.22,95
PLC00002449,Health,113.34,50
PLC00003899,Mobile,11.1,69
PLC00008835,Health,148.6,34
PLC00002109,Motor,86.01,77
PLC00003384,Health,139.12,69
PLC00009937,Travel,84.45,16
PLC00006079,Travel,52.27,32
PLC00006957,Health,104.17,117
PLC00003926,Motor,120.8,83
PLC00006686,Health,117.53,107
PLC00006853,Property,102.92,81
PLC00005150,Motor,112.11,59
PLC00004467,Mobile,9.92,70
PLC00006237,Health,196.34,62
PLC00001166,Mobile,9.15,115
PLC00007735,Travel,63.99,108
PLC00003753,Mobile,11.02,52
PLC00005700,Mobile,10.61,46
PLC00004437,Travel,57.31,114
PLC00001032,Mobile,10.45,51
PLC00006230,Life,63.22,47
PLC00002665,Mobile,6.65,54
PLC00002894,Mobile,9.11,92
PLC00000372,Motor,77.71,92
PLC00002015,Health,132.57,45
PLC00006190,Life,97.1,73
PLC00004730,Life,91.77,50
PLC00001800,Travel,51.63,97
PLC00002380,Health,181.19,13
PLC00008802,Travel,85.57,118
PLC00000741,Health,163.67,9
PLC00000447,Motor,103.31,27
PLC00000173,Health,129.52,78
PLC00001307,Motor,97.96,9
PLC00005423,Health,114.2,103
PLC00001273,Travel,64.19,10
PLC00005506,Motor,95.04,104
PLC00004165,Motor,93.88,15
PLC00002818,Travel,67.7,27
PLC00009964,Travel,69.76,74
PLC00003823,Health,183.42,90
PLC00009722,Health,143.93,23
PLC00008181,Life,95.56,110
PLC00002404,Health,101.43,23
PLC00005628,Travel,90.68,115
PLC00001014,Property,113.25,26
PLC00004840,Motor,90.47,112
PLC00007640,Mobile,8.65,78
PLC00000393,Life,50.72,21
PLC00000795,Property,93.28,114
PLC00007636,Life,62.98,45
PLC00002760,Health,105.89,68
PLC00008816,Life,98.75,52
PLC00000579,Property,129.78,93
PLC00003254,Life,52.92,58
PLC00009051,Life,93.4,96
PLC00004054,Motor,77.67,73
PLC00009046,Mobile,11.33,93
PLC00007783,Health,194.84,90
PLC00001689,Health,162.25,101
PLC00005196,Travel,56.9,96
PLC00004683,Travel,85.71,70
PLC00009827,Travel,65.91,101
PLC00002762,Health,127.11,53
PLC00009614,Motor,78.71,88
PLC00004777,Health,172.63,29
PLC00002256,Travel,69.49,96
PLC00002983,Property,148.99,53
PLC00006645,Motor,137.79,74
PLC00001611,Motor,114.78,20
PLC00004443,Motor,118.53,77
PLC00001407,Mobile,11.77,73
PLC00006721,Property,107.82,44
PLC00006753,Motor,78.08,67
PLC00001438,Life,83.1,116
PLC00004453,Property,142.0,87
PLC00005330,Life,55.32,36
PLC00000629,Health,167.8,16
PLC00005902,Mobile,10.44,21
PLC00000289,Property,117.61,57
PLC00004601,Mobile,9.22,81
PLC00003467,Property,106.5,24
PLC00009853,Life,89.14,42
PLC00007107,Life,77.71,77
PLC00007381,Health,165.29,24
PLC00000097,Motor,78.22,13
PLC00004731,Motor,120.66,74
PLC00007166,Mobile,10.6,49
PLC00005875,Mobile,9.6,11
PLC00003900,Life,64.84,118
PLC00007101,Life,54.89,101
PLC00005009,Motor,73.41,31
PLC00006671,Motor,93.42,115
PLC00008719,Mobile,7.49,118
PLC00009203,Property,100.65,6
PLC00000123,Property,109.97,13
PLC00004997,Mobile,8.83,99
PLC00001117,Motor,126.68,113
PLC00000395,Motor,77.73,94
PLC00005795,Mobile,7.93,75
PLC00008853,Mobile,9.71,95
PLC00001299,Travel,66.61,37
PLC00006277,Travel,67.6,117
PLC00002302,Life,83.87,54
PLC00009818,Life,71.84,60
PLC00005665,Health,178.61,45
PLC00004577,Life,84.7,58
PLC00005857,Travel,60.74,118
PLC00007371,Health,100.88,80
PLC00006245,Property,88.6,31
PLC00004471,Property,131.75,117
PLC00005668,Property,132.77,93
PLC00001043,Property,95.04,37
PLC00004598,Life,90.05,101
PLC00003706,Mobile,10.81,11
PLC00008628,Motor,74.06,21
PLC00008047,Travel,82.5,70
PLC00005964,Health,108.58,57
PLC00008739,Health,177.78,108
PLC00000182,Travel,91.66,113
PLC00009609,Motor,95.47,62
PLC00005789,Property,101.99,50
PLC00009420,Mobile,8.55,40
PLC00003277,Travel,64.92,47
PLC00001141,Mobile,7.42,113
PLC00004116,Travel,70.12,70
PLC00002301,Life,99.91,6
PLC00007432,Life,56.07,62
PLC00002996,Motor,131.47,83
PLC00008236,Life,71.63,105
PLC00009996,Travel,85.62,109
PLC00004113,Life,85.25,80
PLC00003074,Mobile,7.91,119
PLC00001389,Travel,80.14,32
PLC00003086,Motor,109.55,16
PLC00006410,Life,98.13,8
PLC00002393,Health,127.88,81
PLC00004728,Motor,108.38,54
PLC00005428,Property,92.69,53
PLC00002893,Travel,58.28,111
PLC00007043,Life,57.7,57
PLC00009861,Health,164.37,49
PLC00005925,Travel,56.92,110
PLC00008865,Life,51.68,42
PLC00007642,Mobile,10.55,44
PLC00006331,Travel,53.81,99
PLC00009910,Life,62.89,28
PLC00009348,Travel,53.11,31
PLC00003601,Motor,127.23,76
PLC00004442,Mobile,6.32,91
PLC00000456,Mobile,10.48,31
PLC00003542,Motor,112.81,62
PLC00008777,Health,119.71,31
PLC00006526,Life,60.19,72
PLC00006595,Health,185.09,54
PLC00008038,Motor,82.86,43
PLC00004319,Life,96.75,40
PLC00000979,Mobile,6.12,117
PLC00006408,Motor,98.11,50
PLC00002987,Life,68.71,33
PLC00000855,Travel,88.01,82
PLC00004651,Motor,98.22,116
PLC00004127,Life,67.15,58
PLC00003652,Travel,91.66,109
PLC00002946,Health,172.71,28
PLC00003407,Travel,95.75,42
PLC00002215,Property,90.64,90
PLC00008841,Life,65.16,36
PLC00003683,Health,151.16,55
PLC00009886,Motor,105.16,82
PLC00008119,Health,103.98,109
PLC00008526,Travel,64.09,22
PLC00009329,Travel,54.75,106
PLC00002315,Mobile,11.55,13
PLC00005887,Travel,67.62,91
PLC00000694,Health,126.66,115
PLC00005237,Travel,74.64,115
PLC00006452,Mobile,9.85,60
PLC00005693,Life,80.62,102
PLC00007686,Travel,99.16,26
PLC00003664,Travel,93.35,88
PLC00000491,Life,92.68,64
PLC00003971,Travel,63.84,81
PLC00005181,Life,91.35,110
PLC00003059,Travel,93.74,31
PLC00000326,Travel,87.0,111
PLC00002528,Life,81.37,51
PLC00005026,Property,91.02,79
PLC00002829,Mobile,6.1,97
PLC00008102,Life,92.0,26
PLC00002258,Travel,81.39,117
PLC00005817,Travel,89.41,99
PLC00001070,Motor,122.43,105
PLC00004481,Life,66.79,80
PLC00006292,Health,112.88,25
PLC00009153,Travel,85.18,74
PLC00003371,Travel,77.42,13
PLC00006836,Mobile,11.36,90
PLC00003477,Travel,92.93,36
PLC00002518,Motor,135.28,86
PLC00002316,Mobile,9.18,74
PLC00005916,Mobile,6.41,46
PLC00007079,Property,105.1,71
PLC00004797,Mobile,9.52,28
PLC00004823,Life,93.78,109
PLC00002552,Motor,88.47,93
PLC00005256,Travel,75.48,110
PLC00008727,Travel,82.94,49
PLC00006096,Property,116.31,80
PLC00009162,Mobile,9.61,58
PLC00004130,Life,78.06,15
PLC00007067,Property,152.27,69
PLC00009947,Life,86.01,30
PLC00007122,Travel,92.91,37
PLC00002771,Motor,87.98,53
PLC00005387,Life,63.14,31
PLC00006655,Travel,64.03,50
PLC00006843,Travel,80.23,33
PLC00004086,Travel,87.21,43
PLC00000643,Property,113.24,77
PLC00005510,Mobile,10.1,40
PLC00001522,Property,146.88,45
PLC00009252,Mobile,8.67,90
PLC00002626,Property,117.59,22
PLC00007406,Property,151.55,93
PLC00006138,Travel,53.67,10
PLC00004984,Life,89.73,21
PLC00006582,Mobile,8.2,6
PLC00007374,Property,81.73,9
PLC00001067,Life,66.23,24
PLC00001420,Mobile,7.46,106
PLC00003669,Motor,71.36,92
PLC00006412,Health,108.9,24
PLC00008781,Travel,57.11,102
PLC00002007,Health,131.19,104
PLC00006938,Life,89.49,63
PLC00006516,Motor,136.91,32
PLC00004056,Health,113.36,9
PLC00008958,Travel,85.4,21
PLC00005536,Motor,97.78,110
PLC00006793,Health,141.61,44
PLC00008405,Life,65.88,116
PLC00003962,Property,102.12,21
PLC00006733,Life,74.64,60
PLC00002360,Travel,77.01,79
PLC00007753,Travel,84.63,29
PLC00000621,Travel,79.67,30
PLC00001232,Property,132.99,34
PLC00006496,Travel,83.12,33
PLC00009776,Life,73.5,53
PLC00002561,Life,70.46,98
PLC00003183,Property,108.34,21
PLC00001640,Travel,79.38,109
PLC00009478,Mobile,10.4,43
PLC00000342,Travel,98.21,87
PLC00006201,Motor,112.94,116
PLC00000350,Life,86.7,101
PLC00004982,Health,147.07,21
PLC00005048,Mobile,10.42,80
PLC00005667,Motor,134.69,60
PLC00007552,Motor,94.94,12
PLC00000006,Motor,78.93,69
PLC00000943,Health,119.25,87
PLC00002155,Motor,122.95,86
PLC00003728,Property,155.86,110
PLC00009281,Life,96.12,118
PLC00009716,Health,142.87,72
PLC00003675,Life,91.81,72
PLC00006159,Health,173.23,37
PLC00009459,Mobile,9.01,81
PLC00007730,Travel,91.05,65
PLC00007525,Health,176.17,76
PLC00004881,Health,140.61,46
PLC00006648,Mobile,6.35,118
PLC00004572,Motor,121.26,93
PLC00003147,Travel,59.61,42
PLC00008979,Motor,86.06,109
PLC00007780,Mobile,11.02,44
PLC00006218,Property,155.61,24
PLC00003136,Mobile,11.07,10
PLC00006543,Travel,96.33,116
PLC00008972,Motor,73.49,118
PLC00005140,Life,64.16,44
PLC00009378,Mobile,8.24,92
PLC00002484,Motor,112.71,38
PLC00004458,Travel,53.07,102
PLC00009005,Mobile,8.15,19
PLC00009920,Health,139.9,26
PLC00008944,Motor,139.59,19
PLC00008421,Motor,111.7,74
PLC00006913,Motor,112.6,46
PLC00003828,Property,140.96,8
PLC00004865,Health,101.59,42
PLC00009465,Mobile,10.73,45
PLC00004450,Motor,130.89,119
PLC00003441,Health,120.55,45
PLC00008125,Motor,109.92,99
PLC00008658,Property,97.37,18
PLC00000089,Motor,87.4,91
PLC00007690,Mobile,8.96,34
PLC00006601,Mobile,8.89,9
PLC00008123,Life,56.95,118
PLC00004700,Mobile,6.7,58
PLC00003553,Life,75.79,27
PLC00006670,Motor,125.53,6
PLC00005017,Health,173.54,41
PLC00005467,Motor,116.34,61
PLC00001336,Motor,111.3,28
PLC00006872,Life,91.22,54
PLC00002879,Property,97.93,53
PLC00000829,Health,119.7,59
PLC00006534,Health,156.04,35
PLC00000281,Mobile,9.06,32
PLC00002723,Mobile,8.92,71
PLC00005274,Mobile,10.96,41
PLC00007152,Motor,89.51,102
PLC00005276,Mobile,7.74,59
PLC00009984,Life,97.9,81
PLC00000559,Mobile,6.89,51
PLC00002984,Travel,80.38,69
PLC00000674,Mobile,11.31,53
PLC00003365,Motor,108.2,61
PLC00008026,Travel,50.09,57
PLC00006784,Mobile,6.42,52
PLC00003446,Travel,77.15,33
PLC00000088,Life,82.64,72
PLC00007095,Life,94.72,84
PLC00003298,Property,145.22,117
PLC00009351,Mobile,9.97,37
PLC00000762,Property,82.73,108
PLC00005829,Motor,135.01,110
PLC00009778,Property,106.07,37
PLC00008753,Motor,127.47,27
PLC00003972,Travel,74.95,64
PLC00003376,Motor,121.51,92
PLC00007788,Mobile,6.35,14
PLC00004447,Mobile,6.9,17
PLC00003963,Health,113.61,60
PLC00007706,Motor,79.36,108
PLC00007946,Life,55.53,34
PLC00004663,Health,158.11,41
PLC00005175,Property,94.46,66
PLC00004834,Life,87.97,33
PLC00002794,Life,71.96,68
PLC00002985,Mobile,10.72,23
PLC00002373,Property,130.27,26
PLC00009867,Motor,100.89,74
PLC00000157,Property,147.42,50
PLC00000241,Travel,98.49,96
PLC00009039,Travel,74.36,40
PLC00002541,Property,141.91,50
PLC00009173,Travel,55.84,88
PLC00003917,Property,81.72,71
PLC00005234,Motor,137.91,92
PLC00004047,Property,152.94,68
PLC00001931,Travel,80.46,97
PLC00007757,Property,109.97,25
PLC00002086,Motor,127.87,72
PLC00001559,Property,105.82,63
PLC00006576,Health,115.81,37
PLC00007588,Mobile,10.67,104
PLC00000609,Health,129.29,52
PLC00008113,Health,137.55,87
PLC00007416,Mobile,11.81,60
PLC00006064,Property,150.5,67
PLC00005708,Travel,88.0,48
PLC00002342,Mobile,10.22,107
PLC00005951,Travel,82.11,111
PLC00005490,Life,74.66,79
PLC00003619,Motor,106.17,30
PLC00009541,Life,75.11,42
PLC00005886,Health,170.21,119
PLC00004026,Health,131.01,8
PLC00001850,Property,124.57,24
PLC00002715,Property,105.58,16
PLC00002675,Motor,90.07,22
PLC00008961,Travel,99.66,24
PLC00005322,Property,146.07,74
PLC00004488,Property,104.52,85
PLC00004885,Life,67.05,71
PLC00009412,Property,82.85,55
PLC00006376,Property,105.47,70
PLC00008292,Motor,107.72,27
PLC00008261,Property,149.71,84
PLC00006757,Travel,57.72,35
PLC00004012,Health,151.57,102
PLC00001899,Mobile,8.86,33
PLC00000402,Travel,62.25,116
PLC00008747,Life,93.49,18
PLC00001161,Life,69.35,43
PLC00003481,Property,81.97,32
PLC00000084,Mobile,11.72,101
PLC00000971,Property,98.7,41
PLC00008030,Travel,91.09,102
PLC00002333,Property,157.62,10
PLC00003499,Life,66.73,100
PLC00003301,Life,92.89,34
PLC00007462,Motor,92.74,87
PLC00007535,Property,105.7,48
PLC00003760,Motor,111.37,15
PLC00007184,Mobile,11.63,69
PLC00008586,Health,193.2,27
PLC00006002,Mobile,10.26,24
PLC00001843,Mobile,8.82,85
PLC00001412,Life,71.74,23
PLC00002988,Property,137.47,56
PLC00009824,Life,96.89,109
PLC00002397,Travel,98.83,117
PLC00008821,Health,116.27,119
PLC00003037,Mobile,7.79,43
PLC00007889,Motor,90.83,111
PLC00009482,Motor,91.89,118
PLC00000539,Health,109.65,94
PLC00005381,Life,52.04,7
PLC00004995,Life,62.35,23
PLC00002939,Health,140.83,16
PLC00004435,Property,129.05,93
PLC00001589,Mobile,11.95,13
PLC00002285,Property,136.67,116
PLC00006697,Property,84.54,118
PLC00005087,Life,76.92,46
PLC00005214,Travel,52.05,110
PLC00006183,Property,105.2,46
PLC00007777,Mobile,6.22,79
PLC00000983,Life,78.24,45
PLC00004317,Travel,54.62,8
PLC00002664,Health,101.85,46
PLC00003036,Travel,59.33,51
PLC00008962,Health,135.82,9
PLC00002509,Health,190.93,12
PLC00002138,Life,98.75,27
PLC00004533,Property,82.87,119
PLC00003135,Mobile,7.85,41
PLC00006726,Health,117.19,66
PLC00002768,Mobile,11.38,108
PLC00009732,Life,66.54,101
PLC00005250,Motor,109.4,111
PLC00005583,Health,194.87,13
PLC00004501,Motor,74.46,38
PLC00003682,Life,89.08,56
PLC00000012,Life,70.53,71
PLC00005472,Property,108.55,73
PLC00000174,Health,162.66,115
PLC00008346,Health,145.92,41
PLC00005447,Motor,104.64,23
PLC00008337,Health,100.1,12
PLC00005459,Life,87.13,67
PLC00001558,Mobile,10.39,12
PLC00001241,Health,150.13,73
PLC00000625,Mobile,9.0,85
PLC00008889,Travel,84.58,108
PLC00009709,Life,57.7,43
PLC00000513,Property,159.12,31
PLC00007705,Travel,79.1,109
PLC00001566,Travel,51.05,112
PLC00008379,Motor,121.95,84
PLC00000439,Motor,79.85,91
PLC00004223,Property,121.18,8
PLC00005815,Property,117.59,38
PLC00001955,Life,77.56,84
PLC00000635,Motor,87.66,71
PLC00001941,Health,109.46,25
PLC00000247,Health,140.89,89
PLC00009995,Life,84.32,105
PLC00002247,Mobile,11.93,87
PLC00006735,Health,168.88,110
PLC00004747,Life,70.82,23
PLC00004845,Property,156.39,68
PLC00001602,Motor,117.0,31
PLC00009744,Mobile,8.59,72
PLC00001675,Motor,120.39,119
PLC00007264,Property,111.07,115
PLC00002834,Mobile,6.89,63
PLC00009930,Health,157.27,37
PLC00005123,Motor,78.1,18
PLC00005903,Travel,76.75,95
PLC00002058,Health,112.56,44
PLC00005152,Motor,116.28,18
PLC00008711,Motor,105.54,75
PLC00000047,Motor,75.84,50
PLC00001818,Mobile,7.33,43
PLC00002901,Property,104.21,16
PLC00000689,Travel,81.67,103
PLC00006482,Travel,68.96,82
PLC00006859,Health,193.38,98
PLC00007866,Health,148.07,102
PLC00009577,Motor,109.8,64
PLC00005709,Travel,66.53,81
PLC00005573,Property,148.28,70
PLC00003274,Health,119.4,85
PLC00000273,Travel,85.43,75
PLC00007109,Motor,123.56,67
PLC00003255,Motor,84.24,54
PLC00008177,Motor,122.06,15
PLC00007876,Travel,60.72,74
PLC00002123,Mobile,8.13,93
PLC00009165,Mobile,9.72,93
PLC00008602,Motor,70.93,14
PLC00005605,Travel,96.6,25
PLC00006028,Life,51.91,80
PLC00006338,Life,82.06,14
PLC00009285,Mobile,8.98,95
PLC00000038,Mobile,10.81,59
PLC00002388,Life,62.62,112
PLC00005742,Travel,50.33,47
PLC00005877,Motor,83.05,24
PLC00003497,Mobile,6.49,80
PLC00007191,Travel,71.68,65
PLC00004789,Travel,66.11,101
PLC00008577,Life,50.19,44
PLC00001741,Motor,80.73,9
PLC00000644,Property,119.12,92
PLC00008090,Property,116.46,108
PLC00004667,Property,96.7,55
PLC00002216,Health,178.15,96
PLC00009720,Life,91.25,40
PLC00002191,Property,153.37,119
PLC00000417,Life,53.11,36
PLC00008437,Life,84.62,14
PLC00007495,Travel,93.8,41
PLC00009369,Life,87.16,54
PLC00006578,Motor,132.3,73
PLC00003715,Health,126.27,58
PLC00005177,Mobile,9.01,103
PLC00003214,Travel,60.06,87
PLC00007699,Property,154.53,73
PLC00005909,Mobile,8.27,102
PLC00000604,Travel,72.75,87
PLC00003337,Life,75.62,38
PLC00006282,Property,154.69,61
PLC00002117,Mobile,6.98,60
PLC00005577,Motor,124.98,84
PLC00003927,Travel,71.15,111
PLC00003454,Health,184.93,115
PLC00009579,Mobile,7.48,58
PLC00009377,Health,113.7,107
PLC00002483,Travel,84.93,94
PLC00003039,Travel,89.63,111
PLC00004164,Life,89.33,32
PLC00002473,Motor,96.33,7
PLC00005104,Travel,78.12,100
PLC00009688,Travel,87.37,112
PLC00004745,Travel,89.12,60
PLC00002651,Travel,66.76,37
PLC00007857,Mobile,10.9,74
PLC00008699,Health,108.44,11
PLC00001813,Health,189.99,81
PLC00006749,Health,147.31,79
PLC00003968,Motor,98.91,78
PLC00004386,Mobile,6.71,28
PLC00004983,Life,88.16,13
PLC00002178,Mobile,6.82,74
PLC00008908,Travel,76.46,119
PLC00000945,Motor,117.4,102
PLC00008843,Life,52.59,119
PLC00002411,Property,158.07,48
PLC00001830,Travel,89.39,75
PLC00004328,Health,165.63,67
PLC00002349,Mobile,10.28,63
PLC00000949,Travel,78.05,66
PLC00001203,Mobile,10.39,106
PLC00003529,Property,103.98,67
PLC00001784,Motor,96.1,80
PLC00007787,Property,94.71,69
PLC00004295,Life,59.69,92
PLC00004666,Travel,74.27,10
PLC00002597,Property,113.87,83
PLC00008563,Motor,89.17,85
PLC00003105,Mobile,10.52,17
PLC00009496,Life,79.34,27
PLC00006091,Health,188.47,83
PLC00004603,Life,50.6,79
PLC00006050,Mobile,8.51,75
PLC00008900,Life,76.97,108
PLC00007224,Property,129.97,20
PLC00002268,Travel,56.77,18
PLC00001999,Travel,79.59,104
PLC00005871,Health,100.35,60
PLC00006114,Motor,101.39,78
PLC00003134,Life,59.78,97
PLC00000412,Travel,89.39,99
PLC00008238,Life,56.78,113
PLC00009454,Mobile,9.68,42
PLC00002798,Property,80.8,46
PLC00003862,Mobile,11.82,83
PLC00004439,Property,91.45,60
PLC00001874,Life,62.74,106
PLC00002166,Motor,116.91,39
PLC00009336,Property,124.62,85
PLC00005219,Property,119.45,69
PLC00003839,Travel,86.14,77
PLC00008871,Motor,101.69,66
PLC00007459,Travel,96.3,80
PLC00001233,Property,121.15,76
PLC00006545,Life,52.65,89
PLC00005495,Life,59.74,58
PLC00002271,Motor,79.15,118
PLC00004665,Health,145.06,106
PLC00004965,Property,127.18,45
PLC00005705,Motor,80.31,50
PLC00000410,Health,143.52,40
PLC00002950,Property,158.79,49
PLC00009708,Life,56.93,17
PLC00001727,Life,95.39,50
PLC00003307,Mobile,10.57,80
PLC00002951,Health,128.45,56
PLC00002470,Health,103.36,50
PLC00001701,Health,161.54,29
PLC00000600,Motor,88.26,116
PLC00002149,Health,129.21,25
PLC00009172,Life,98.41,71
PLC00004515,Health,149.1,18
PLC00003458,Mobile,6.5,108
PLC00002219,Life,50.09,75
PLC00007460,Motor,111.52,51
PLC00009700,Mobile,7.0,81
PLC00006806,Mobile,9.25,68
PLC00004006,Motor,108.94,65
PLC00006943,Life,70.7,82
PLC00007125,Motor,115.57,49
PLC00003546,Life,95.02,102
PLC00009527,Health,109.96,75
PLC00009717,Travel,85.44,6
PLC00007894,Travel,98.11,52
PLC00008930,Mobile,7.54,112
PLC00002862,Property,104.44,100
PLC00007265,Motor,129.35,90
PLC00007073,Travel,53.13,58
PLC00008189,Mobile,10.62,43
PLC00002169,Health,178.83,110
PLC00001101,Health,127.53,101
PLC00009234,Life,69.83,11
PLC00005930,Mobile,8.88,45
PLC00003540,Motor,121.21,93
PLC00008667,Mobile,9.5,112
PLC00009427,Life,92.96,108
PLC00008640,Motor,100.58,79
PLC00009905,Health,188.11,108
PLC00007984,Travel,80.24,71
PLC00002116,Travel,60.15,35
PLC00002050,Motor,85.78,18
PLC00003473,Health,183.37,97
PLC00007350,Motor,82.89,94
PLC00007502,Health,162.65,86
PLC00000826,Mobile,11.21,6
PLC00008783,Property,102.15,55
PLC00007696,Mobile,9.24,76
PLC00008966,Travel,72.92,75
PLC00006458,Motor,138.06,47
PLC00000895,Mobile,7.74,55
PLC00006129,Travel,63.13,86
PLC00004507,Property,159.86,14
PLC00007930,Health,175.62,44
PLC00008301,Life,73.24,101
PLC00001779,Life,52.71,57
PLC00002098,Life,97.31,11
PLC00003493,Mobile,7.07,11
PLC00001115,Life,76.94,25
PLC00002462,Health,137.37,119
PLC00001010,Motor,79.47,66
PLC00009997,Health,114.51,37
PLC00006579,Health,135.93,47
PLC00006902,Life,77.68,82
PLC00001027,Life,79.9,22
PLC00008855,Health,146.99,112
PLC00004773,Travel,64.35,63
PLC00000101,Health,113.56,10
PLC00009792,Travel,73.45,114
PLC00006522,Life,53.84,116
PLC00003782,Health,184.48,72
PLC00003370,Mobile,8.56,31
PLC00000185,Property,91.32,103
PLC00002641,Property,91.44,86
PLC00002526,Mobile,9.66,99
PLC00001254,Mobile,9.8,101
PLC00001397,Motor,91.52,59
PLC00008612,Health,131.25,47
PLC00009168,Travel,74.83,53
PLC00009639,Travel,50.14,116
PLC00008275,Travel,58.25,93
PLC00006301,Health,109.43,83
PLC00005282,Life,89.05,62
PLC00008751,Life,55.5,24
PLC00009475,Travel,69.08,6
PLC00000162,Motor,70.76,114
PLC00004095,Property,95.67,54
PLC00003139,Property,94.96,94
PLC00006347,Motor,128.7,98
PLC00003928,Property,159.13,29
PLC00001732,Motor,79.61,113
PLC00005357,Motor,109.18,66
PLC00008073,Health,186.44,22
PLC00003573,Life,98.81,63
PLC00006553,Life,94.63,31
PLC00008556,Property,106.95,18
PLC00000107,Life,52.7,91
PLC00001153,Property,138.39,30
PLC00008093,Motor,78.26,107
PLC00008869,Mobile,7.49,17
PLC00004143,Travel,77.28,12
PLC00001962,Life,61.34,79
PLC00000850,Health,179.0,62
PLC00001343,Travel,90.2,9
PLC00002530,Motor,89.24,108
PLC00004684,Mobile,10.71,99
PLC00006995,Health,182.79,99
PLC00009517,Health,118.02,63
PLC00006126,Mobile,10.9,83
PLC00006919,Life,51.76,109
PLC00002371,Motor,109.23,35
PLC00007259,Life,68.51,38
PLC00008132,Property,138.81,54
PLC00004445,Mobile,7.13,82
PLC00000254,Health,104.61,24
PLC00008715,Life,79.26,42
PLC00008302,Mobile,6.6,89
PLC00008220,Life,78.36,101
PLC00005810,Life,59.05,7
PLC00009908,Motor,78.08,56
PLC00001523,Life,95.16,63
PLC00004007,Property,155.75,88
PLC00006532,Property,95.37,58
PLC00003367,Health,173.21,47
PLC00009520,Travel,77.43,27
PLC00005385,Motor,78.89,113
PLC00009555,Health,105.51,12
PLC00001536,Property,157.5,87
PLC00005589,Health,136.09,63
PLC00008262,Life,91.75,95
PLC00005085,Travel,67.75,117
PLC00008697,Health,147.3,115
PLC00003044,Health,101.81,40
PLC00000502,Mobile,6.29,72
PLC00008585,Travel,51.23,87
PLC00004358,Property,156.85,86
PLC00001645,Life,56.31,97
PLC00009287,Motor,71.97,72
PLC00002710,Property,124.41,81
PLC00006305,Mobile,7.63,112
PLC00006222,Motor,90.37,38
PLC00008497,Life,69.84,39
PLC00008249,Travel,88.36,29
PLC00009113,Life,74.5,32
PLC00000508,Travel,88.85,102
PLC00000409,Travel,83.98,48
PLC00004526,Property,106.64,89
PLC00009878,Property,128.71,88
PLC00007004,Property,112.18,86
PLC00006666,Motor,85.53,58
PLC00003717,Mobile,11.61,116
PLC00003925,Property,130.07,56
PLC00003812,Travel,70.17,75
PLC00000900,Travel,88.0,78
PLC00004495,Mobile,7.77,86
PLC00001139,Life,76.4,100
PLC00009004,Property,145.58,104
PLC00006311,Life,54.12,79
PLC00007340,Mobile,9.74,9
PLC00006252,Mobile,8.99,113
PLC00002358,Property,120.66,112
PLC00004400,Health,154.03,69
PLC00002860,Mobile,7.14,20
PLC00002758,Health,154.09,14
PLC00004693,Property,133.04,59
PLC00008720,Life,97.81,89
PLC00003593,Life,54.59,7
PLC00005763,Travel,78.2,99
PLC00004108,Motor,74.6,20
PLC00003300,Mobile,10.07,106
PLC00008799,Travel,65.39,53
PLC00004792,Health,130.27,71
PLC00003192,Motor,131.26,46
PLC00001526,Travel,62.43,100
PLC00002550,Life,95.68,10
PLC00003578,Health,127.54,82
PLC00004423,Travel,71.4,47
PLC00005453,Health,101.53,114
PLC00001598,Mobile,11.15,33
PLC00005436,Motor,85.35,53
PLC00007451,Property,125.58,23
PLC00008173,Travel,62.96,54
PLC00006990,Travel,72.84,41
PLC00003440,Motor,87.65,30
PLC00005890,Mobile,10.43,107
PLC00001217,Motor,83.14,65
PLC00003112,Mobile,10.55,95
PLC00008458,Motor,121.64,35
PLC00003733,Mobile,10.84,95
PLC00000223,Travel,77.51,76
PLC00002221,Life,84.17,42
PLC00002186,Motor,102.16,99
PLC00008183,Travel,94.18,42
PLC00008921,Travel,82.04,44
PLC00000869,Life,79.73,95
PLC00003133,Property,115.41,58
PLC00006072,Health,183.37,119
PLC00001486,Life,67.66,28
PLC00006602,Mobile,6.1,10
PLC00001552,Mobile,9.91,26
PLC00004911,Travel,77.3,26
PLC00002854,Travel,69.09,76
PLC00008089,Property,107.67,24
PLC00002587,Motor,110.43,115
PLC00002980,Property,142.11,79
PLC00008614,Travel,96.92,88
PLC00005947,Mobile,11.94,97
PLC00004141,Life,80.44,48
PLC00008877,Health,193.84,93
PLC00002042,Property,127.95,31
PLC00004827,Life,84.28,104
PLC00008619,Travel,58.62,15
PLC00009127,Travel,52.52,32
PLC00003732,Motor,118.57,48
PLC00001337,Property,105.64,54
PLC00004031,Mobile,10.6,28
PLC00001531,Mobile,10.56,115
PLC00007311,Travel,99.55,92
PLC00006723,Travel,80.74,10
PLC00000452,Life,59.72,48
PLC00008350,Property,141.62,97
PLC00000839,Life,76.32,99
PLC00005811,Health,111.98,7
PLC00003886,Travel,52.3,13
PLC00007631,Health,162.85,44
PLC00009177,Travel,65.97,111
PLC00002113,Motor,97.51,52
PLC00007609,Property,117.6,24
PLC00002461,Health,176.12,39
PLC00007421,Property,129.27,101
PLC00001288,Life,79.08,10
PLC00009617,Mobile,11.81,39
PLC00009182,Property,111.01,81
PLC00006418,Property,134.15,11
PLC00001680,Life,73.13,92
PLC00001997,Travel,50.78,46
PLC00008856,Motor,93.88,10
PLC00007500,Life,56.86,92
PLC00007811,Life,88.67,110
PLC00007577,Travel,54.05,101
PLC00000690,Motor,89.53,93
PLC00001278,Motor,71.29,14
PLC00000305,Mobile,10.51,15
PLC00002226,Property,125.84,100
PLC00007359,Travel,70.89,52
PLC00001694,Travel,54.82,90
PLC00000293,Life,88.07,114
PLC00007449,Travel,77.21,116
PLC00005807,Mobile,10.02,89
PLC00008565,Life,95.46,112
PLC00003785,Life,67.11,10
PLC00008888,Life,82.17,56
PLC00007475,Travel,50.71,116
PLC00001661,Motor,96.0,46
PLC00006630,Mobile,6.42,39
PLC00000026,Life,76.11,96
PLC00007803,Life,84.66,34
PLC00001665,Property,121.96,84
PLC00000718,Motor,71.96,101
PLC00001821,Property,84.19,98
PLC00009674,Property,82.35,75
PLC00003403,Travel,88.45,107
PLC00003210,Mobile,11.3,6
PLC00002369,Travel,84.27,24
PLC00003610,Health,103.88,104
PLC00005340,Life,84.17,22
PLC00007727,Property,144.58,107
PLC00009402,Property,140.94,100
PLC00001025,Travel,86.12,75
PLC00005557,Life,50.73,93
PLC00008924,Health,122.8,60
PLC00000147,Mobile,7.17,87
PLC00000206,Motor,123.18,80
PLC00003806,Property,151.19,60
PLC00000999,Health,141.78,73
PLC00006399,Health,167.46,88
PLC00002198,Mobile,6.4,92
PLC00003360,Motor,123.1,23
PLC00001038,Mobile,6.17,82
PLC00005132,Mobile,8.73,66
PLC00005312,Health,129.65,74
PLC00000761,Mobile,8.16,115
PLC00006174,Life,56.65,40
PLC00001138,Mobile,7.98,20
PLC00009148,Travel,93.71,56
PLC00007722,Motor,90.68,51
PLC00005284,Health,108.98,21
PLC00009197,Travel,70.08,59
PLC00009400,Health,199.52,34
PLC00003534,Mobile,7.23,79
PLC00002064,Life,75.47,66
PLC00002963,Health,124.55,75
PLC00006216,Travel,70.41,24
PLC00005860,Property,127.0,35
PLC00006036,Mobile,8.15,112
PLC00004228,Travel,80.83,106
PLC00000209,Travel,62.81,86
PLC00004528,Motor,123.44,61
PLC00001778,Motor,113.84,119
PLC00006283,Mobile,9.6,94
PLC00008656,Mobile,9.45,117
PLC00007257,Property,153.16,96
PLC00003304,Life,63.55,14
PLC00007003,Mobile,6.34,99
PLC00005315,Health,111.61,89
PLC00008581,Health,118.75,75
PLC00002227,Life,78.6,95
PLC00006239,Travel,80.79,105
PLC00001056,Life,83.81,45
PLC00003323,Life,51.79,77
PLC00004569,Motor,72.06,109
PLC00004787,Mobile,11.97,41
PLC00001663,Life,95.37,87
PLC00007349,Motor,70.92,75
PLC00003159,Mobile,7.08,43
PLC00001088,Mobile,6.42,96
PLC00000320,Travel,63.37,56
PLC00005749,Mobile,7.53,57
PLC00001113,Life,74.3,24
PLC00005523,Mobile,9.5,24
PLC00006640,Mobile,7.83,14
PLC00005409,Motor,75.68,35
PLC00008451,Property,151.84,33
PLC00002175,Property,150.59,74
PLC00000486,Property,87.97,63
PLC00005843,Property,132.98,69
PLC00004925,Mobile,6.49,59
PLC00008808,Travel,79.98,48
PLC00009819,Health,190.9,75
PLC00002425,Motor,129.48,7
PLC00003075,Travel,52.36,56
PLC00006478,Property,105.1,9
PLC00000443,Health,132.45,88
PLC00009078,Travel,72.6,97
PLC00008730,Mobile,6.06,34
PLC00005046,Property,143.29,72
PLC00004917,Health,106.34,18
PLC00008917,Life,66.67,67
PLC00005759,Mobile,7.0,117
PLC00006256,Mobile,10.31,34
PLC00005707,Travel,58.91,69
PLC00009750,Property,110.96,93
PLC00002693,Mobile,7.57,78
PLC00007373,Life,67.7,53
PLC00009551,Life,83.34,91
PLC00008071,Mobile,10.74,59
PLC00002911,Health,114.03,14
PLC00001923,Life,96.64,96
PLC00004607,Mobile,10.62,67
PLC00007671,Mobile,7.32,113
PLC00008573,Motor,103.78,55
PLC00007591,Life,52.82,55
PLC00000034,Travel,87.61,22
PLC00009698,Travel,81.28,84
PLC00004642,Health,172.73,95
PLC00004593,Property,129.14,109
PLC00003243,Property,96.15,23
PLC00008514,Health,174.03,13
PLC00007543,Mobile,9.31,106
PLC00003608,Mobile,10.16,42
PLC00000512,Life,69.13,105
PLC00008964,Motor,97.65,102
PLC00009364,Motor,122.46,70
PLC00001641,Motor,133.7,62
PLC00005380,Travel,84.26,116
PLC00006099,Motor,86.21,7
PLC00008087,Motor,118.79,116
PLC00006227,Travel,61.57,110
PLC00005359,Property,106.79,56
PLC00003069,Travel,69.24,114
PLC00008967,Motor,110.87,65
PLC00000620,Travel,55.05,93
PLC00006725,Motor,137.35,47
PLC00002746,Mobile,8.03,36
PLC00008422,Property,107.87,24
PLC00008410,Mobile,7.07,82
PLC00008330,Health,108.81,66
PLC00004713,Life,79.86,93
PLC00005279,Health,112.32,104
PLC00003359,Mobile,6.18,57
PLC00004976,Mobile,9.25,71
PLC00002245,Mobile,11.87,107
PLC00000638,Travel,85.53,11
PLC00005907,Travel,95.12,23
PLC00009390,Property,110.39,97
PLC00004252,Motor,99.57,31
PLC00004939,Mobile,7.35,68
PLC00000027,Mobile,11.5,68
PLC00003175,Health,121.31,106
PLC00004473,Motor,111.1,18
PLC00000349,Health,136.43,113
PLC00004206,Travel,52.2,41
PLC00004805,Property,124.27,13
PLC00008953,Mobile,8.31,6
PLC00000509,Mobile,11.24,77
PLC00009647,Travel,58.8,117
PLC00004490,Motor,133.76,29
PLC00006933,Travel,92.29,33
PLC00005071,Motor,134.18,7
PLC00001013,Property,137.64,82
PLC00000301,Travel,98.92,107
PLC00001928,Life,65.35,63
PLC00005441,Travel,70.94,51
PLC00006123,Motor,136.57,11
PLC00006042,Health,194.94,105
PLC00009415,Travel,93.0,80
PLC00004873,Property,127.68,40
PLC00009729,Property,159.18,117
PLC00000959,Motor,80.32,89
PLC00001066,Travel,56.51,38
PLC00005771,Property,122.76,31
PLC00000165,Property,157.18,106
PLC00002112,Motor,117.72,39
PLC00008679,Motor,85.44,35
PLC00007469,Property,83.28,8
PLC00005129,Life,65.58,43
PLC00008122,Property,141.48,24
PLC00009286,Mobile,11.82,38
PLC00007652,Travel,68.56,66
PLC00001422,Property,87.15,65
PLC00005375,Property,130.97,23
PLC00000373,Health,126.16,22
PLC00005881,Life,86.0,69
PLC00005984,Health,120.29,34
PLC00001601,Property,141.46,13
PLC00003808,Mobile,6.18,98
PLC00006959,Motor,85.09,8
PLC00007271,Travel,58.9,53
PLC00009977,Travel,98.27,107
PLC00009332,Life,71.65,73
PLC00002534,Motor,94.66,27
PLC00007555,Life,97.25,28
PLC00005702,Motor,123.54,47
PLC00000557,Motor,123.35,11
PLC00001662,Mobile,8.84,56
PLC00002335,Life,92.46,103
PLC00000142,Life,63.97,36
PLC00008557,Life,57.15,6
PLC00003157,Health,103.34,26
PLC00000279,Mobile,9.93,119
PLC00001354,Property,92.97,102
PLC00009462,Mobile,8.33,110
PLC00007029,Life,86.12,15
PLC00005419,Property,117.43,87
PLC00005215,Health,115.73,111
PLC00003163,Travel,75.49,25
PLC00003186,Life,69.97,7
PLC00006090,Mobile,10.15,25
PLC00009854,Mobile,8.93,94
PLC00009699,Motor,117.26,31
PLC00008471,Property,140.98,9
PLC00000808,Life,56.22,51
PLC00004631,Health,151.18,33
PLC00003443,Motor,94.8,104
PLC00000607,Mobile,10.33,110
PLC00008707,Property,102.65,95
PLC00002305,Life,90.8,26
PLC00002304,Property,94.49,81
PLC00005389,Mobile,9.55,21
PLC00004923,Life,56.12,48
PLC00006370,Travel,73.13,81
PLC00000719,Travel,71.12,42
PLC00008156,Health,175.56,43
PLC00008155,Property,96.6,12
PLC00007102,Travel,56.38,59
PLC00005919,Life,51.05,10
PLC00004098,Life,83.99,42
PLC00007025,Life,68.82,34
PLC00007878,Travel,80.04,7
PLC00001481,Health,141.65,16
PLC00000925,Property,142.93,116
PLC00002432,Life,83.33,75
PLC00006865,Motor,132.93,58
PLC00003786,Mobile,6.62,105
PLC00000148,Life,80.67,44
PLC00003088,Health,121.88,69
PLC00008824,Property,148.23,91
PLC00003100,Health,169.84,67
PLC00005879,Life,64.61,58
PLC00007790,Motor,70.87,73
PLC00007006,Property,145.4,46
PLC00008115,Travel,65.44,100
PLC00000968,Travel,76.13,73
PLC00008517,Motor,108.84,56
PLC00004078,Travel,68.39,37
PLC00005980,Life,92.7,12
PLC00004085,Motor,136.29,10
PLC00005570,Travel,97.49,66
PLC00009951,Motor,111.65,118
PLC00000834,Life,74.66,67
PLC00005565,Life,89.74,52
PLC00005655,Motor,85.97,113
PLC00000686,Property,126.47,93
PLC00000083,Travel,50.1,92
PLC00002107,Life,90.16,97
PLC00004676,Mobile,9.59,112
PLC00007954,Mobile,7.33,6
PLC00009226,Property,120.97,98
PLC00001376,Mobile,10.63,118
PLC00006316,Travel,74.74,67
PLC00005781,Life,98.18,100
PLC00001722,Health,114.61,117
PLC00008534,Property,83.37,78
PLC00009100,Travel,66.46,64
PLC00001595,Property,156.36,8
PLC00004941,Life,72.35,69
PLC00002049,Property,115.1,86
PLC00001585,Property,124.97,14
PLC00001538,Health,120.46,42
PLC00008721,Health,167.32,68
PLC00008750,Property,82.11,17
PLC00007268,Health,173.18,116
PLC00004241,Motor,125.61,86
PLC00009056,Travel,69.53,96
PLC00004860,Health,158.78,44
PLC00002520,Mobile,7.37,75
PLC00009411,Life,88.29,117
PLC00009596,Motor,98.3,85
PLC00006420,Life,62.45,25
PLC00008913,Life,75.73,76
PLC00003985,Life,68.3,72
PLC00000031,Travel,82.31,25
PLC00002575,Property,127.56,15
PLC00007445,Life,92.9,55
PLC00000331,Life,98.46,114
PLC00004256,Life,85.75,17
PLC00009676,Property,89.38,18
PLC00003884,Property,113.23,35
PLC00000212,Life,86.77,118
PLC00009590,Travel,72.49,97
PLC00004348,Life,89.56,63
PLC00009542,Travel,71.89,112
PLC00003740,Travel,62.68,83
PLC00005351,Health,123.26,47
PLC00000541,Property,111.5,116
PLC00006491,Property,140.38,106
PLC00006649,Travel,71.76,83
PLC00004224,Mobile,8.38,80
PLC00008270,Mobile,9.41,69
PLC00004148,Property,141.41,62
PLC00004722,Life,92.74,110
PLC00000888,Motor,101.27,88
PLC00005769,Life,52.52,21
PLC00007148,Travel,75.79,58
PLC00005567,Mobile,7.11,115
PLC00004366,Health,184.96,57
PLC00000543,Mobile,7.77,49
PLC00007879,Travel,61.98,105
PLC00004155,Life,79.42,38
PLC00008152,Motor,128.73,48
PLC00009597,Travel,96.33,54
PLC00006914,Property,128.92,34
PLC00006459,Travel,69.61,14
PLC00004171,Mobile,9.91,58
PLC00006226,Motor,133.72,89
PLC00000450,Health,143.83,29
PLC00000015,Health,165.75,91
PLC00007619,Life,84.16,36
PLC00007506,Travel,70.4,16
PLC00004818,Mobile,8.6,110
PLC00001765,Life,84.44,26
PLC00002075,Travel,85.74,50
PLC00000920,Motor,133.19,49
PLC00003490,Property,84.41,44
PLC00004242,Mobile,9.15,101
PLC00002578,Mobile,8.41,72
PLC00002887,Property,120.07,68
PLC00006106,Property,138.12,62
PLC00008482,Property,81.77,83
PLC00009212,Health,104.99,59
PLC00002612,Travel,57.12,52
PLC00004656,Life,76.09,9
PLC00007032,Mobile,10.59,108
PLC00002150,Mobile,9.31,75
PLC00006472,Travel,68.03,79
PLC00000347,Motor,98.94,51
PLC00007316,Health,184.38,51
PLC00002422,Mobile,7.78,89
PLC00008013,Health,183.75,102
PLC00006979,Life,67.55,13
PLC00003751,Health,131.7,6
PLC00003747,Life,70.01,53
PLC00007139,Life,86.92,33
PLC00007602,Health,100.78,29
PLC00005110,Motor,134.28,47
PLC00003130,Life,89.51,40
PLC00005024,Property,121.13,26
PLC00006011,Health,159.02,42
PLC00007141,Property,154.93,45
PLC00008008,Property,94.35,99
PLC00002784,Life,54.1,39
PLC00002253,Travel,67.32,105
PLC00003409,Mobile,6.07,111
PLC00009429,Motor,97.47,91
PLC00001099,Mobile,11.44,79
PLC00009987,Property,105.7,24
PLC00000821,Life,63.41,31
PLC00002420,Mobile,11.38,61
PLC00003961,Life,63.69,7
PLC00009007,Health,152.97,20
PLC00003124,Motor,121.48,99
PLC00005942,Mobile,6.17,113
PLC00009290,Motor,115.06,15
PLC00008770,Health,127.54,87
PLC00005192,Health,166.78,80
PLC00005632,Travel,97.01,28
PLC00009222,Travel,69.29,119
PLC00000641,Motor,96.11,103
PLC00000536,Health,199.21,68
PLC00005193,Life,90.02,10
PLC00001463,Travel,99.44,113
PLC00009836,Travel,94.55,29
PLC00006493,Travel,75.71,8
PLC00004226,Travel,79.37,107
PLC00009954,Motor,103.74,76
PLC00002622,Life,79.62,104
PLC00003471,Mobile,6.79,12
PLC00007341,Property,107.26,92
PLC00005744,Property,111.62,28
PLC00000944,Travel,70.91,116
PLC00001034,Motor,139.43,25
PLC00001263,Mobile,11.47,78
PLC00007779,Mobile,6.29,48
PLC00000070,Travel,99.58,39
PLC00005144,Travel,57.08,86
PLC00008078,Mobile,10.61,113
PLC00005603,Mobile,10.42,17
PLC00000705,Health,124.44,42
PLC00001188,Motor,87.52,43
PLC00003845,Property,108.86,67
PLC00004555,Motor,106.28,53
PLC00003487,Motor,109.41,107
PLC00001414,Mobile,11.53,44
PLC00000426,Health,194.25,48
PLC00001564,Mobile,10.12,75
PLC00005713,Travel,84.1,104
PLC00007394,Property,155.94,60
PLC00004110,Mobile,9.07,89
PLC00004732,Motor,136.76,102
PLC00007873,Property,107.35,10
PLC00000476,Life,98.21,28
PLC00005130,Mobile,7.36,46
PLC00007726,Mobile,6.6,45
PLC00003351,Travel,56.19,31
PLC00005609,Health,109.62,103
PLC00002833,Mobile,8.24,58
PLC00008098,Life,83.99,104
PLC00009760,Life,68.52,40
PLC00003768,Mobile,6.48,44
PLC00004630,Health,146.72,69
PLC00003581,Motor,132.73,97
PLC00009124,Health,176.03,81
PLC00005333,Health,198.14,118
PLC00008594,Motor,110.1,66
PLC00004781,Property,146.67,41
PLC00003045,Travel,78.74,105
PLC00007468,Property,128.22,17
PLC00002804,Travel,56.54,115
PLC00006829,Health,184.78,100
PLC00005270,Property,147.44,60
PLC00004446,Travel,69.36,113
PLC00008393,Life,74.75,28
PLC00001979,Mobile,7.83,113
PLC00004162,Life,88.37,63
PLC00000595,Motor,124.7,72
PLC00009321,Travel,56.24,112
PLC00009963,Travel,51.12,74
PLC00007376,Mobile,7.49,102
PLC00003614,Health,159.45,101
PLC00002906,Property,125.16,47
PLC00003853,Mobile,9.92,104
PLC00001089,Motor,78.07,24
PLC00002478,Life,97.94,38
PLC00006930,Motor,104.46,39
PLC00003267,Mobile,7.12,75
PLC00003222,Mobile,8.53,108
PLC00007651,Travel,89.09,93
PLC00002761,Health,162.1,86
PLC00005845,Motor,73.53,35
PLC00009357,Life,79.49,106
PLC00002569,Property,120.67,31
PLC00001208,Mobile,7.77,102
PLC00002735,Mobile,6.08,84
PLC00000642,Life,90.25,95
PLC00001792,Health,143.56,44
PLC00000092,Mobile,11.22,73
PLC00009239,Motor,79.59,38
PLC00008820,Travel,61.57,97
PLC00006181,Travel,86.14,42
PLC00001202,Life,55.13,19
PLC00008653,Property,88.7,90
PLC00009096,Life,61.44,17
PLC00003294,Travel,55.52,78
PLC00003729,Property,149.77,71
PLC00007239,Health,138.52,26
PLC00000617,Travel,74.75,55
PLC00007824,Motor,117.5,61
PLC00006354,Motor,117.05,109
PLC00002503,Property,128.05,47
PLC00001433,Health,129.09,110
PLC00009359,Property,150.12,51
PLC00003811,Motor,124.27,25
PLC00003362,Health,107.55,90
PLC00000416,Life,71.1,69
PLC00008768,Motor,71.04,22
PLC00009711,Health,102.44,105
PLC00006823,Health,137.54,74
PLC00008660,Life,56.71,71
PLC00007820,Life,67.63,12
PLC00000682,Health,121.29,108
PLC00007074,Property,121.52,22
PLC00006696,Travel,74.4,82
PLC00001963,Health,123.94,20
PLC00002298,Travel,81.8,77
PLC00003076,Life,56.47,50
PLC00006795,Travel,73.29,69
PLC00001053,Travel,80.94,93
PLC00009325,Health,115.82,93
PLC00003648,Life,81.66,61
PLC00000573,Property,143.82,76
PLC00008817,Travel,51.07,101
PLC00001673,Property,115.16,105
PLC00000394,Mobile,6.96,42
PLC00004494,Mobile,7.26,25
PLC00000640,Travel,53.97,82
PLC00003048,Property,110.61,76
PLC00006947,Motor,94.17,15
PLC00002565,Motor,73.25,20
PLC00008541,Life,98.41,18
PLC00007488,Travel,81.27,92
PLC00001373,Health,153.49,54
PLC00000378,Motor,111.26,25
PLC00006304,Mobile,8.02,94
PLC00000287,Property,87.81,48
PLC00001216,Motor,136.6,14
PLC00008766,Health,150.16,108
PLC00000258,Property,109.9,109
PLC00007912,Health,137.63,41
PLC00001026,Life,86.14,30
PLC00002237,Health,136.65,58
PLC00008490,Mobile,7.51,32
PLC00005940,Mobile,10.68,47
PLC00000987,Motor,73.76,92
PLC00000317,Health,128.67,85
PLC00006830,Motor,82.21,13
PLC00008575,Mobile,6.54,101
PLC00003978,Property,114.58,110
PLC00002479,Health,127.72,77
PLC00007117,Property,92.26,118
PLC00005165,Health,100.6,75
PLC00001156,Life,78.7,77
PLC00007918,Travel,61.97,48
PLC00006691,Travel,89.72,119
PLC00000816,Travel,68.83,102
PLC00007955,Property,159.81,100
PLC00002922,Mobile,7.12,91
PLC00002706,Mobile,9.96,86
PLC00002676,Property,138.26,21
PLC00003518,Health,104.76,113
PLC00003636,Mobile,9.15,21
PLC00008362,Life,90.45,90
PLC00008267,Health,125.59,58
PLC00006397,Motor,87.6,53
PLC00009225,Mobile,9.03,24
PLC00006577,Motor,118.57,70
PLC00000720,Property,138.68,65
PLC00006141,Mobile,6.37,82
PLC00002201,Life,73.64,28
PLC00009206,Mobile,10.96,40
PLC00008081,Health,188.65,38
PLC00002339,Health,128.43,41
PLC00005554,Health,179.85,92
PLC00009533,Mobile,6.91,24
PLC00000506,Mobile,8.55,27
PLC00004087,Motor,127.71,97
PLC00007339,Motor,70.85,94
PLC00001647,Property,140.61,66
PLC00005398,Mobile,9.98,112
PLC00001908,Property,80.32,41
PLC00009008,Travel,70.29,72
PLC00005944,Health,138.71,82
PLC00007413,Mobile,6.08,19
PLC00002209,Property,146.3,9
PLC00009848,Motor,83.81,21
PLC00008320,Motor,134.61,60
PLC00007853,Property,106.74,13
PLC00000298,Health,156.51,99
PLC00005393,Mobile,7.27,92
PLC00001392,Life,97.73,70
PLC00000488,Life,60.44,19
PLC00001823,Property,87.46,38
PLC00002905,Health,159.74,13
PLC00009644,Life,73.82,29
PLC00001396,Life,53.04,46
PLC00003919,Health,133.92,14
PLC00003672,Mobile,9.73,59
PLC00003888,Mobile,8.45,43
PLC00002222,Travel,64.27,53
PLC00002192,Health,148.99,13
PLC00008070,Health,199.92,63
PLC00000791,Motor,130.96,95
PLC00000776,Health,107.29,25
PLC00007329,Motor,73.81,18
PLC00009630,Property,135.39,23
PLC00002781,Life,68.59,18
PLC00007440,Property,105.06,9
PLC00007007,Life,84.52,16
PLC00001684,Health,165.2,106
PLC00004734,Travel,66.4,54
PLC00007585,Life,54.04,25
PLC00006124,Health,178.84,49
PLC00003406,Mobile,9.76,10
PLC00005004,Mobile,6.37,74
PLC00000819,Mobile,10.05,67
PLC00003876,Health,160.97,55
PLC00005464,Motor,109.85,21
PLC00000112,Health,101.38,29
PLC00006132,Life,87.16,19
PLC00003564,Life,86.83,93
PLC00002840,Life,72.44,82
PLC00007987,Property,152.37,58
PLC00008063,Travel,54.43,65
PLC00006403,Mobile,6.4,106
PLC00005819,Travel,79.03,26
PLC00002040,Motor,126.93,52
PLC00002294,Property,136.54,83
PLC00005388,Property,112.35,81
PLC00004866,Health,102.34,68
PLC00000753,Life,81.27,107
PLC00004602,Mobile,10.93,79
PLC00005782,Mobile,6.19,18
PLC00009210,Property,128.54,44
PLC00000376,Mobile,9.26,50
PLC00002817,Health,188.42,59
PLC00006358,Health,159.47,38
PLC00006232,Health,124.89,39
PLC00001316,Motor,105.08,10
PLC00001705,Mobile,10.37,43
PLC00008375,Health,144.7,89
PLC00001502,Health,115.3,13
PLC00000532,Travel,51.66,86
PLC00000967,Property,132.33,9
PLC00008765,Life,99.08,114
PLC00008590,Mobile,9.75,11
PLC00007241,Life,82.06,100
PLC00007579,Health,185.56,46
PLC00005838,Property,136.14,7
PLC00008473,Mobile,9.1,109
PLC00003051,Health,180.07,111
PLC00003801,Health,160.44,44
PLC00000773,Motor,126.21,8
PLC00002954,Mobile,7.55,24
PLC00006555,Life,86.56,43
PLC00005868,Mobile,6.71,11
PLC00009489,Travel,75.56,54
PLC00009031,Travel,51.24,100
PLC00002249,Health,169.48,59
PLC00006847,Health,182.79,94
PLC00001756,Motor,83.24,70
PLC00008599,Mobile,7.72,61
PLC00004101,Travel,62.7,11
PLC00008550,Mobile,8.27,60
PLC00000471,Mobile,7.47,19
PLC00008162,Life,59.6,28
PLC00009948,Travel,95.68,30
PLC00001911,Life,98.21,27
PLC00001648,Property,145.21,87
PLC00006656,Health,166.0,100
PLC00005675,Property,156.8,20
PLC00007725,Health,136.93,87
PLC00003332,Health,158.0,110
PLC00006467,Property,129.59,108
PLC00003902,Health,121.89,68
PLC00007815,Health,193.9,113
PLC00008669,Property,117.48,35
PLC00002102,Property,99.99,112
PLC00003234,Life,68.44,97
PLC00004448,Life,97.01,59
PLC00007926,Property,152.08,45
PLC00007923,Life,66.77,32
PLC00002460,Motor,94.74,30
PLC00007255,Mobile,11.04,60
PLC00009634,Motor,71.15,66
PLC00000616,Health,151.24,42
PLC00007140,Health,105.29,27
PLC00004847,Property,98.79,65
PLC00006675,Travel,86.6,12
PLC00008121,Mobile,9.22,118
PLC00005178,Life,81.86,97
PLC00002284,Travel,94.27,100
PLC00009481,Property,148.38,21
PLC00002549,Health,183.27,41
PLC00008059,Property,83.02,77
PLC00005894,Health,151.54,31
PLC00002783,Mobile,9.6,32
PLC00001255,Property,115.33,97
PLC00006790,Mobile,8.35,100
PLC00006839,Property,145.33,59
PLC00003122,Mobile,7.5,59
PLC00005414,Mobile,8.54,34
PLC00001473,Health,137.88,7
PLC00001681,Travel,85.7,87
PLC00004949,Life,73.46,97
PLC00001022,Travel,54.08,99
PLC00009447,Motor,75.36,25
PLC00004584,Life,61.0,38
PLC00005836,Motor,83.53,91
PLC00005131,Travel,79.27,47
PLC00006278,Motor,73.53,58
PLC00003291,Motor,127.17,90
PLC00004576,Health,182.43,107
PLC00000822,Motor,85.07,85
PLC00009576,Property,130.75,115
PLC00002858,Life,81.23,97
PLC00008823,Health,137.97,67
PLC00003330,Motor,78.5,15
PLC00002966,Property,119.78,66
PLC00001650,Travel,85.25,71
PLC00008616,Motor,82.78,23
PLC00000599,Property,134.29,30
PLC00008911,Property,144.47,8
PLC00008466,Mobile,11.02,24
PLC00000505,Property,83.82,59
PLC00005365,Life,96.09,57
PLC00000303,Mobile,10.47,35
PLC00008507,Health,192.72,72
PLC00004417,Mobile,10.2,105
PLC00005580,Life,54.58,89
PLC00004810,Travel,92.42,15
PLC00006890,Property,97.59,13
PLC00006336,Motor,126.7,41
PLC00004737,Travel,66.26,79
PLC00008222,Motor,120.2,20
PLC00002770,Property,99.79,20
PLC00006917,Travel,54.57,88
PLC00003774,Mobile,10.44,28
PLC00006761,Life,80.21,56
PLC00007345,Health,151.68,17
PLC00001441,Property,103.88,111
PLC00001637,Property,99.92,18
PLC00005416,Health,118.63,60
PLC00008806,Mobile,10.95,16
PLC00003903,Motor,70.28,8
PLC00002368,Health,185.43,92
PLC00008317,Health,109.56,75
PLC00004760,Property,139.87,110
PLC00005548,Travel,68.59,13
PLC00003618,Mobile,10.1,101
PLC00005895,Mobile,11.64,91
PLC00002994,Mobile,6.72,115
PLC00008728,Property,133.46,29
PLC00001550,Life,77.21,32
PLC00002061,Life,80.47,117
PLC00001001,Travel,64.09,31
PLC00005070,Life,77.95,116
PLC00003913,Mobile,7.02,89
PLC00006035,Property,99.21,68
PLC00000381,Life,63.4,38
PLC00003920,Health,172.73,24
PLC00003063,Health,184.78,21
PLC00009877,Life,59.03,68
PLC00003509,Health,145.53,80
PLC00006687,Motor,134.88,118
PLC00002318,Mobile,6.34,95
PLC00003470,Motor,81.36,50
PLC00001206,Motor,137.02,19
PLC00001030,Mobile,11.95,53
PLC00001275,Life,77.1,38
PLC00004440,Travel,76.26,102
PLC00004678,Motor,110.62,93
PLC00009404,Life,74.51,103
PLC00009747,Life,77.65,85
PLC00002991,Mobile,9.74,110
PLC00007634,Life,77.14,76
PLC00005657,Health,183.03,43
PLC00009129,Motor,85.32,73
PLC00005257,Motor,92.87,90
PLC00002749,Motor,99.6,36
PLC00004005,Travel,70.99,112
PLC00006432,Health,117.27,40
PLC00002467,Health,100.02,119
PLC00004016,Property,121.57,84
PLC00006567,Health,153.39,105
PLC00000964,Motor,99.91,44
PLC00009969,Mobile,8.66,103
PLC00008388,Mobile,8.62,40
PLC00004304,Mobile,10.35,79
PLC00009687,Mobile,7.64,12
PLC00002688,Life,82.54,84
PLC00009399,Health,191.87,83
PLC00006225,Property,128.81,96
PLC00001329,Travel,88.27,23
PLC00000478,Health,164.81,48
PLC00009650,Motor,87.29,18
PLC00002567,Health,197.92,47
PLC00002463,Travel,87.42,32
PLC00009236,Health,150.06,53
PLC00000231,Property,118.77,28
PLC00004859,Travel,98.31,86
PLC00008931,Travel,79.82,65
PLC00009501,Mobile,6.15,81
PLC00005571,Motor,81.75,72
PLC00006860,Property,128.02,40
PLC00000161,Property,82.5,80
PLC00004323,Travel,69.09,52
PLC00008542,Property,129.71,12
PLC00000271,Motor,127.86,29
PLC00008243,Life,64.96,102
PLC00007714,Travel,96.05,29
PLC00007209,Property,117.55,68
PLC00006864,Travel,62.7,102
PLC00002281,Travel,52.7,78
PLC00006340,Motor,76.35,30
PLC00005246,Mobile,8.9,74
PLC00003897,Motor,110.44,67
PLC00007521,Travel,66.08,83
PLC00007922,Life,88.68,55
PLC00005595,Travel,58.44,81
PLC00009305,Property,101.42,54
PLC00007613,Motor,101.0,12
PLC00005957,Life,76.66,59
PLC00001921,Property,99.75,110
PLC00008329,Mobile,9.21,21
PLC00003679,Motor,122.88,48
PLC00007486,Life,54.56,29
PLC00004790,Mobile,6.71,72
PLC00004793,Life,62.9,77
PLC00009538,Travel,57.57,102
PLC00000441,Life,66.37,98
PLC00000122,Life,59.62,72
PLC00002394,Property,81.41,95
PLC00007150,Travel,79.63,98
PLC00006440,Mobile,11.11,32
PLC00002072,Property,142.95,19
PLC00000261,Property,90.0,75
PLC00005039,Travel,78.51,66
PLC00006529,Travel,52.47,52
PLC00001902,Property,125.14,73
PLC00004367,Property,117.35,111
PLC00008638,Motor,112.59,89
PLC00002499,Life,58.76,84
PLC00008691,Travel,96.04,108
PLC00002374,Travel,62.03,96
PLC00001440,Life,65.83,47
PLC00007623,Life,53.99,20
PLC00005076,Life,86.84,102
PLC00006752,Property,133.25,28
PLC00005666,Health,111.35,90
PLC00009196,Life,71.59,69
PLC00000717,Property,137.85,31
PLC00004622,Health,179.3,46
PLC00002925,Motor,83.77,97
PLC00005716,Life,69.59,94
PLC00002346,Life,80.75,80
PLC00005491,Motor,116.49,37
PLC00009672,Motor,132.57,109
PLC00005450,Life,74.65,42
PLC00000662,Health,138.78,85
PLC00002743,Motor,132.93,34
PLC00001664,Life,88.0,87
PLC00000436,Mobile,7.32,43
PLC00002435,Life,53.67,53
PLC00003660,Property,103.97,85
PLC00001374,Mobile,9.76,77
PLC00006993,Health,190.24,72
PLC00005331,Health,183.63,17
PLC00008685,Mobile,9.03,43
PLC00003379,Life,57.03,55
PLC00000700,Motor,130.07,50
PLC00002188,Mobile,10.96,25
PLC00007825,Travel,54.62,61
PLC00001302,Property,151.81,35
PLC00004662,Life,74.69,118
PLC00000195,Mobile,7.61,67
PLC00009330,Health,190.47,70
PLC00007637,Mobile,6.13,95
PLC00008029,Motor,107.09,88
PLC00008607,Property,125.13,91
PLC00005309,Health,110.19,23
PLC00007717,Mobile,7.6,22
PLC00003103,Mobile,8.67,16
PLC00000295,Mobile,6.8,109
PLC00009813,Life,99.97,96
PLC00001174,Motor,137.32,37
PLC00001489,Health,181.92,22
PLC00009870,Mobile,11.06,95
PLC00003223,Health,188.8,113
PLC00008686,Mobile,10.78,45
PLC00009431,Property,153.46,72
PLC00002953,Travel,77.26,108
PLC00005834,Travel,88.97,31
PLC00001868,Property,157.04,117
PLC00007629,Health,154.17,88
PLC00005766,Motor,98.63,68
PLC00001751,Travel,98.58,34
PLC00006892,Health,107.21,37
PLC00003297,Property,94.17,95
PLC00004177,Life,66.41,61
PLC00009738,Travel,55.33,89
PLC00007385,Motor,82.39,39
PLC00009519,Property,113.45,77
PLC00000907,Travel,51.81,110
PLC00006936,Health,172.11,90
PLC00005173,Mobile,9.28,68
PLC00004330,Mobile,8.47,51
PLC00000781,Property,134.13,118
PLC00004643,Travel,96.99,83
PLC00008933,Health,146.17,26
PLC00001059,Property,132.7,113
PLC00006849,Life,64.5,51
PLC00005882,Life,85.64,56
PLC00007890,Property,116.96,45
PLC00009865,Travel,70.78,47
PLC00007366,Life,55.2,36
PLC00007943,Motor,101.65,23
PLC00005913,Health,117.65,13
PLC00009822,Travel,83.47,116
PLC00001126,Motor,93.43,96
PLC00002780,Life,52.39,25
PLC00003565,Life,90.46,46
PLC00009076,Travel,86.31,105
PLC00002146,Motor,103.88,17
PLC00006653,Mobile,10.69,10
PLC00005585,Life,57.6,103
PLC00002800,Mobile,6.11,79
PLC00003631,Health,152.12,42
PLC00004201,Mobile,7.03,91
PLC00002857,Health,157.31,113
PLC00002584,Travel,80.25,84
PLC00006704,Motor,89.11,66
PLC00002699,Health,183.13,43
PLC00008533,Mobile,6.65,99
PLC00004877,Health,122.83,65
PLC00002288,Life,94.63,68
PLC00001891,Mobile,10.08,11
PLC00002379,Property,159.71,72
PLC00004153,Property,122.21,76
PLC00008529,Life,96.07,85
PLC00009417,Property,154.04,89
PLC00004937,Motor,120.32,8
PLC00001587,Mobile,10.34,33
PLC00005481,Health,186.65,73
PLC00006497,Health,151.33,96
PLC00001109,Health,141.39,74
PLC00006187,Mobile,11.62,54
PLC00003152,Health,178.33,107
PLC00001676,Life,73.66,83
PLC00006962,Mobile,7.19,30
PLC00002364,Motor,97.26,43
PLC00005537,Life,50.28,71
PLC00001182,Motor,99.59,99
PLC00003318,Health,124.95,51
PLC00004952,Property,149.29,60
PLC00005844,Health,196.89,118
PLC00008789,Motor,89.2,69
PLC00008459,Property,124.45,106
PLC00005199,Property,129.39,86
PLC00000348,Health,142.29,58
PLC00007773,Travel,92.98,63
PLC00006302,Health,153.56,18
PLC00001504,Motor,106.99,34
PLC00008677,Health,119.52,57
PLC00000670,Property,135.25,111
PLC00006808,Travel,52.57,86
PLC00006827,Motor,91.86,73
PLC00003595,Health,129.14,93
PLC00005127,Life,86.31,54
PLC00005185,Motor,82.0,21
PLC00004512,Mobile,7.09,75
PLC00009543,Motor,98.44,83
PLC00003954,Property,84.19,110
PLC00001624,Mobile,7.27,115
PLC00009491,Health,140.02,92
PLC00005099,Mobile,10.67,9
PLC00000188,Motor,93.8,82
PLC00000885,Travel,55.49,43
PLC00004970,Property,82.21,14
PLC00008562,Motor,88.49,41
PLC00003901,Mobile,10.6,66
PLC00005207,Travel,57.58,113
PLC00007467,Mobile,7.32,32
PLC00004606,Travel,72.08,57
PLC00008567,Health,184.61,109
PLC00008409,Travel,63.8,39
PLC00009223,Health,140.94,81
PLC00007821,Motor,112.27,63
PLC00008572,Mobile,9.05,38
PLC00004977,Motor,109.01,74
PLC00002942,Mobile,8.75,38
PLC00001381,Travel,55.9,41
PLC00005218,Property,138.74,105
PLC00003228,Mobile,11.61,85
PLC00000009,Property,94.11,95
PLC00008631,Travel,53.24,56
PLC00008006,Health,148.93,6
PLC00008634,Property,85.14,112
PLC00002385,Property,121.26,114
PLC00009645,Motor,87.89,66
PLC00007392,Property,101.02,8
PLC00004610,Life,72.13,9
PLC00004775,Property,83.94,111
PLC00000833,Life,83.61,49
PLC00009109,Health,170.83,96
PLC00008844,Travel,80.38,27
PLC00006409,Health,192.57,12
PLC00007603,Health,142.94,41
PLC00003644,Motor,114.35,6
PLC00004556,Mobile,7.17,14
PLC00005648,Property,121.18,18
PLC00006312,Mobile,8.04,26
PLC00008498,Health,154.52,34
PLC00007988,Mobile,10.45,9
PLC00002161,Property,153.55,60
PLC00006247,Travel,63.97,31
PLC00008386,Property,127.64,34
PLC00007748,Mobile,7.17,93
PLC00007060,Health,150.93,50
PLC00007334,Health,163.2,114
PLC00009178,Motor,137.68,9
PLC00003809,Property,120.77,102
PLC00009684,Motor,123.17,53
PLC00008895,Life,77.42,103
PLC00003617,Health,107.21,39
PLC00005457,Motor,118.69,20
PLC00004036,Mobile,6.76,66
PLC00001224,Property,148.52,85
PLC00004524,Life,81.83,95
PLC00005469,Mobile,8.34,98
PLC00004831,Motor,133.12,62
PLC00008145,Mobile,6.23,52
PLC00003743,Motor,123.06,117
PLC00002986,Travel,81.44,74
PLC00001700,Property,155.55,113
PLC00003217,Travel,52.84,91
PLC00000284,Travel,55.21,45
PLC00001085,Health,120.11,15
PLC00005697,Travel,93.55,74
PLC00003404,Health,186.39,39
PLC00002536,Mobile,11.9,96
PLC00008355,Mobile,7.56,98
PLC00007450,Travel,58.07,71
PLC00005948,Property,91.26,65
PLC00007993,Travel,63.36,96
PLC00006111,Life,85.52,43
PLC00005837,Property,128.06,93
PLC00008382,Travel,92.79,57
PLC00001693,Health,129.24,44
PLC00002331,Travel,83.41,98
PLC00000325,Travel,78.12,56
PLC00008340,Property,101.21,67
PLC00003456,Health,117.19,41
PLC00009257,Motor,136.09,18
PLC00004687,Property,109.83,81
PLC00007037,Life,85.09,19
PLC00007103,Health,108.28,109
PLC00009326,Life,72.66,92
PLC00004794,Health,130.89,108
PLC00008136,Travel,96.16,98
PLC00006844,Property,85.92,35
PLC00003173,Travel,75.78,35
PLC00007182,Property,110.86,108
PLC00002941,Motor,90.57,108
PLC00007974,Property,83.54,23
PLC00003725,Life,52.21,45
PLC00001556,Property,138.24,103
PLC00003011,Motor,78.74,27
PLC00007408,Motor,139.24,62
PLC00008918,Property,90.94,98
PLC00000918,Mobile,8.98,115
PLC00000886,Mobile,11.08,29
PLC00008956,Life,83.67,26
PLC00007919,Property,138.17,42
PLC00005240,Travel,58.08,96
PLC00007899,Property,135.83,92
PLC00006504,Health,189.92,19
PLC00009793,Mobile,11.47,75
PLC00005402,Health,153.13,37
PLC00006863,Travel,93.21,57
PLC00008788,Mobile,7.04,23
PLC00008696,Property,149.31,74
PLC00002875,Motor,127.37,30
PLC00005872,Travel,62.8,76
PLC00009142,Health,171.14,62
PLC00003722,Life,73.74,38
PLC00001122,Mobile,9.32,96
PLC00002465,Travel,89.64,114
PLC00006634,Mobile,9.26,118
PLC00004112,Travel,74.37,75
PLC00008942,Motor,113.24,49
PLC00004248,Motor,92.05,79
PLC00001046,Life,68.88,73
PLC00002455,Travel,63.16,50
PLC00004779,Mobile,7.27,48
PLC00007383,Motor,74.74,25
PLC00006785,Property,85.82,105
PLC00004380,Motor,115.86,58
PLC00001035,Mobile,11.6,44
PLC00003560,Life,86.35,98
PLC00004306,Travel,95.85,107
PLC00009372,Mobile,9.03,108
PLC00003434,Mobile,11.54,72
PLC00001291,Life,92.12,91
PLC00007785,Travel,76.96,43
PLC00009534,Health,141.66,108
PLC00007320,Travel,87.76,16
PLC00006611,Property,121.83,21
PLC00000730,Mobile,11.76,46
PLC00008212,Motor,103.01,31
PLC00006343,Life,68.18,28
PLC00006548,Property,150.62,80
PLC00004768,Travel,55.91,53
PLC00000658,Mobile,8.95,73
PLC00001484,Mobile,9.03,118
PLC00006633,Travel,93.88,21
PLC00001856,Motor,81.86,78
PLC00001052,Life,87.99,92
PLC00008849,Mobile,11.62,94
PLC00002687,Property,148.55,115
PLC00009433,Mobile,10.93,66
PLC00001465,Health,112.17,38
PLC00004534,Life,61.43,16
PLC00006453,Property,85.34,42
PLC00004946,Health,109.83,112
PLC00004967,Life,53.76,51
PLC00009535,Travel,74.62,43
PLC00001666,Property,119.74,60
PLC00003226,Mobile,6.96,104
PLC00007369,Mobile,10.87,18
PLC00005022,Health,160.8,117
PLC00006450,Life,64.31,55
PLC00001586,Health,158.99,72
PLC00008282,Property,125.71,58
PLC00009254,Mobile,11.18,47
PLC00003656,Property,106.81,53
PLC00000269,Motor,85.74,46
PLC00002047,Mobile,6.09,16
PLC00000220,Travel,83.25,95
PLC00009844,Property,130.77,91
PLC00009150,Property,125.61,77
PLC00003032,Travel,62.41,16
PLC00008032,Mobile,8.72,105
PLC00001510,Health,101.37,114
PLC00007755,Travel,87.07,65
PLC00007292,Property,158.93,91
PLC00008627,Motor,106.91,33
PLC00005616,Life,53.73,83
PLC00000676,Health,163.32,118
PLC00001561,Life,55.95,25
PLC00008197,Mobile,11.87,19
PLC00007404,Travel,59.34,95
PLC00005122,Health,115.26,65
PLC00005119,Mobile,8.12,18
PLC00006052,Travel,60.5,116
PLC00007715,Mobile,7.82,37
PLC00003714,Travel,92.86,61
PLC00002547,Motor,86.5,84
PLC00003328,Motor,128.29,82
PLC00009896,Life,91.2,96
PLC00004906,Property,144.53,28
PLC00006082,Health,152.49,67
PLC00005420,Health,120.7,74
PLC00000260,Travel,64.3,111
PLC00009263,Travel,87.69,24
PLC00009949,Mobile,8.03,58
PLC00001656,Mobile,11.52,49
PLC00002202,Health,114.0,49
PLC00000111,Health,193.88,74
PLC00000327,Motor,118.76,7
PLC00007223,Property,82.05,68
PLC00007864,Property,109.37,106
PLC00002306,Motor,102.29,23
PLC00000650,Motor,134.15,99
PLC00003995,Life,94.06,90
PLC00002030,Motor,115.27,109
PLC00006325,Travel,87.27,104
PLC00009656,Life,90.36,39
PLC00005167,Property,123.47,10
PLC00007649,Health,115.34,46
PLC00009584,Mobile,7.54,41
PLC00005760,Property,90.78,61
PLC00004172,Health,103.65,89
PLC00002611,Health,115.32,50
PLC00002348,Travel,90.49,62
PLC00006317,Mobile,6.11,18
PLC00008064,Mobile,10.88,93
PLC00006177,Mobile,8.55,56
PLC00006167,Property,144.01,87
PLC00003123,Health,191.53,7
PLC00002431,Travel,67.88,84
PLC00008984,Travel,84.5,49
PLC00003050,Property,142.87,28
PLC00002728,Motor,139.73,76
PLC00001390,Travel,93.63,117
PLC00003726,Health,200.0,12
PLC00002243,Property,102.13,75
PLC00009049,Travel,92.76,56
PLC00006460,Property,124.42,36
PLC00001251,Health,106.5,52
PLC00007058,Health,112.13,51
PLC00006744,Travel,87.64,91
PLC00009166,Life,71.52,61
PLC00007808,Travel,53.44,84
PLC00007758,Life,80.75,57
PLC00000184,Life,72.89,87
PLC00002814,Health,153.15,68
PLC00000323,Motor,124.9,14
PLC00009054,Property,128.5,46
PLC00000272,Property,80.88,119
PLC00006100,Mobile,7.99,85
PLC00001121,Travel,98.92,23
PLC00000464,Travel,54.08,72
PLC00008548,Motor,99.69,99
PLC00005212,Travel,71.98,99
PLC00009117,Life,76.91,37
PLC00009898,Life,82.28,94
PLC00005539,Mobile,6.86,24
PLC00001697,Property,143.58,83
PLC00004544,Mobile,7.24,76
PLC00006436,Travel,74.12,31
PLC00002273,Life,73.71,21
PLC00003773,Property,144.78,69
PLC00005101,Mobile,7.06,65
PLC00001214,Property,89.57,35
PLC00006172,Property,92.99,70
PLC00005664,Life,93.38,42
PLC00009909,Mobile,11.62,27
PLC00003284,Life,64.91,63
PLC00004377,Life,84.64,20
PLC00001754,Health,179.21,102
PLC00006275,Health,165.91,57
PLC00001753,Property,92.65,83
PLC00008318,Life,75.94,38
PLC00002533,Travel,65.6,60
PLC00006102,Motor,101.34,102
PLC00007415,Motor,93.66,64
PLC00008547,Motor,125.16,113
PLC00003914,Property,147.94,62
PLC00005840,Life,71.69,29
PLC00008198,Property,82.81,19
PLC00006468,Property,91.49,69
PLC00002827,Mobile,11.44,19
PLC00007238,Mobile,7.88,6
PLC00008250,Motor,81.12,77
PLC00007806,Life,52.43,108
PLC00001236,Travel,80.86,15
PLC00005360,Life,57.3,103
PLC00005460,Motor,118.17,100
PLC00002928,Life,59.65,8
PLC00005083,Life,71.57,89
PLC00003145,Life,96.52,112
PLC00001907,Life,75.18,37
PLC00006434,Life,83.03,110
PLC00006027,Property,90.4,60
PLC00006296,Health,105.22,103
PLC00001563,Property,82.18,16
PLC00001500,Health,100.76,79
PLC00009764,Property,146.02,13
PLC00005143,Property,141.13,76
PLC00005755,Life,64.22,20
PLC00002830,Motor,129.84,11
PLC00005629,Travel,89.85,12
PLC00002458,Travel,94.19,91
PLC00004322,Mobile,11.14,113
PLC00005696,Life,73.31,11
PLC00004783,Property,128.8,79
PLC00009387,Motor,99.28,83
PLC00006119,Travel,61.08,60
PLC00000082,Motor,123.47,70
PLC00006112,Travel,81.44,14
PLC00000519,Life,61.46,15
PLC00005403,Travel,61.45,28
PLC00007386,Life,59.04,58
PLC00006857,Travel,84.07,95
PLC00005044,Mobile,6.68,101
PLC00002468,Motor,98.25,117
PLC00007768,Health,144.55,18
PLC00004456,Health,117.53,114
PLC00003997,Health,110.11,8
PLC00001363,Mobile,6.11,58
PLC00007507,Motor,105.45,69
PLC00004070,Mobile,9.99,98
PLC00000710,Travel,88.54,47
PLC00001471,Travel,69.38,44
PLC00004291,Travel,57.97,41
PLC00009087,Life,71.97,29
PLC00001573,Mobile,10.98,79
PLC00001862,Life,93.03,59
PLC00002976,Property,132.53,81
PLC00004051,Motor,71.36,48
PLC00003567,Motor,139.32,81
PLC00004972,Health,114.51,83
PLC00006137,Property,141.74,76
PLC00001760,Health,150.9,116
PLC00009798,Health,106.07,7
PLC00005731,Property,132.33,14
PLC00001512,Property,132.09,19
PLC00005914,Mobile,8.56,54
PLC00008928,Mobile,8.95,24
PLC00008706,Property,142.48,32
PLC00006650,Life,96.95,23
PLC00007131,Mobile,10.7,70
PLC00007443,Health,188.82,103
PLC00008872,Life,64.34,83
PLC00000711,Travel,94.41,63
PLC00001012,Mobile,10.79,85
PLC00001331,Life,65.14,95
PLC00004964,Mobile,6.56,109
PLC00007904,Mobile,8.33,39
PLC00009507,Mobile,9.76,118
PLC00004537,Mobile,6.1,116
PLC00009434,Motor,118.55,104
PLC00006848,Mobile,9.18,58
PLC00001989,Travel,79.94,107
PLC00005788,Health,198.68,101
PLC00008127,Mobile,8.55,35
PLC00004289,Travel,94.42,20
PLC00006461,Life,89.76,11
PLC00006695,Travel,85.74,107
PLC00008518,Travel,71.63,112
PLC00000145,Health,119.51,90
PLC00001413,Mobile,8.99,89
PLC00004185,Mobile,8.84,93
PLC00004520,Property,113.34,40
PLC00007861,Motor,87.82,116
PLC00001281,Health,146.01,11
PLC00002028,Life,58.5,62
PLC00003104,Health,150.74,38
PLC00000783,Property,138.4,84
PLC00007807,Travel,63.99,23
PLC00009315,Health,121.16,34
PLC00004811,Mobile,8.15,29
PLC00000025,Mobile,9.86,92
PLC00008463,Motor,132.39,111
PLC00008693,Travel,96.39,41
PLC00000120,Property,100.26,102
PLC00002855,Life,75.91,20
PLC00004715,Property,135.35,60
PLC00008273,Mobile,9.69,78
PLC00006131,Motor,81.17,107
PLC00009136,Mobile,11.93,56
PLC00007587,Property,156.77,34
PLC00004046,Travel,97.56,60
PLC00009955,Travel,78.43,75
PLC00001176,Health,132.01,63
PLC00001720,Life,61.22,77
PLC00000179,Travel,76.06,9
PLC00004930,Life,67.96,48
PLC00008207,Travel,61.83,43
PLC00009807,Health,146.86,88
PLC00002006,Health,190.69,109
PLC00002045,Mobile,7.62,102
PLC00006880,Motor,92.04,116
PLC00003813,Life,89.21,62
PLC00009972,Health,157.84,22
PLC00006492,Travel,66.38,69
PLC00000119,Property,81.77,74
PLC00001201,Health,133.29,80
PLC00001801,Health,127.68,34
PLC00009242,Property,135.33,65
PLC00006197,Health,132.8,86
PLC00009803,Travel,95.35,70
PLC00002553,Motor,122.8,115
PLC00001457,Life,57.78,86
PLC00002233,Mobile,10.28,11
PLC00009643,Life,66.88,80
PLC00007539,Motor,125.25,51
PLC00007620,Motor,120.95,28
PLC00009723,Property,106.83,77
PLC00000453,Mobile,9.46,114
PLC00005137,Health,145.79,60
PLC00006854,Travel,59.97,38
PLC00001786,Travel,77.9,7
PLC00005538,Property,158.34,42
PLC00003250,Travel,77.82,93
PLC00006937,Motor,117.77,92
PLC00009911,Health,152.95,105
PLC00007977,Property,98.61,89
PLC00004063,Life,53.88,116
PLC00003635,Property,136.33,117
PLC00004308,Travel,95.75,42
PLC00008017,Health,160.66,35
PLC00005172,Motor,71.41,20
PLC00004277,Motor,119.05,83
PLC00007541,Life,75.53,27
PLC00001417,Travel,62.56,97
PLC00001181,Travel,56.76,22
PLC00003938,Travel,58.97,57
PLC00007075,Health,151.64,15
PLC00004500,Health,121.21,7
PLC00001062,Life,64.45,61
PLC00006643,Travel,89.13,35
PLC00002400,Health,162.84,18
PLC00008652,Motor,124.84,101
PLC00001357,Mobile,11.11,22
PLC00002682,Health,127.35,116
PLC00002418,Health,117.6,19
PLC00004566,Property,127.14,34
PLC00004729,Motor,86.4,30
PLC00003847,Life,92.56,63
PLC00009532,Motor,138.36,86
PLC00005198,Property,109.65,112
PLC00009968,Property,130.93,71
PLC00001223,Mobile,10.98,117
PLC00008476,Life,66.12,70
PLC00009537,Mobile,11.49,87
PLC00004944,Mobile,6.42,33
PLC00006133,Property,91.55,101
PLC00007234,Property,127.79,109
PLC00005726,Mobile,7.98,67
PLC00005368,Motor,80.13,105
PLC00003970,Property,154.95,30
PLC00009825,Health,121.88,47
PLC00001883,Property,93.91,65
PLC00007479,Mobile,6.25,82
PLC00004929,Motor,75.0,49
PLC00005454,Property,119.46,71
PLC00008923,Motor,121.27,18
PLC00005626,Mobile,6.59,108
PLC00009204,Mobile,8.51,46
PLC00000813,Travel,66.98,59
PLC00005194,Motor,132.84,42
PLC00009691,Life,99.07,14
PLC00000865,Life,82.02,75
PLC00009380,Life,94.87,81
PLC00005775,Property,103.58,116
PLC00006617,Motor,92.39,67
PLC00004160,Mobile,7.67,50
PLC00007332,Motor,124.28,98
PLC00005784,Health,114.96,76
PLC00002334,Motor,110.54,26
PLC00008054,Travel,57.75,112
PLC00004258,Motor,112.24,31
PLC00003723,Motor,122.34,110
PLC00005622,Life,73.11,36
PLC00007880,Health,116.53,10
PLC00009616,Health,102.2,44
PLC00000715,Property,80.66,83
PLC00000928,Property,139.37,97
PLC00004994,Motor,134.42,109
PLC00005049,Motor,101.73,79
PLC00003211,Mobile,7.35,62
PLC00001988,Life,76.72,79
PLC00003658,Property,125.23,101
PLC00009472,Travel,94.87,63
PLC00000727,Travel,66.8,93
PLC00000440,Property,127.12,113
PLC00009790,Life,50.1,94
PLC00009343,Travel,78.35,33
PLC00005596,Life,68.11,71
PLC00000576,Motor,132.62,111
PLC00007387,Mobile,7.21,78
PLC00000086,Health,181.09,8
PLC00008488,Property,117.36,64
PLC00006414,Travel,80.8,7
PLC00007641,Property,116.32,76
PLC00003531,Mobile,7.38,54
PLC00008552,Property,128.34,68
PLC00002511,Life,94.16,90
PLC00000805,Life,50.41,33
PLC00007877,Motor,134.96,26
PLC00004562,Travel,76.37,39
PLC00003161,Health,124.4,87
PLC00008445,Mobile,7.4,69
PLC00008981,Property,155.58,95
PLC00004867,Motor,76.35,77
PLC00004230,Mobile,10.72,38
PLC00000063,Motor,118.98,111
PLC00005078,Health,181.79,71
PLC00003233,Life,73.22,91
PLC00003381,Motor,127.69,29
PLC00003960,Mobile,9.8,41
PLC00006154,Life,81.97,72
PLC00002680,Travel,74.87,107
PLC00006541,Life,92.79,63
PLC00006974,Travel,71.34,57
PLC00002609,Mobile,9.3,53
PLC00003974,Mobile,10.08,87
PLC00007514,Health,194.15,43
PLC00003796,Health,148.9,87
PLC00006614,Travel,94.06,64
PLC00005496,Property,92.43,43
PLC00000651,Motor,83.78,11
PLC00006161,Mobile,10.46,85
PLC00005746,Health,110.26,16
PLC00008629,Motor,106.01,9
PLC00009134,Travel,63.94,73
PLC00009713,Life,97.6,13
PLC00002445,Mobile,8.84,70
PLC00006846,Health,111.11,74
PLC00009786,Health,103.17,112
PLC00009633,Motor,78.01,91
PLC00001713,Mobile,6.01,17
PLC00005604,Property,93.63,11
PLC00009891,Mobile,8.68,37
PLC00000469,Motor,131.23,18
PLC00001311,Life,78.26,55
PLC00002079,Motor,78.67,33
PLC00000840,Life,75.6,80
PLC00006895,Motor,73.34,83
PLC00001825,Health,153.74,78
PLC00009147,Life,84.57,101
PLC00007456,Travel,86.6,13
PLC00004573,Mobile,8.0,16
PLC00006586,Health,118.61,84
PLC00001283,Property,107.02,86
PLC00006055,Life,62.04,64
PLC00004686,Mobile,9.82,39
PLC00004137,Motor,124.37,106
PLC00000594,Health,144.09,112
PLC00007001,Mobile,11.25,12
PLC00004008,Property,101.4,95
PLC00004190,Travel,91.07,71
PLC00008343,Health,103.05,87
PLC00001772,Motor,91.03,116
PLC00006998,Property,106.48,63
PLC00003335,Health,169.34,78
PLC00005151,Life,58.15,35
PLC00002748,Life,85.3,57
PLC00004052,Motor,136.35,76
PLC00004062,Health,115.5,49
PLC00003001,Life,55.69,59
PLC00001961,Motor,73.44,95
PLC00006603,Property,158.99,52
PLC00008034,Life,97.83,72
PLC00008372,Health,199.45,93
PLC00008161,Motor,130.11,106
PLC00007375,Life,54.05,104
PLC00008108,Life,65.73,61
PLC00008268,Health,167.28,63
PLC00000071,Mobile,7.6,99
PLC00009651,Life,81.49,77
PLC00008561,Property,100.56,104
PLC00002956,Property,133.19,119
PLC00004307,Mobile,11.3,34
PLC00008233,Property,119.18,21
PLC00009494,Health,146.06,61
PLC00004608,Health,166.45,19
PLC00003737,Travel,51.18,109
PLC00006551,Health,162.36,11
PLC00004668,Travel,94.89,56
PLC00001274,Travel,72.52,94
PLC00007156,Mobile,6.74,75
PLC00004301,Travel,84.24,64
PLC00001335,Mobile,7.48,71
PLC00008819,Mobile,7.08,67
PLC00006009,Health,193.95,114
PLC00004356,Health,143.62,114
PLC00009382,Property,132.65,67
PLC00007099,Travel,65.19,25
PLC00000018,Life,88.02,93
PLC00003264,Health,176.96,73
PLC00009566,Health,127.3,117
PLC00002292,Travel,82.09,39
PLC00004828,Property,90.45,85
PLC00003637,Travel,68.38,23
PLC00008394,Mobile,11.46,55
PLC00009297,Motor,103.16,115
PLC00004394,Motor,105.45,99
PLC00002930,Life,53.62,70
PLC00007306,Travel,54.39,115
PLC00005288,Health,179.68,61
PLC00005531,Health,156.55,106
PLC00006797,Life,83.77,116
PLC00000862,Motor,111.08,119
PLC00005897,Health,188.54,67
PLC00004838,Life,56.91,104
PLC00002471,Motor,90.48,28
PLC00007517,Health,158.52,70
PLC00003106,Health,126.83,73
PLC00008559,Property,137.54,48
PLC00006889,Travel,58.55,57
PLC00005408,Property,119.91,98
PLC00004109,Health,108.84,7
PLC00006589,Mobile,7.52,93
PLC00008367,Life,95.94,64
PLC00009193,Life,52.94,18
PLC00005466,Mobile,10.53,7
PLC00005856,Motor,90.26,51
PLC00000960,Motor,95.96,82
PLC00007134,Mobile,8.17,15
PLC00001615,Property,139.05,67
PLC00006056,Motor,110.64,49
PLC00006448,Mobile,11.63,112
PLC00001783,Motor,100.46,21
PLC00005379,Motor,113.19,68
PLC00006165,Travel,87.19,30
PLC00006444,Motor,113.14,103
PLC00008894,Life,96.05,118
PLC00007439,Health,132.95,92
PLC00001839,Property,111.33,15
PLC00006685,Mobile,6.22,88
PLC00001692,Mobile,6.66,103
PLC00009373,Health,135.03,26
PLC00008804,Property,95.71,96
PLC00008423,Property,152.13,107
PLC00007583,Property,99.72,116
PLC00006946,Motor,70.88,48
PLC00007849,Property,134.08,80
PLC00003657,Property,85.16,12
PLC00002211,Property,101.27,99
PLC00002135,Travel,61.04,116
PLC00005349,Mobile,8.57,50
PLC00001385,Motor,100.63,17
PLC00001904,Health,172.46,35
PLC00004708,Motor,100.57,45
PLC00000763,Health,171.05,93
PLC00006972,Motor,126.36,18
PLC00007854,Property,85.2,117
PLC00009362,Property,89.26,84
PLC00006191,Life,72.48,58
PLC00008176,Health,130.46,106
PLC00006426,Travel,76.26,106
PLC00009514,Life,74.91,33
PLC00009058,Property,148.17,102
PLC00009403,Travel,72.21,72
PLC00003799,Property,138.3,47
PLC00007925,Life,52.85,60
PLC00009084,Health,156.87,26
PLC00006364,Travel,70.57,75
PLC00007401,Property,124.98,23
PLC00005927,Travel,62.77,104
PLC00005983,Motor,118.7,76
PLC00004749,Property,106.87,46
PLC00004800,Travel,91.25,22
PLC00006738,Property,84.83,76
PLC00000418,Health,121.84,111
PLC00001712,Property,119.04,106
PLC00004529,Motor,113.96,7
PLC00005244,Travel,92.94,59
PLC00001849,Property,122.61,30
PLC00000739,Motor,81.58,75
PLC00004145,Health,175.14,44
PLC00004564,Travel,91.97,33
PLC00007400,Motor,117.06,30
PLC00001436,Mobile,7.78,56
PLC00003325,Life,85.15,55
PLC00007513,Life,98.45,54
PLC00002596,Property,108.06,84
PLC00003606,Motor,103.98,54
PLC00004517,Motor,109.68,64
PLC00006799,Mobile,10.92,10
PLC00000332,Mobile,6.33,21
PLC00002979,Life,68.28,88
PLC00002067,Health,155.95,53
PLC00001617,Mobile,11.53,102
PLC00001888,Health,105.19,30
PLC00000252,Motor,134.06,38
PLC00003819,Property,85.09,49
PLC00003203,Health,140.37,61
PLC00006483,Travel,55.26,101
PLC00006881,Travel,98.29,16
PLC00008796,Property,86.79,73
PLC00003312,Health,190.29,111
PLC00009267,Motor,139.73,9
PLC00001791,Property,112.95,22
PLC00004247,Motor,77.06,13
PLC00005528,Mobile,8.9,38
PLC00003881,Life,89.02,63
PLC00001711,Travel,74.85,46
PLC00007050,Life,56.56,87
PLC00006265,Property,146.69,74
PLC00004419,Mobile,9.31,117
PLC00003616,Life,81.31,103
PLC00007530,Property,136.55,43
PLC00004260,Mobile,6.11,107
PLC00000058,Health,174.61,31
PLC00004762,Health,194.61,11
PLC00009721,Mobile,10.73,81
PLC00000224,Travel,64.99,25
PLC00008999,Travel,83.65,83
PLC00000166,Travel,65.25,61
PLC00008080,Health,108.73,25
PLC00009141,Mobile,6.25,81
PLC00007427,Life,91.86,112
PLC00008887,Life,97.36,11
PLC00008436,Health,162.31,33
PLC00005556,Health,133.54,87
PLC00004285,Mobile,11.47,79
PLC00009024,Travel,59.29,23
PLC00000065,Travel,72.56,83
PLC00005512,Motor,112.23,61
PLC00000294,Motor,110.42,19
PLC00004067,Motor,87.6,107
PLC00006841,Motor,107.56,70
PLC00001704,Property,88.13,14
PLC00008659,Life,94.13,11
PLC00002519,Life,89.68,9
PLC00003034,Motor,94.31,71
PLC00000998,Travel,78.27,15
PLC00008941,Property,105.6,36
PLC00000023,Motor,85.86,113
PLC00002892,Motor,102.35,38
PLC00001846,Mobile,11.88,106
PLC00002087,Mobile,9.47,61
PLC00008845,Health,184.59,33
PLC00006192,Property,106.51,104
PLC00002695,Travel,64.48,55
PLC00009975,Travel,65.41,96
PLC00008384,Life,97.5,111
PLC00005007,Motor,124.89,51
PLC00007645,Motor,91.95,99
PLC00004523,Health,187.02,32
PLC00000401,Motor,71.51,64
PLC00003696,Travel,81.25,97
PLC00005445,Travel,86.21,100
PLC00007625,Health,140.86,108
PLC00008226,Property,121.17,38
PLC00001667,Mobile,10.26,34
PLC00007036,Travel,88.83,98
PLC00003506,Life,79.6,68
PLC00005735,Life,60.79,113
PLC00007833,Property,118.43,113
PLC00001893,Health,163.03,43
PLC00007113,Property,88.39,116
PLC00004324,Mobile,9.42,86
PLC00001008,Travel,50.91,76
PLC00000978,Mobile,10.27,46
PLC00004560,Travel,71.64,80
PLC00003272,Property,114.74,86
PLC00000890,Mobile,6.13,85
PLC00006678,Travel,50.85,93
PLC00002381,Property,85.37,20
PLC00003437,Health,152.61,66
PLC00002610,Property,118.2,33
PLC00008637,Property,94.57,103
PLC00008430,Life,72.76,39
PLC00000014,Property,122.95,44
PLC00007503,Travel,57.79,19
PLC00007812,Motor,123.44,77
PLC00008323,Motor,109.72,85
PLC00004269,Life,61.0,64
PLC00001359,Health,194.25,109
PLC00001140,Health,162.15,41
PLC00002532,Mobile,9.84,78
PLC00003431,Life,70.1,67
PLC00009661,Property,135.01,64
PLC00005734,Property,114.84,32
PLC00005294,Property,102.48,78
PLC00004703,Life,59.9,18
PLC00009994,Mobile,9.43,52
PLC00001655,Travel,62.85,107
PLC00005208,Health,172.86,68
PLC00005639,Health,116.16,62
PLC00008364,Health,195.99,88
PLC00005736,Property,101.54,85
PLC00003314,Travel,52.17,6
PLC00000529,Motor,85.67,117
PLC00001802,Health,112.11,12
PLC00008225,Travel,62.04,27
PLC00001213,Mobile,11.04,59
PLC00008446,Motor,121.05,47
PLC00001103,Health,103.58,94
PLC00002619,Mobile,11.6,60
PLC00009274,Travel,89.46,15
PLC00001544,Travel,90.76,19
PLC00004670,Health,192.48,42
PLC00008055,Mobile,8.08,31
PLC00004420,Travel,88.91,78
PLC00008235,Motor,115.95,45
PLC00008046,Property,156.36,6
PLC00009040,Motor,97.41,70
PLC00009637,Property,140.3,23
PLC00005210,Life,72.43,114
PLC00007841,Health,107.43,27
PLC00002785,Property,149.16,23
PLC00001143,Property,122.91,108
PLC00009066,Property,144.27,62
PLC00006629,Health,114.63,9
PLC00002882,Mobile,9.77,78
PLC00005695,Motor,122.3,75
PLC00001072,Motor,129.66,104
PLC00008994,Mobile,11.48,9
PLC00007819,Property,83.94,52
PLC00004142,Mobile,8.19,17
PLC00003769,Health,101.48,39
PLC00009603,Travel,62.87,87
PLC00008504,Travel,89.74,20
PLC00001074,Health,195.46,81
PLC00007169,Life,90.5,58
PLC00004516,Travel,65.68,88
PLC00000732,Motor,88.74,107
PLC00002599,Motor,114.52,82
PLC00008521,Motor,100.57,102
PLC00007208,Health,165.47,61
PLC00002324,Mobile,9.91,11
PLC00002313,Health,139.66,8
PLC00006814,Property,95.81,94
PLC00006185,Health,112.85,55
PLC00001298,Travel,81.87,31
PLC00009528,Property,83.15,19
PLC00004376,Property,103.01,77
PLC00001409,Travel,64.27,56
PLC00007008,Motor,99.99,42
PLC00007426,Life,77.39,80
PLC00007434,Health,182.86,37
PLC00000248,Life,67.23,107
PLC00009121,Travel,57.72,27
PLC00005174,Mobile,8.45,74
PLC00005227,Travel,82.93,65
PLC00001777,Property,145.5,9
PLC00006057,Mobile,9.11,90
PLC00008351,Health,156.36,103
PLC00003160,Life,50.71,24
PLC00003350,Mobile,7.23,94
PLC00007176,Health,161.77,114
PLC00000889,Life,51.76,10
PLC00000061,Motor,87.78,33
PLC00007550,Mobile,10.78,23
PLC00003803,Property,123.28,91
PLC00003691,Property,131.94,75
PLC00004819,Life,95.97,94
PLC00008356,Health,103.55,108
PLC00003713,Mobile,9.7,82
PLC00002692,Life,93.32,109
PLC00003496,Life,70.61,59
PLC00004680,Mobile,9.79,30
PLC00007263,Motor,91.55,84
PLC00004176,Travel,93.13,110
PLC00008882,Mobile,8.24,92
PLC00002837,Motor,115.6,108
PLC00004466,Travel,80.11,96
PLC00003046,Motor,91.45,115
PLC00000487,Health,145.91,46
PLC00002212,Property,123.48,45
PLC00007352,Property,159.19,45
PLC00008863,Travel,60.11,34
PLC00001858,Property,131.97,56
PLC00002002,Health,163.1,116
PLC00007453,Motor,91.8,55
PLC00004487,Life,57.39,80
PLC00006101,Motor,109.65,72
PLC00001360,Life,63.25,61
PLC00005670,Health,170.49,119
PLC00001071,Life,86.7,23
PLC00008325,Health,153.29,7
PLC00002948,Travel,92.71,73
PLC00000359,Mobile,8.83,50
PLC00005373,Motor,115.42,75
PLC00006095,Travel,71.99,87
PLC00000296,Property,134.14,53
PLC00006971,Property,84.34,19
PLC00001491,Property,127.79,51
PLC00000828,Health,118.8,63
PLC00000251,Property,98.75,17
PLC00000143,Motor,115.99,21
PLC00006015,Mobile,8.02,32
PLC00005883,Property,112.57,82
PLC00004893,Motor,100.2,60
PLC00002179,Travel,96.16,52
PLC00005329,Life,77.01,114
PLC00005989,Property,96.78,108
PLC00002629,Travel,84.47,101
PLC00002383,Motor,132.6,59
PLC00004714,Health,132.78,82
PLC00002504,Life,87.68,88
PLC00007233,Property,135.29,10
PLC00009992,Life,92.15,89
PLC00002264,Property,156.29,55
PLC00001809,Property,113.39,44
PLC00008336,Life,53.62,11
PLC00001982,Travel,79.48,105
PLC00008229,Health,172.05,59
PLC00008312,Mobile,9.47,41
PLC00003945,Travel,81.87,83
PLC00005334,Mobile,10.91,104
PLC00009327,Property,143.46,32
PLC00004697,Health,153.42,110
PLC00008227,Travel,60.13,13
PLC00000310,Travel,57.87,10
PLC00009214,Travel,85.88,106
PLC00006994,Life,66.15,83
PLC00001717,Property,159.19,19
PLC00001399,Mobile,6.77,42
PLC00007729,Property,153.04,86
PLC00008537,Mobile,7.86,101
PLC00002099,Motor,124.69,41
PLC00009437,Life,79.9,43
PLC00008793,Property,153.16,24
PLC00007917,Health,178.52,60
PLC00005260,Travel,63.47,53
PLC00005065,Health,109.04,51
PLC00001600,Life,74.78,15
PLC00009302,Mobile,7.44,94
PLC00001147,Mobile,7.96,15
PLC00000556,Motor,134.86,67
PLC00003077,Motor,136.92,101
PLC00002020,Mobile,9.51,76
PLC00009428,Travel,93.85,70
PLC00006751,Property,81.99,71
PLC00007214,Life,90.3,117
PLC00004816,Life,65.6,49
PLC00000388,Life,56.79,114
PLC00001912,Life,57.38,44
PLC00009025,Health,185.27,118
PLC00007047,Mobile,7.86,96
PLC00006221,Health,108.52,43
PLC00009765,Health,144.12,107
PLC00005295,Life,85.71,19
PLC00006935,Property,133.17,49
PLC00006359,Travel,86.42,21
PLC00002250,Travel,77.29,89
PLC00005439,Motor,110.77,27
PLC00002745,Health,105.15,64
PLC00006791,Travel,59.43,17
PLC00001642,Mobile,6.96,20
PLC00005036,Travel,55.33,26
PLC00009248,Mobile,10.09,74
PLC00000444,Life,71.13,52
PLC00006862,Health,139.23,22
PLC00004184,Life,84.21,108
PLC00009131,Health,101.45,100
PLC00002390,Life,57.12,47
PLC00005613,Life,60.75,70
PLC00005287,Property,80.41,58
PLC00002359,Mobile,9.34,62
PLC00007810,Mobile,9.67,76
PLC00000259,Motor,127.63,99
PLC00007197,Motor,118.51,86
PLC00006097,Property,83.23,106
PLC00001454,Mobile,11.45,111
PLC00000033,Property,109.27,42
PLC00000341,Property,117.0,112
PLC00008031,Property,128.6,108
PLC00006371,Mobile,10.95,76
PLC00001613,Motor,78.83,81
PLC00002213,Property,97.2,87
PLC00009072,Mobile,9.03,41
PLC00009782,Health,161.62,69
PLC00003319,Life,63.23,69
PLC00008005,Property,147.92,51
PLC00008992,Life,67.48,99
PLC00008358,Health,139.42,30
PLC00002577,Mobile,7.06,94
PLC00005633,Health,193.37,109
PLC00009923,Mobile,10.89,27
PLC00003198,Mobile,8.39,112
PLC00004363,Mobile,9.44,67
PLC00003475,Health,112.85,45
PLC00004959,Mobile,9.57,71
PLC00000498,Health,160.38,16
PLC00003651,Life,51.03,31
PLC00009468,Motor,85.77,94
PLC00000597,Life,72.99,35
PLC00007710,Property,93.13,40
PLC00008257,Life,62.37,33
PLC00009139,Property,143.35,15
PLC00006894,Motor,89.08,16
PLC00009194,Motor,97.85,109
PLC00003418,Travel,87.06,45
PLC00007666,Mobile,8.12,29
PLC00007489,Motor,96.44,95
PLC00008126,Property,81.05,109
PLC00006176,Travel,64.01,83
PLC00005286,Travel,87.17,19
PLC00000370,Property,119.24,23
PLC00000360,Motor,90.34,106
PLC00000210,Property,142.31,23
PLC00004233,Mobile,9.26,25
PLC00000798,Health,190.37,23
PLC00002726,Property,125.75,47
PLC00005787,Property,105.79,33
PLC00007262,Mobile,10.3,57
PLC00005146,Travel,92.6,96
PLC00004743,Property,132.2,26
PLC00009682,Motor,104.68,28
PLC00004820,Property,115.62,57
PLC00001325,Life,83.91,48
PLC00008812,Health,143.26,104
PLC00003216,Life,99.02,110
PLC00003514,Motor,90.93,38
PLC00004724,Motor,111.36,19
PLC00004335,Property,94.33,85
PLC00003414,Health,116.33,98
PLC00003084,Motor,138.08,82
PLC00005060,Motor,77.15,59
PLC00000815,Mobile,8.35,49
PLC00000237,Property,103.51,19
PLC00004948,Life,95.74,100
PLC00001164,Property,115.66,66
PLC00007266,Life,72.58,58
PLC00002014,Travel,99.73,83
PLC00004457,Health,146.9,45
PLC00006431,Life,65.27,111
PLC00000385,Motor,116.15,98
PLC00009080,Life,53.55,69
PLC00002357,Travel,88.19,54
PLC00002742,Travel,96.52,119
PLC00005426,Travel,53.42,42
PLC00002287,Health,108.5,22
PLC00005873,Life,60.29,116
PLC00002022,Mobile,11.19,66
PLC00003870,Travel,65.04,55
PLC00009502,Motor,121.14,84
PLC00004551,Property,116.87,78
PLC00003584,Health,184.17,71
PLC00001715,Property,116.14,34
PLC00001350,Mobile,9.33,60
PLC00001225,Health,158.03,21
PLC00002236,Mobile,9.83,47
PLC00006659,Property,99.72,55
PLC00007553,Travel,56.41,113
PLC00001235,Property,123.81,68
PLC00006117,Motor,104.97,73
PLC00006510,Mobile,10.75,24
PLC00004901,Motor,111.52,56
PLC00004166,Life,98.33,6
PLC00007124,Health,101.15,80
PLC00002164,Travel,83.03,67
PLC00007145,Property,115.38,116
PLC00008095,Mobile,7.73,31
PLC00001718,Travel,72.85,49
PLC00004369,Mobile,11.79,118
PLC00005728,Life,53.24,79
PLC00006143,Mobile,6.53,119
PLC00008703,Health,181.27,36
PLC00002054,Property,89.8,83
PLC00001834,Motor,100.93,78
PLC00003461,Travel,71.54,75
PLC00000765,Motor,81.12,99
PLC00005121,Mobile,8.13,9
PLC00001864,Motor,126.71,97
PLC00006818,Health,164.51,22
PLC00000477,Motor,134.8,82
PLC00003965,Life,72.89,112
PLC00005606,Property,93.56,89
PLC00000255,Travel,78.86,76
PLC00003306,Travel,54.34,98
PLC00007069,Life,75.95,80
PLC00001978,Mobile,9.0,97
PLC00000311,Life,81.98,90
PLC00000585,Property,134.28,86
PLC00004833,Travel,84.84,104
PLC00009241,Mobile,11.08,77
PLC00008718,Property,90.68,61
PLC00002807,Health,168.6,84
PLC00001186,Health,117.22,109
PLC00000654,Health,116.95,68
PLC00004382,Travel,79.73,97
PLC00001024,Mobile,9.95,49
PLC00000114,Health,109.52,24
PLC00000404,Travel,94.75,29
PLC00007077,Motor,107.18,90
PLC00001119,Travel,94.17,94
PLC00009926,Motor,138.39,73
PLC00002828,Life,92.07,98
PLC00008784,Health,196.3,104
PLC00007516,Life,54.46,76
PLC00002205,Motor,99.44,17
PLC00001127,Life,69.69,70
PLC00007947,Mobile,8.05,105
PLC00001105,Motor,117.92,82
PLC00002903,Travel,63.59,100
PLC00007761,Health,198.05,39
PLC00004178,Health,117.32,25
PLC00008735,Travel,83.23,74
PLC00002043,Property,93.36,47
PLC00007089,Property,136.84,30
PLC00007452,Health,129.55,51
PLC00003790,Life,60.76,31
PLC00000965,Health,189.95,115
PLC00006070,Travel,83.0,11
PLC00002660,Health,194.05,28
PLC00009561,Travel,95.38,99
PLC00008831,Mobile,8.21,93
PLC00003276,Mobile,11.54,64
PLC00003551,Life,63.09,23
PLC00006517,Health,116.19,33
PLC00008417,Life,64.35,22
PLC00005981,Life,76.88,79
PLC00003281,Life,65.69,64
PLC00004514,Health,176.95,89
PLC00002299,Life,64.42,15
PLC00006384,Health,144.07,40
PLC00006635,Life,70.5,38
PLC00009882,Motor,75.28,91
PLC00005515,Health,169.53,57
PLC00004505,Property,97.11,90
PLC00009885,Life,60.07,53
PLC00002832,Property,127.6,111
PLC00001590,Life,50.73,79
PLC00003296,Property,95.87,93
PLC00003820,Mobile,10.45,40
PLC00007802,Travel,91.12,21
PLC00007458,Life,66.52,98
PLC00003191,Mobile,7.02,99
PLC00004509,Property,129.35,74
PLC00004391,Life,65.06,83
PLC00002441,Motor,84.1,57
PLC00009301,Motor,79.07,7
PLC00003259,Life,87.12,15
PLC00009292,Health,172.87,16
PLC00005762,Motor,71.49,105
PLC00009021,Mobile,10.89,15
PLC00008893,Property,156.78,8
PLC00008641,Life,66.71,30
PLC00008815,Mobile,6.75,67
PLC00002812,Motor,118.25,59
PLC00009035,Life,60.1,87
PLC00003724,Life,77.42,10
PLC00002156,Life,67.27,82
PLC00005641,Health,111.28,94
PLC00002601,Health,121.98,7
PLC00009913,Property,119.0,74
PLC00001670,Life,65.33,93
PLC00005701,Travel,81.33,79
PLC00008114,Mobile,10.85,86
PLC00007471,Mobile,9.3,84
PLC00008737,Motor,127.43,78
PLC00001980,Travel,83.53,106
PLC00006559,Health,108.02,91
PLC00007581,Life,66.06,77
PLC00004299,Travel,89.33,117
PLC00006506,Mobile,11.31,26
PLC00006026,Life,62.69,75
PLC00006893,Health,173.44,43
PLC00000168,Property,117.29,102
PLC00006748,Mobile,7.95,96
PLC00003821,Mobile,9.93,112
PLC00002013,Health,188.06,33
PLC00007423,Health,161.18,63
PLC00000771,Property,125.32,104
PLC00004744,Health,111.21,101
PLC00008109,Motor,89.66,101
PLC00000870,Life,59.19,98
PLC00002529,Travel,53.98,102
PLC00007405,Health,155.18,14
PLC00005059,Property,108.42,66
PLC00005020,Travel,87.15,65
PLC00009013,Mobile,7.96,117
PLC00002152,Property,87.66,78
PLC00004351,Travel,51.92,71
PLC00003666,Life,88.05,42
PLC00003171,Life,74.25,54
PLC00009224,Property,116.27,58
PLC00001780,Health,157.93,48
PLC00005546,Life,56.47,23
PLC00004343,Life,84.33,32
PLC00003008,Property,149.44,74
PLC00007482,Motor,138.28,82
PLC00002620,Mobile,10.1,107
PLC00006528,Motor,100.27,79
PLC00004240,Property,148.58,14
PLC00000764,Motor,95.24,9
PLC00005915,Life,76.98,97
PLC00007700,Mobile,10.24,24
PLC00009132,Mobile,10.36,10
PLC00002378,Motor,101.88,66
PLC00002634,Motor,120.92,113
PLC00005203,Life,60.54,86
PLC00000894,Life,86.26,38
PLC00003336,Travel,63.07,27
PLC00006189,Mobile,6.23,90
PLC00003030,Health,153.07,53
PLC00001917,Travel,89.26,24
PLC00007000,Health,151.5,93
PLC00004879,Health,123.52,31
PLC00006976,Property,86.5,117
PLC00002029,Life,83.32,20
PLC00008216,Life,93.98,39
PLC00001017,Health,153.32,72
PLC00004542,Travel,50.52,100
PLC00003029,Life,98.45,19
PLC00004357,Travel,57.7,116
PLC00000809,Health,130.24,30
PLC00004274,Motor,100.14,36
PLC00001227,Mobile,11.34,77
PLC00002564,Property,139.5,40
PLC00004596,Property,142.09,36
PLC00000361,Life,60.94,30
PLC00004279,Life,63.14,57
PLC00009269,Mobile,11.47,8
PLC00005014,Property,157.79,85
PLC00002507,Health,192.39,77
PLC00007039,Health,100.8,96
PLC00006005,Travel,56.46,115
PLC00002672,Travel,64.08,48
PLC00007805,Mobile,9.23,69
PLC00004574,Health,182.67,10
PLC00007685,Mobile,9.17,48
PLC00004898,Travel,63.53,46
PLC00007635,Property,141.97,58
PLC00004799,Motor,122.41,116
PLC00002756,Mobile,8.27,97
PLC00005109,Property,119.7,113
PLC00008310,Health,162.45,40
PLC00004989,Health,126.97,7
PLC00000868,Life,89.01,65
PLC00004441,Mobile,6.88,27
PLC00002059,Health,114.67,52
PLC00004096,Motor,90.52,105
PLC00003026,Property,85.61,23
PLC00002923,Health,142.62,83
PLC00000146,Motor,122.72,92
PLC00001444,Mobile,6.28,36
PLC00009238,Property,90.39,56
PLC00008859,Health,167.33,103
PLC00003206,Health,121.79,90
PLC00008636,Mobile,11.45,58
PLC00002019,Life,95.31,20
PLC00001351,Property,122.91,62
PLC00008396,Travel,85.88,85
PLC00001204,Travel,62.18,65
PLC00003539,Health,171.39,33
PLC00003067,Property,147.08,73
PLC00006783,Health,190.66,31
PLC00001338,Mobile,11.44,30
PLC00009375,Motor,82.35,39
PLC00002095,Life,98.35,102
PLC00006856,Motor,108.28,73
PLC00006500,Motor,129.39,9
PLC00002846,Health,120.99,79
PLC00009529,Health,156.19,10
PLC00009221,Life,79.89,10
PLC00003570,Travel,51.06,101
PLC00009549,Health,111.74,112
PLC00002255,Health,103.92,40
PLC00002874,Health,148.18,68
PLC00004933,Life,78.55,118
PLC00009544,Motor,101.84,79
PLC00001981,Life,64.81,34
PLC00009804,Motor,93.81,21
PLC00006442,Life,56.6,75
PLC00007964,Health,116.95,47
PLC00001683,Motor,72.73,42
PLC00002451,Motor,127.42,23
PLC00009112,Health,111.75,19
PLC00008782,Travel,59.26,18
PLC00002439,Mobile,8.14,62
PLC00001948,Life,85.84,43
PLC00009195,Travel,59.72,77
PLC00003423,Life,65.51,40
PLC00000221,Health,187.51,42
PLC00002938,Health,128.17,90
PLC00007927,Property,85.83,72
PLC00004211,Motor,77.74,59
PLC00007831,Life,96.36,79
PLC00009587,Health,149.59,7
PLC00007678,Life,91.64,116
PLC00002633,Life,87.46,84
PLC00009978,Travel,66.68,108
PLC00000896,Health,189.06,112
PLC00006811,Motor,136.66,63
PLC00003924,Health,162.91,66
PLC00000266,Mobile,11.76,50
PLC00003969,Health,116.75,77
PLC00008678,Life,93.53,78
PLC00000345,Health,157.86,45
PLC00008519,Mobile,9.3,105
PLC00006208,Life,57.92,48
PLC00000544,Motor,103.08,92
PLC00004138,Motor,72.0,25
PLC00009337,Health,177.01,84
PLC00009293,Motor,90.18,73
PLC00000991,Life,86.04,15
PLC00002872,Mobile,6.37,100
PLC00001532,Motor,124.86,76
PLC00004987,Travel,92.98,69
PLC00004082,Travel,68.59,105
PLC00001773,Life,98.97,83
PLC00000704,Travel,61.49,94
PLC00009988,Life,58.9,36
PLC00006108,Mobile,9.78,52
PLC00002477,Health,130.5,56
PLC00001968,Mobile,9.78,100
PLC00008551,Travel,70.48,39
PLC00000201,Property,143.43,113
PLC00005400,Property,139.03,49
PLC00004954,Travel,79.78,97
PLC00002111,Motor,107.02,33
PLC00002865,Life,98.05,43
PLC00003549,Life,97.99,54
PLC00008408,Health,100.7,13
PLC00000535,Property,148.67,111
PLC00000186,Life,74.69,57
PLC00009490,Health,173.06,57
PLC00009092,Health,112.63,18
PLC00007898,Mobile,6.01,73
PLC00001292,Health,197.98,112
PLC00007903,Life,92.42,58
PLC00006211,Health,150.33,91
PLC00008980,Motor,70.1,15
PLC00003693,Motor,101.08,47
PLC00001976,Motor,112.45,38
PLC00006363,Life,53.69,43
PLC00004030,Life,50.87,23
PLC00001482,Travel,78.63,73
PLC00003237,Mobile,11.54,10
PLC00006067,Mobile,7.11,15
PLC00004057,Mobile,8.34,85
PLC00000218,Mobile,9.16,17
PLC00002207,Health,157.38,37
PLC00007105,Mobile,6.62,83
PLC00006941,Mobile,8.01,68
PLC00000993,Mobile,7.15,54
PLC00009308,Property,114.82,45
PLC00009725,Travel,70.79,116
PLC00001079,Property,130.15,63
PLC00006513,Life,92.67,56
PLC00004552,Travel,52.32,96
PLC00006342,Mobile,8.79,51
PLC00003193,Motor,136.04,38
PLC00007078,Travel,79.25,70
PLC00007983,Life,57.91,58
PLC00008791,Mobile,7.75,53
PLC00000628,Travel,64.8,19
PLC00004646,Life,86.25,22
PLC00008266,Health,194.42,12
PLC00002650,Travel,66.22,119
PLC00000306,Property,129.48,53
PLC00009922,Mobile,7.34,31
PLC00006477,Motor,85.9,99
PLC00008591,Travel,64.05,30
PLC00000936,Motor,136.95,38
PLC00008811,Health,144.72,12
PLC00005338,Property,157.05,78
PLC00009176,Health,192.79,98
PLC00005687,Travel,70.75,49
PLC00003097,Mobile,8.19,97
PLC00008082,Motor,117.63,82
PLC00002147,Mobile,11.69,14
PLC00009736,Health,190.31,34
PLC00006852,Mobile,10.49,104
PLC00003057,Health,144.43,30
PLC00009702,Property,84.89,107
PLC00006398,Mobile,7.38,34
PLC00004061,Property,136.46,59
PLC00003807,Mobile,10.27,39
PLC00005342,Life,58.63,38
PLC00009498,Motor,100.5,44
PLC00009697,Life,89.14,6
PLC00005217,Health,192.92,94
PLC00002921,Health,174.42,103
PLC00002902,Mobile,7.72,63
PLC00006901,Life,56.15,110
PLC00003081,Health,169.27,80
PLC00009907,Health,184.24,18
PLC00006251,Travel,95.25,101
PLC00001758,Health,162.59,98
PLC00008133,Life,93.68,75
PLC00008673,Life,83.1,26
PLC00005858,Property,115.43,53
PLC00004042,Motor,82.33,8
PLC00008209,Life,97.83,82
PLC00008315,Travel,90.29,56
PLC00008880,Property,92.93,114
PLC00004430,Property,143.2,15
PLC00000391,Motor,79.52,102
PLC00005125,Motor,102.45,75
PLC00005313,Travel,57.44,9
PLC00007202,Motor,117.1,49
PLC00000649,Health,189.93,89
PLC00003566,Motor,99.92,110
PLC00003780,Life,84.06,100
PLC00004824,Property,101.1,68
PLC00007164,Travel,80.73,28
PLC00001309,Property,95.55,41
PLC00002673,Travel,77.45,98
PLC00003626,Travel,60.93,105
PLC00004803,Motor,73.42,43
PLC00001106,Property,105.2,23
PLC00006967,Health,147.47,118
PLC00003503,Property,93.22,32
PLC00001764,Mobile,7.87,68
PLC00002406,Life,90.87,86
PLC00004990,Mobile,11.79,16
PLC00005800,Health,172.87,64
PLC00007395,Travel,67.68,111
PLC00002437,Life,56.49,82
PLC00007549,Travel,57.86,55
PLC00002997,Health,162.73,33
PLC00005054,Health,167.73,110
PLC00000507,Health,103.53,35
PLC00002835,Mobile,9.76,55
PLC00007512,Property,85.27,69
PLC00007275,Health,133.04,56
PLC00004482,Property,132.46,23
PLC00007333,Mobile,8.97,91
PLC00005362,Travel,68.2,15
PLC00006254,Motor,113.2,106
PLC00001762,Health,194.18,22
PLC00002842,Health,165.92,80
PLC00003947,Travel,66.33,27
PLC00000005,Health,112.84,42
PLC00003288,Motor,94.61,85
PLC00008709,Travel,90.16,114
PLC00002763,Travel,57.78,107
PLC00004401,Life,64.47,61
PLC00007205,Property,115.71,30
PLC00003641,Property,110.95,89
PLC00004755,Motor,99.45,25
PLC00009979,Property,156.24,77
PLC00004973,Mobile,6.56,61
PLC00007980,Property,89.49,102
PLC00006524,Mobile,11.98,20
PLC00003188,Health,183.55,84
PLC00000380,Travel,76.98,25
PLC00008654,Health,157.33,84
PLC00001110,Motor,98.27,80
PLC00007281,Property,82.59,28
PLC00000768,Health,177.25,109
PLC00007772,Property,87.77,54
PLC00002018,Motor,131.22,49
PLC00001306,Mobile,10.02,117
PLC00008171,Life,81.83,38
PLC00009875,Travel,59.76,13
PLC00000602,Health,121.6,59
PLC00001759,Life,80.62,107
PLC00003572,Life,94.15,34
PLC00006575,Life,86.97,44
PLC00008009,Property,95.6,16
PLC00007464,Motor,111.74,43
PLC00009120,Motor,119.7,98
PLC00003904,Health,124.81,76
PLC00004125,Property,130.37,103
PLC00007992,Health,131.52,113
PLC00002640,Travel,68.56,13
PLC00004316,Life,57.5,96
PLC00009741,Travel,85.07,60
PLC00009605,Motor,76.35,86
PLC00005933,Travel,66.34,45
PLC00005440,Health,108.85,71
PLC00008694,Travel,58.61,29
PLC00002877,Travel,89.54,65
PLC00009017,Mobile,11.93,118
PLC00008303,Mobile,11.31,93
PLC00000879,Health,144.12,45
PLC00007751,Travel,86.04,34
PLC00005676,Property,111.0,97
PLC00006991,Mobile,9.85,54
PLC00006907,Property,88.65,102
PLC00005552,Property,111.67,38
PLC00002989,Mobile,9.62,84
PLC00001729,Health,170.26,108
PLC00007644,Life,56.58,11
PLC00005995,Travel,68.86,61
PLC00004821,Motor,87.71,68
PLC00008313,Motor,83.16,79
PLC00008502,Health,175.67,17
PLC00005949,Mobile,6.08,100
PLC00005474,Property,126.39,67
PLC00005503,Life,58.03,79
PLC00004083,Health,153.09,104
PLC00002089,Travel,84.8,106
PLC00008776,Motor,90.59,70
PLC00009306,Health,193.07,65
PLC00009860,Life,76.96,92
PLC00006690,Property,137.33,83
PLC00004144,Motor,80.44,84
PLC00008712,Life,54.09,29
PLC00007863,Mobile,9.71,40
PLC00005960,Travel,62.69,66
PLC00000941,Motor,98.91,50
PLC00006912,Property,96.42,12
PLC00006476,Health,160.01,7
PLC00003501,Travel,60.71,33
PLC00000302,Travel,65.31,112
PLC00005564,Health,169.06,39
PLC00003898,Mobile,6.28,99
PLC00002260,Life,98.08,82
PLC00005455,Travel,59.03,58
PLC00004383,Health,164.4,82
PLC00001930,Life,70.32,100
PLC00009664,Mobile,11.24,106
PLC00008286,Mobile,11.12,78
PLC00005718,Travel,75.92,97
PLC00001942,Health,191.26,28
PLC00000115,Life,70.43,38
PLC00006045,Mobile,11.11,85
PLC00007380,Travel,77.19,81
PLC00001152,Life,88.02,75
PLC00003227,Motor,105.72,35
PLC00006012,Travel,77.02,115
PLC00002057,Life,63.51,65
PLC00000429,Life,74.41,14
PLC00006485,Travel,56.33,119
PLC00004426,Life,92.12,15
PLC00002900,Travel,67.47,59
PLC00000685,Mobile,11.05,14
PLC00000021,Property,106.2,72
PLC00003073,Health,140.73,47
PLC00008274,Property,150.96,78
PLC00002384,Health,152.2,118
PLC00002811,Health,197.82,117
PLC00001742,Mobile,10.39,61
PLC00003522,Mobile,8.26,94
PLC00000458,Health,170.11,80
PLC00003349,Health,129.87,36
PLC00007528,Motor,94.84,11
PLC00004081,Life,57.2,42
PLC00006952,Motor,82.58,6
PLC00005058,Travel,52.88,68
PLC00003195,Health,157.85,35
PLC00006929,Mobile,10.2,107
PLC00004157,Mobile,9.15,57
PLC00006209,Property,147.54,48
PLC00003047,Travel,84.18,63
PLC00001833,Property,95.22,105
PLC00003966,Health,175.65,42
PLC00008837,Property,134.93,64
PLC00003523,Motor,115.48,99
PLC00005754,Motor,137.29,112
PLC00009320,Health,179.94,17
PLC00008644,Life,62.79,56
PLC00002623,Travel,55.87,115
PLC00000789,Travel,60.87,110
PLC00004894,Mobile,11.75,69
PLC00009104,Life,86.65,27
PLC00007425,Travel,57.31,26
PLC00009229,Life,50.58,18
PLC00000887,Life,78.49,27
PLC00007242,Health,169.2,103
PLC00000357,Mobile,8.18,57
PLC00006206,Mobile,11.68,119
PLC00000785,Health,197.59,57
PLC00007582,Life,93.25,31
PLC00002012,Property,90.86,103
PLC00009118,Health,121.47,80
PLC00008860,Life,62.11,97
PLC00008875,Mobile,10.74,73
PLC00004342,Life,76.17,68
PLC00003772,Life,75.25,113
PLC00006729,Travel,77.07,71
PLC00000627,Travel,81.28,46
PLC00002671,Property,92.35,11
PLC00008668,Mobile,8.19,6
PLC00008499,Property,113.04,113
PLC00008341,Health,112.48,30
PLC00008881,Travel,75.71,112
PLC00007027,Property,92.96,9
PLC00006536,Property,98.7,10
PLC00009631,Life,88.41,79
PLC00002867,Health,149.21,88
PLC00005727,Mobile,9.66,39
PLC00009753,Mobile,7.66,91
PLC00004771,Health,160.15,91
PLC00006313,Mobile,6.33,111
PLC00006152,Property,105.23,12
PLC00004957,Property,156.34,62
PLC00009681,Travel,89.89,80
PLC00001285,Property,99.32,63
PLC00003650,Life,73.98,54
PLC00001426,Life,58.9,56
PLC00003766,Mobile,7.86,29
PLC00002323,Motor,138.72,89
PLC00005390,Health,174.12,97
PLC00009851,Motor,112.67,106
PLC00001468,Health,104.43,93
PLC00006956,Property,98.63,33
PLC00006127,Health,181.17,9
PLC00002068,Motor,77.69,8
PLC00005448,Property,133.61,107
PLC00001180,Motor,110.41,108
PLC00004213,Travel,86.48,26
PLC00006736,Life,59.01,21
PLC00008596,Property,131.35,47
PLC00001631,Motor,91.06,47
PLC00001320,Travel,83.09,96
PLC00008681,Travel,70.8,116
PLC00000882,Property,129.1,29
PLC00003745,Life,98.43,109
PLC00007040,Mobile,10.28,43
PLC00001237,Property,128.73,48
PLC00001771,Life,62.46,72
PLC00005996,Property,125.74,88
PLC00004829,Health,145.78,66
PLC00006411,Motor,103.41,101
PLC00008413,Property,151.29,72
PLC00000835,Motor,111.69,63
PLC00001509,Mobile,9.73,38
PLC00007286,Property,94.21,84
PLC00000892,Property,120.8,103
PLC00004375,Travel,90.79,91
PLC00003851,Health,141.56,89
PLC00003895,Travel,91.55,31
PLC00002797,Life,74.73,112
PLC00007592,Health,146.41,6
PLC00007908,Property,111.92,40
PLC00000175,Motor,83.42,64
PLC00006558,Property,84.06,69
PLC00004001,Property,127.3,112
PLC00008277,Health,146.14,11
PLC00006383,Property,132.11,48
PLC00000240,Property,105.17,106
PLC00005268,Property,93.52,20
PLC00000626,Mobile,6.33,36
PLC00006200,Life,63.02,100
PLC00001916,Mobile,8.94,67
PLC00007907,Health,140.12,18
PLC00005296,Life,84.67,26
PLC00006158,Motor,103.72,75
PLC00009726,Travel,66.92,41
PLC00001745,Mobile,8.25,86
PLC00002341,Property,125.62,19
PLC00005487,Travel,59.11,117
PLC00006429,Motor,100.1,99
PLC00008642,Travel,81.64,86
PLC00009401,Travel,66.89,21
PLC00006386,Travel,56.26,15
PLC00001048,Property,141.11,44
PLC00002328,Travel,53.81,93
PLC00004903,Life,52.62,40
PLC00003427,Property,155.7,46
PLC00001977,Motor,108.36,74
PLC00006968,Life,66.7,119
PLC00007732,Mobile,8.57,99
PLC00009341,Health,121.82,23
PLC00003759,Mobile,7.29,104
PLC00009830,Mobile,8.77,119
PLC00002327,Property,135.71,118
PLC00005704,Life,71.97,99
PLC00004750,Life,67.98,46
PLC00000324,Health,173.68,72
PLC00000639,Mobile,9.52,119
PLC00000265,Mobile,8.9,63
PLC00008141,Life,99.51,75
PLC00004782,Life,51.92,12
PLC00007135,Travel,96.9,81
PLC00004462,Travel,77.16,81
PLC00002214,Property,135.21,87
PLC00004180,Health,171.65,38
PLC00005646,Travel,85.25,25
PLC00002272,Travel,63.89,25
PLC00005145,Travel,55.93,101
PLC00006718,Health,114.82,41
PLC00007979,Travel,59.67,32
PLC00004431,Travel,65.37,11
PLC00001702,Health,185.27,104
PLC00002405,Motor,125.2,40
PLC00002960,Life,59.35,63
PLC00000561,Life,93.76,31
PLC00002276,Health,165.56,95
PLC00005816,Motor,70.86,49
PLC00005592,Motor,100.46,22
PLC00001682,Mobile,10.13,46
PLC00001900,Mobile,10.37,17
PLC00004862,Motor,110.4,88
PLC00009089,Property,134.66,78
PLC00004996,Travel,83.57,44
PLC00009068,Health,103.87,106
PLC00000820,Travel,60.39,100
PLC00001905,Motor,130.84,73
PLC00006715,Travel,74.98,32
PLC00004991,Life,74.01,57
PLC00004199,Health,115.5,95
PLC00005166,Property,142.7,52
PLC00001239,Life,59.62,39
PLC00007578,Life,72.98,25
PLC00005647,Mobile,6.47,116
PLC00002656,Mobile,6.37,15
PLC00005113,Mobile,10.52,19
PLC00007774,Motor,121.35,25
PLC00003244,Travel,84.58,59
PLC00003289,Health,100.99,23
PLC00002206,Mobile,6.87,32
PLC00002372,Health,182.84,20
PLC00000454,Health,142.93,44
PLC00008597,Travel,53.19,78
PLC00003111,Mobile,10.78,65
PLC00002795,Motor,114.63,25
PLC00007522,Life,77.79,38
PLC00000702,Property,97.77,57
PLC00001358,Travel,60.84,54
PLC00005354,Life,95.16,51
PLC00006142,Mobile,6.75,14
PLC00006148,Motor,129.97,17
PLC00001319,Property,145.0,12
PLC00000545,Health,152.03,61
PLC00003603,Motor,116.98,80
PLC00004072,Motor,132.98,118
PLC00009202,Property,157.33,22
PLC00004124,Motor,130.9,35
PLC00002195,Travel,74.67,52
PLC00003486,Health,191.46,28
PLC00001276,Mobile,11.22,32
PLC00008587,Property,97.8,65
PLC00003598,Motor,78.43,68
PLC00004812,Mobile,7.28,51
PLC00002959,Life,53.99,101
PLC00006756,Travel,64.31,16
PLC00006088,Property,130.65,83
PLC00004418,Motor,101.29,32
PLC00006592,Mobile,11.32,96
PLC00002063,Motor,127.6,92
PLC00004677,Property,81.56,35
PLC00003392,Property,84.54,76
PLC00007309,Motor,91.12,106
PLC00009823,Travel,54.14,47
PLC00003266,Life,67.26,114
PLC00008354,Mobile,8.07,94
PLC00006693,Property,125.7,28
PLC00007562,Travel,58.74,35
PLC00000871,Property,86.69,47
PLC00009982,Travel,92.28,60
PLC00005607,Mobile,8.32,49
PLC00009114,Motor,92.71,102
PLC00009309,Mobile,10.01,75
PLC00009098,Property,94.46,108
PLC00003841,Health,193.31,71
PLC00009689,Travel,81.22,42
PLC00004188,Travel,55.31,112
PLC00000996,Motor,113.27,111
PLC00003906,Health,145.33,80
PLC00004909,Health,186.05,15
PLC00002091,Travel,53.33,86
PLC00002092,Travel,86.4,106
PLC00003890,Life,82.88,77
PLC00003189,Life,55.3,98
PLC00000497,Life,51.12,46
PLC00007278,Motor,132.66,23
PLC00008137,Life,52.87,85
PLC00005982,Life,62.1,98
PLC00000534,Property,135.57,119
PLC00009967,Health,147.02,113
PLC00000940,Health,181.55,36
PLC00007351,Travel,68.6,10
PLC00003395,Motor,104.33,78
PLC00007343,Travel,71.34,38
PLC00004822,Travel,82.54,34
PLC00009573,Life,52.45,36
PLC00003858,Life,68.89,99
PLC00001920,Mobile,6.1,85
PLC00000104,Mobile,8.45,62
PLC00000560,Mobile,8.5,20
PLC00003798,Life,83.45,92
PLC00003412,Property,121.52,106
PLC00004452,Mobile,7.03,57
PLC00002000,Property,82.88,102
PLC00000634,Property,118.75,97
PLC00006679,Property,113.07,62
PLC00005946,Health,190.71,86
PLC00006887,Property,109.74,42
PLC00001634,Mobile,7.24,82
PLC00005530,Motor,112.49,109
PLC00005678,Life,70.11,24
PLC00002512,Mobile,8.55,27
PLC00002613,Health,193.67,109
PLC00006925,Motor,98.83,55
PLC00009784,Travel,76.62,10
PLC00009395,Travel,70.59,109
PLC00008938,Health,154.37,74
PLC00002624,Mobile,6.74,93
PLC00009625,Mobile,6.91,101
PLC00003394,Property,111.12,91
PLC00008606,Mobile,8.55,91
PLC00004246,Property,148.5,91
PLC00005108,Health,116.07,95
PLC00005271,Mobile,7.25,90
PLC00003102,Mobile,7.13,108
PLC00007972,Life,50.66,68
PLC00006928,Property,105.43,95
PLC00008879,Life,69.65,63
PLC00002537,Health,124.56,113
PLC00006270,Travel,78.45,98
PLC00008092,Life,69.4,47
PLC00007015,Property,93.06,99
PLC00005932,Travel,73.55,58
PLC00001191,Property,151.43,72
PLC00006501,Property,124.09,101
PLC00000467,Life,56.24,40
PLC00000630,Motor,76.06,31
PLC00005336,Motor,82.03,100
PLC00007477,Health,161.02,54
PLC00000366,Property,152.51,13
PLC00008985,Life,61.57,28
PLC00004605,Motor,134.02,62
PLC00001080,Travel,96.42,79
PLC00001958,Health,118.02,62
PLC00000581,Property,137.32,117
PLC00007146,Travel,51.45,69
PLC00000446,Travel,52.27,39
PLC00007048,Health,156.64,70
PLC00009041,Life,57.97,17
PLC00008657,Motor,79.16,115
PLC00005553,Life,71.47,42
PLC00005283,Property,137.02,49
PLC00009788,Life,83.46,24
PLC00007064,Property,88.69,110
PLC00008742,Health,185.58,16
PLC00000300,Motor,86.55,73
PLC00007643,Life,68.05,43
PLC00007389,Life,56.84,6
PLC00002585,Motor,89.02,52
PLC00001009,Mobile,11.98,9
PLC00009028,Property,116.0,37
PLC00002240,Motor,123.35,27
PLC00007199,Travel,91.67,53
PLC00004788,Mobile,8.1,103
PLC00009471,Property,82.16,52
PLC00008066,Travel,54.79,99
PLC00007315,Life,71.22,65
PLC00006121,Travel,81.88,15
PLC00000290,Mobile,8.0,31
PLC00005970,Life,93.48,38
PLC00002259,Health,173.98,85
PLC00005278,Motor,93.27,111
PLC00002759,Property,143.56,59
PLC00006868,Life,54.84,9
PLC00000292,Health,196.1,54
PLC00009940,Travel,66.37,10
PLC00000198,Life,66.76,119
PLC00002757,Mobile,8.26,15
PLC00003783,Life,76.88,119
PLC00006280,Motor,133.61,63
PLC00002945,Travel,80.06,117
PLC00005712,Life,54.11,117
PLC00004149,Life,51.36,69
PLC00009310,Mobile,6.37,45
PLC00000792,Life,80.38,44
PLC00000963,Mobile,10.31,89
PLC00000055,Property,97.66,82
PLC00008281,Property,129.28,31
PLC00006909,Motor,123.61,51
PLC00002025,Life,56.86,76
PLC00007798,Mobile,8.75,78
PLC00007505,Property,92.38,103
PLC00000001,Life,92.18,76
PLC00001562,Health,141.38,65
PLC00002491,Motor,96.38,29
PLC00005273,Life,52.71,35
PLC00003002,Property,85.23,44
PLC00005005,Property,135.84,71
PLC00001842,Travel,63.25,44
PLC00004497,Motor,103.95,20
PLC00005517,Property,144.83,72
PLC00006330,Motor,76.52,106
PLC00005261,Travel,86.46,92
PLC00002815,Property,137.06,9
PLC00008588,Travel,78.07,66
PLC00006464,Travel,97.39,92
PLC00009942,Motor,111.67,46
PLC00001132,Travel,82.06,15
PLC00003338,Health,155.23,51
PLC00001608,Health,102.63,96
PLC00004766,Travel,79.4,76
PLC00006599,Property,115.14,81
PLC00006309,Life,86.9,51
PLC00002009,Mobile,10.82,36
PLC00002707,Life,93.5,17
PLC00009931,Life,80.58,113
PLC00006724,Motor,100.26,101
PLC00000167,Property,83.58,88
PLC00005975,Life,78.34,42
PLC00006984,Mobile,9.49,114
PLC00008383,Mobile,9.34,100
PLC00003005,Motor,90.73,72
PLC00001415,Motor,133.83,94
PLC00007337,Travel,61.89,46
PLC00001004,Mobile,9.36,43
PLC00002101,Mobile,11.56,95
PLC00001848,Health,192.88,109
PLC00004961,Motor,99.11,73
PLC00005533,Property,150.58,28
PLC00006858,Travel,65.55,48
PLC00009835,Travel,57.13,114
PLC00009635,Mobile,6.92,93
PLC00009893,Property,135.12,108
PLC00008828,Health,167.19,87
PLC00005206,Motor,133.06,99
PLC00000106,Motor,82.8,99
PLC00009626,Mobile,10.26,52
PLC00003417,Property,97.17,40
PLC00002229,Motor,126.58,114
PLC00001677,Motor,95.01,33
PLC00003826,Health,147.31,79
PLC00006163,Property,153.73,58
PLC00007694,Travel,75.13,13
PLC00005601,Mobile,6.74,92
PLC00005835,Motor,126.46,24
PLC00006214,Travel,65.31,38
PLC00006708,Life,69.56,64
PLC00008083,Motor,128.55,20
PLC00009251,Travel,72.03,30
PLC00006362,Health,161.3,103
PLC00008955,Mobile,7.24,12
PLC00000036,Health,135.56,88
PLC00004362,Life,70.81,117
PLC00003528,Health,160.83,98
PLC00004219,Travel,75.92,21
PLC00000041,Mobile,10.19,40
PLC00001323,Motor,83.16,83
PLC00006802,Life,74.72,63
PLC00000215,Travel,89.89,75
PLC00002880,Mobile,8.36,54
PLC00000278,Property,80.06,84
PLC00004947,Health,153.26,62
PLC00001749,Property,104.49,116
PLC00005057,Motor,88.6,63
PLC00006734,Motor,75.72,18
PLC00001719,Health,131.06,6
PLC00006963,Property,81.45,69
PLC00000432,Life,94.77,17
PLC00003999,Health,122.09,36
PLC00007933,Property,97.44,60
PLC00007713,Health,149.23,22
PLC00003303,Travel,80.48,33
PLC00001514,Life,67.08,107
PLC00001513,Motor,85.52,37
PLC00006920,Life,68.7,68
PLC00004039,Mobile,11.99,23
PLC00000612,Property,120.96,29
PLC00005042,Health,106.28,106
PLC00005741,Property,104.42,59
PLC00003344,Health,110.16,16
PLC00004928,Property,131.07,11
PLC00005532,Property,139.24,108
PLC00009436,Life,90.76,55
PLC00002716,Mobile,6.76,84
PLC00009342,Health,154.0,81
PLC00009599,Mobile,7.38,49
PLC00009288,Motor,133.0,79
PLC00007851,Property,142.35,94
PLC00009718,Motor,79.22,106
PLC00006320,Motor,99.24,75
PLC00003253,Motor,95.15,91
PLC00009524,Life,65.5,102
PLC00003589,Health,190.62,118
PLC00004002,Property,84.85,8
PLC00007510,Travel,88.22,27
PLC00003730,Travel,70.31,26
PLC00009714,Life,94.98,76
PLC00000860,Life,94.86,100
PLC00005045,Mobile,7.95,11
PLC00004581,Travel,81.4,85
PLC00003885,Travel,56.17,59
PLC00000746,Property,136.28,43
PLC00001752,Life,62.36,74
PLC00004475,Motor,110.01,58
PLC00007928,Mobile,8.17,69
PLC00006298,Travel,89.55,74
PLC00001932,Life,53.27,24
PLC00002081,Health,162.15,10
PLC00008603,Property,89.31,47
PLC00005223,Motor,96.28,109
PLC00005572,Life,53.11,37
PLC00007716,Travel,69.07,11
PLC00000567,Property,135.5,74
PLC00006390,Life,70.85,37
PLC00000831,Health,135.6,97
PLC00004974,Travel,81.03,46
PLC00009991,Health,198.91,65
PLC00004890,Life,91.44,91
PLC00003824,Health,108.4,59
PLC00001148,Mobile,8.89,55
PLC00007481,Life,59.8,64
PLC00003867,Property,98.94,13
PLC00006547,Property,144.57,73
PLC00009331,Health,120.84,108
PLC00003915,Travel,74.89,76
PLC00001047,Health,123.72,65
PLC00001262,Mobile,11.4,63
PLC00000854,Mobile,10.28,66
PLC00007240,Motor,116.24,89
PLC00002896,Mobile,10.17,10
PLC00004474,Health,108.77,72
PLC00001040,Life,55.73,96
PLC00004310,Property,116.99,79
PLC00000422,Property,93.43,42
PLC00005790,Mobile,8.28,18
PLC00009282,Travel,72.31,27
PLC00008164,Travel,55.7,98
PLC00004273,Travel,91.38,97
PLC00001443,Travel,86.44,77
PLC00006066,Travel,71.92,102
PLC00008395,Property,132.1,29
PLC00001134,Mobile,6.5,83
PLC00008374,Life,66.74,73
PLC00006179,Life,92.32,43
PLC00005828,Property,88.66,85
PLC00007707,Property,148.04,42
PLC00000362,Health,129.94,95
PLC00009280,Travel,97.21,100
PLC00007091,Mobile,9.44,30
PLC00003825,Motor,102.47,20
PLC00003548,Motor,71.67,44
PLC00004591,Mobile,9.2,89
PLC00002968,Motor,118.69,47
PLC00006581,Health,110.86,73
PLC00001583,Mobile,6.29,23
PLC00002023,Mobile,7.06,87
PLC00007626,Property,122.26,57
PLC00008943,Travel,67.29,41
PLC00003438,Motor,125.13,20
PLC00005012,Motor,84.92,65
PLC00005612,Life,75.7,60
PLC00006019,Property,108.65,102
PLC00004936,Travel,87.43,69
PLC00008592,Life,97.95,80
PLC00004496,Life,71.76,111
PLC00000387,Health,169.93,20
PLC00003758,Mobile,11.23,55
PLC00004770,Travel,66.85,113
PLC00002038,Health,146.26,80
PLC00003976,Property,148.0,70
PLC00005917,Health,144.81,96
PLC00004170,Life,53.74,25
PLC00009545,Health,149.7,58
PLC00002021,Health,133.12,100
PLC00000368,Travel,84.84,86
PLC00001271,Travel,81.15,84
PLC00003993,Motor,135.2,105
PLC00001770,Motor,133.64,98
PLC00007764,Life,60.72,91
PLC00002677,Motor,128.47,49
PLC00004064,Property,106.31,15
PLC00005500,Property,90.58,102
PLC00001102,Property,81.13,55
PLC00007680,Motor,98.79,34
PLC00002487,Motor,91.82,93
PLC00002474,Life,78.17,20
PLC00000105,Health,149.86,35
PLC00007892,Life,99.48,104
PLC00003933,Property,110.68,64
PLC00005990,Health,161.9,6
PLC00005822,Travel,95.94,104
PLC00003863,Mobile,10.16,59
PLC00009416,Travel,51.09,45
PLC00003620,Mobile,8.82,49
PLC00002848,Mobile,7.73,72
PLC00009837,Life,68.4,94
PLC00008493,Property,145.6,16
PLC00007114,Health,189.34,105
PLC00002861,Life,72.97,51
PLC00005977,Property,111.75,77
PLC00004193,Health,118.67,89
PLC00001467,Life,87.92,37
PLC00007869,Life,85.96,108
PLC00004765,Property,97.32,57
PLC00003746,Mobile,11.31,10
PLC00005200,Property,130.88,61
PLC00007646,Life,80.11,66
PLC00005725,Life,80.24,80
PLC00006466,Property,113.28,107
PLC00000074,Life,66.62,51
PLC00002300,Property,94.01,47
PLC00000669,Life,50.13,78
PLC00004243,Life,79.75,49
PLC00003770,Mobile,11.62,118
PLC00003320,Mobile,7.8,16
PLC00000731,Health,115.24,41
PLC00006078,Mobile,11.37,78
PLC00001766,Life,98.76,69
PLC00002151,Travel,67.21,109
PLC00007317,Life,70.89,111
PLC00002573,Travel,50.84,95
PLC00002730,Travel,56.83,101
PLC00008328,Travel,69.49,31
PLC00001584,Motor,134.16,21
PLC00006908,Health,158.0,36
PLC00001530,Travel,68.15,92
PLC00005098,Mobile,10.85,31
PLC00000411,Property,134.43,9
PLC00002174,Health,115.8,36
PLC00001095,Property,136.87,53
PLC00002321,Property,118.33,36
PLC00004752,Life,79.67,114
PLC00005972,Travel,87.07,49
PLC00002663,Mobile,9.47,88
PLC00002982,Property,115.19,21
PLC00003119,Life,80.92,36
PLC00005051,Property,118.35,9
PLC00001260,Property,109.06,36
PLC00000499,Health,185.41,62
PLC00004033,Mobile,7.82,118
PLC00007572,Travel,52.82,81
PLC00004992,Property,159.72,7
PLC00002115,Property,84.82,115
PLC00005465,Mobile,9.04,85
PLC00005471,Motor,78.73,42
PLC00007628,Mobile,10.67,37
PLC00009010,Health,182.78,18
PLC00006944,Motor,72.24,41
PLC00006006,Motor,112.42,42
PLC00005961,Travel,88.55,58
PLC00003285,Life,55.63,113
PLC00005689,Property,105.54,115
PLC00007664,Health,130.92,98
PLC00006992,Property,90.58,78
PLC00003246,Property,86.53,71
PLC00005850,Property,143.17,91
PLC00007030,Health,101.24,59
PLC00007354,Travel,54.11,34
PLC00003756,Life,83.8,39
PLC00008515,Property,108.72,97
PLC00009060,Motor,117.57,34
PLC00008420,Travel,82.98,56
PLC00000596,Property,147.63,117
PLC00006709,Health,101.37,40
PLC00007444,Motor,131.31,32
PLC00000202,Property,129.02,44
PLC00008919,Mobile,7.97,85
PLC00008255,Property,149.54,66
PLC00007911,Property,136.89,110
PLC00005945,Health,155.86,87
PLC00004563,Property,103.93,24
PLC00003387,Motor,98.16,111
PLC00001135,Property,149.6,54
PLC00009612,Motor,138.57,69
PLC00003432,Property,145.25,6
PLC00008622,Life,87.84,28
PLC00006479,Mobile,8.89,24
PLC00000790,Mobile,9.08,86
PLC00005040,Travel,62.81,26
PLC00008950,Mobile,6.46,51
PLC00006020,Property,154.45,25
PLC00008749,Motor,109.06,91
PLC00002508,Life,61.61,107
PLC00008639,Mobile,11.88,15
PLC00004364,Mobile,9.52,18
PLC00001464,Travel,95.55,56
PLC00007870,Property,81.86,72
PLC00000037,Life,72.48,106
PLC00003342,Property,150.89,99
PLC00006212,Travel,50.27,88
PLC00009509,Property,106.65,24
PLC00003141,Motor,132.06,32
PLC00006385,Property,124.67,105
PLC00008733,Mobile,6.75,13
PLC00007100,Life,69.95,22
PLC00002659,Motor,88.8,50
PLC00007302,Health,140.81,107
PLC00008215,Motor,130.32,79
PLC00006405,Travel,84.91,15
PLC00006465,Mobile,8.68,75
PLC00000067,Life,66.96,73
PLC00001944,Motor,93.88,78
PLC00004267,Life,96.45,7
PLC00000757,Mobile,8.37,77
PLC00005514,Travel,82.8,20
PLC00007155,Health,115.37,32
PLC00003721,Health,123.85,103
PLC00005149,Health,126.55,58
PLC00001769,Mobile,7.4,72
PLC00001021,Life,95.3,100
PLC00006162,Travel,83.92,61
PLC00007024,Life,72.03,22
PLC00007128,Property,93.73,57
PLC00004864,Travel,67.09,111
PLC00006899,Property,147.69,20
PLC00001371,Motor,84.09,39
PLC00001723,Motor,99.51,114
PLC00004288,Health,138.31,41
PLC00006234,Life,71.59,85
PLC00002185,Life,71.04,59
PLC00000655,Life,80.04,39
PLC00001714,Motor,74.47,16
PLC00000227,Health,137.24,88
PLC00007346,Life,66.38,54
PLC00004359,Travel,54.14,9
PLC00005063,Motor,103.34,67
PLC00005621,Mobile,7.47,92
PLC00009034,Property,147.79,40
PLC00006213,Health,117.15,59
PLC00002502,Travel,98.29,117
PLC00009859,Health,120.13,23
PLC00006047,Health,137.7,66
PLC00006700,Health,181.35,83
PLC00001646,Life,90.4,24
PLC00005363,Health,164.34,99
PLC00008195,Health,120.71,76
PLC00009752,Life,83.36,15
PLC00005958,Property,116.47,12
PLC00001369,Property,99.29,62
PLC00009787,Motor,71.38,108
PLC00001215,Motor,138.94,58
PLC00004985,Motor,129.18,48
PLC00009155,Travel,78.65,19
PLC00004597,Travel,97.2,56
PLC00002066,Health,111.49,48
PLC00006250,Health,111.25,43
PLC00002062,Life,65.24,27
PLC00009435,Mobile,10.36,65
PLC00008554,Motor,98.9,88
PLC00005969,Life,68.64,113
PLC00002740,Life,84.67,7
PLC00002362,Motor,84.45,115
PLC00000193,Travel,71.11,90
PLC00009192,Health,198.34,93
PLC00008809,Motor,129.07,103
PLC00006688,Property,153.52,111
PLC00006481,Property,127.92,103
PLC00009552,Health,162.83,106
PLC00004278,Property,125.69,107
PLC00000396,Property,143.63,17
PLC00001782,Life,62.57,111
PLC00007236,Travel,65.74,59
PLC00004718,Health,175.18,104
PLC00006948,Life,92.92,87
PLC00001747,Property,99.38,56
PLC00004956,Property,144.49,117
PLC00009622,Health,175.62,61
PLC00003752,Travel,98.32,58
PLC00003795,Travel,51.41,57
PLC00001614,Travel,78.9,12
PLC00000109,Motor,108.87,67
PLC00000818,Health,153.78,54
PLC00001690,Property,143.56,99
PLC00000384,Motor,83.28,88
PLC00005889,Health,119.03,28
PLC00003472,Mobile,11.44,79
PLC00000564,Health,109.08,52
PLC00003460,Life,55.02,67
PLC00006430,Property,152.78,20
PLC00000338,Life,58.28,95
PLC00001290,Travel,54.24,69
PLC00002466,Life,78.55,105
PLC00000040,Health,124.15,37
PLC00004099,Life,70.52,40
PLC00006021,Travel,86.15,32
PLC00003207,Health,145.52,52
PLC00008932,Travel,73.53,16
PLC00002310,Travel,56.79,56
PLC00003661,Life,55.82,63
PLC00003625,Travel,53.13,79
PLC00001353,Life,83.42,34
PLC00007545,Mobile,9.56,7
PLC00003313,Life,74.05,84
PLC00003451,Health,141.23,119
PLC00002891,Property,101.21,16
PLC00009356,Life,62.55,58
PLC00005255,Health,171.27,63
PLC00004880,Life,51.36,18
PLC00001248,Life,83.33,37
PLC00006585,Motor,98.92,8
PLC00002594,Mobile,7.06,61
PLC00002574,Travel,50.73,31
PLC00005859,Motor,89.13,95
PLC00008736,Motor,77.94,19
PLC00007843,Health,147.4,78
PLC00006300,Travel,91.69,26
PLC00009815,Motor,133.23,110
PLC00004694,Mobile,11.25,88
PLC00002481,Motor,99.76,37
PLC00008213,Mobile,10.85,97
PLC00004884,Mobile,7.93,99
PLC00007258,Health,151.42,112
PLC00002071,Travel,67.1,20
PLC00005201,Property,127.2,110
PLC00008208,Motor,75.39,47
PLC00008378,Motor,126.59,89
PLC00006554,Travel,76.75,93
PLC00003599,Travel,94.45,16
PLC00002841,Motor,110.97,58
PLC00007246,Property,96.22,31
PLC00008456,Mobile,10.69,92
PLC00000524,Mobile,10.84,38
PLC00004163,Motor,124.01,68
PLC00009175,Travel,84.57,77
PLC00000337,Mobile,8.91,31
PLC00002001,Mobile,8.77,117
PLC00000598,Motor,70.61,101
PLC00004899,Mobile,9.12,27
PLC00006803,Life,76.79,119
PLC00009009,Mobile,7.89,22
PLC00008524,Health,191.1,93
PLC00001957,Mobile,8.82,40
PLC00000398,Property,125.63,101
PLC00006326,Travel,52.66,33
PLC00000807,Travel,88.2,50
PLC00002679,Mobile,8.68,96
PLC00009424,Motor,120.87,113
PLC00006638,Travel,68.14,63
PLC00008094,Health,194.91,39
PLC00001915,Travel,91.16,57
PLC00006153,Health,130.04,63
PLC00009233,Travel,91.59,23
PLC00007051,Health,168.55,46
PLC00003352,Life,90.46,7
PLC00005631,Mobile,8.62,42
PLC00007793,Property,142.07,35
PLC00005636,Travel,91.52,113
PLC00007364,Life,76.58,90
PLC00009430,Property,147.04,16
PLC00009683,Motor,136.02,61
PLC00004282,Property,89.82,78
PLC00009921,Life,80.01,7
PLC00002674,Travel,78.54,91
PLC00008676,Mobile,6.74,99
PLC00008185,Travel,84.1,65
PLC00007595,Life,97.58,40
PLC00007206,Property,84.79,106
PLC00002683,Travel,93.55,26
PLC00006503,Life,70.03,28
PLC00001002,Travel,87.89,118
PLC00008431,Health,149.02,109
PLC00006896,Life,73.46,66
PLC00005965,Travel,94.69,74
PLC00008675,Travel,81.01,80
PLC00005249,Health,197.71,81
PLC00008234,Property,152.98,54
PLC00005685,Health,191.42,28
PLC00006781,Mobile,9.28,56
PLC00001162,Travel,72.13,75
PLC00002821,Health,187.12,74
PLC00001129,Mobile,8.07,65
PLC00008256,Property,108.51,74
PLC00004641,Mobile,8.99,25
PLC00002690,Property,148.43,8
PLC00007766,Health,157.31,63
PLC00003535,Travel,57.47,117
PLC00003009,Health,183.6,10
PLC00005642,Motor,80.82,111
PLC00005038,Motor,122.18,106
PLC00009906,Mobile,6.39,101
PLC00005179,Health,108.15,18
PLC00004327,Life,71.45,18
PLC00004284,Motor,121.94,87
PLC00002595,Travel,99.0,10
PLC00009338,Life,99.69,68
PLC00000760,Property,100.23,99
PLC00009834,Health,195.7,78
PLC00009111,Motor,116.63,32
PLC00006184,Motor,139.05,66
PLC00001852,Property,150.18,79
PLC00009990,Health,127.13,41
PLC00000064,Property,86.86,119
PLC00000514,Health,192.21,10
PLC00004104,Health,118.53,110
PLC00000249,Life,82.4,51
PLC00003317,Property,84.38,40
PLC00004352,Mobile,7.67,67
PLC00004846,Travel,86.72,54
PLC00002701,Travel,58.28,112
PLC00000921,Travel,76.57,63
PLC00007745,Mobile,8.37,9
PLC00005599,Travel,65.72,72
PLC00001029,Travel,79.62,67
PLC00001967,Life,80.82,103
PLC00008723,Mobile,8.16,51
PLC00009638,Motor,103.07,72
PLC00001657,Motor,97.1,68
PLC00001895,Life,91.09,11
PLC00005262,Motor,103.78,73
PLC00005106,Mobile,6.3,21
PLC00009770,Mobile,11.36,79
PLC00000677,Health,189.16,12
PLC00009186,Mobile,7.76,65
PLC00002290,Motor,72.45,67
PLC00004060,Motor,71.19,40
PLC00008825,Property,126.31,105
PLC00009171,Health,192.76,9
PLC00001044,Life,58.4,63
PLC00002978,Travel,59.45,76
PLC00006620,Mobile,7.05,96
PLC00002485,Travel,56.41,65
PLC00006916,Travel,64.99,29
PLC00008245,Property,84.0,115
PLC00008725,Health,146.79,105
PLC00004962,Property,120.67,33
PLC00000777,Health,100.47,64
PLC00007053,Health,160.88,43
PLC00005082,Property,102.31,32
PLC00003767,Health,166.78,23
PLC00002433,Mobile,9.04,104
PLC00003109,Travel,60.08,82
PLC00006773,Travel,88.74,73
PLC00002004,Motor,80.54,94
PLC00006654,Travel,80.63,30
PLC00000714,Health,147.48,44
PLC00000696,Life,84.34,15
PLC00001812,Mobile,6.56,21
PLC00004837,Mobile,9.02,7
PLC00001553,Health,171.74,61
PLC00004403,Life,69.61,64
PLC00000919,Property,89.34,113
PLC00002767,Travel,86.84,34
PLC00008387,Mobile,7.86,62
PLC00001610,Property,114.02,48
PLC00002286,Life,68.1,47
PLC00004661,Life,98.15,115
PLC00000428,Motor,78.97,78
PLC00008977,Mobile,11.04,108
PLC00004868,Mobile,8.74,68
PLC00000531,Travel,63.55,9
PLC00002920,Mobile,10.74,34
PLC00007196,Motor,124.76,106
PLC00006873,Property,138.99,37
PLC00004582,Motor,124.81,17
PLC00008168,Life,98.88,84
PLC00007950,Travel,51.82,21
PLC00003695,Mobile,9.8,76
PLC00008202,Property,85.49,69
PLC00001170,Travel,82.27,16
PLC00007752,Motor,103.97,20
PLC00000550,Mobile,6.59,117
PLC00008391,Motor,95.38,96
PLC00008867,Mobile,7.15,82
PLC00001787,Travel,65.23,91
PLC00001599,Life,51.0,115
PLC00001301,Mobile,6.82,23
PLC00008399,Property,85.48,62
PLC00000007,Mobile,8.88,36
PLC00003333,Life,75.59,104
PLC00000812,Property,104.2,94
PLC00007252,Motor,116.8,64
PLC00008361,Property,153.34,59
PLC00002753,Travel,82.04,11
PLC00006684,Health,121.54,49
PLC00007185,Mobile,7.71,118
PLC00004314,Mobile,6.91,20
PLC00002367,Property,126.67,65
PLC00002691,Mobile,8.95,94
PLC00006754,Travel,96.62,40
PLC00004826,Travel,56.59,7
PLC00002581,Health,107.03,73
PLC00008937,Motor,138.61,100
PLC00006886,Motor,82.14,118
PLC00005148,Motor,87.21,61
PLC00006519,Travel,78.53,41
PLC00003556,Mobile,11.88,86
PLC00005267,Health,177.98,9
PLC00008377,Life,65.69,83
PLC00007800,Travel,70.47,76
PLC00004009,Mobile,9.75,77
PLC00000073,Mobile,8.67,75
PLC00009081,Property,159.38,52
PLC00003452,Motor,123.79,107
PLC00006295,Property,136.82,38
PLC00007480,Health,145.78,93
PLC00006115,Life,62.82,104
PLC00004969,Health,199.39,101
PLC00007891,Property,90.54,33
PLC00001518,Property,153.72,41
PLC00005968,Motor,115.25,60
PLC00008940,Motor,91.27,68
PLC00001960,Property,117.83,45
PLC00009444,Life,88.21,20
PLC00006368,Property,145.11,28
PLC00007823,Travel,72.35,99
PLC00004196,Health,147.02,44
PLC00007792,Life,80.55,91
PLC00001949,Travel,79.58,39
PLC00001533,Travel,68.79,8
PLC00000738,Mobile,8.73,54
PLC00006229,Travel,91.78,49
PLC00003802,Health,142.58,19
PLC00004283,Life,88.45,12
PLC00007826,Property,141.3,115
PLC00003083,Motor,89.54,35
PLC00004422,Property,129.64,79
PLC00004409,Travel,79.58,38
PLC00004106,Health,187.91,68
PLC00005432,Mobile,7.18,106
PLC00006977,Mobile,6.75,31
PLC00003655,Motor,86.06,82
PLC00002621,Motor,118.21,9
PLC00003068,Health,101.77,78
PLC00002200,Property,146.73,46
PLC00004660,Travel,77.48,51
PLC00000952,Travel,51.64,106
PLC00009794,Health,169.34,70
PLC00008390,Motor,74.92,89
PLC00001469,Health,196.8,41
PLC00009232,Mobile,7.94,58
PLC00005029,Travel,58.62,56
PLC00002210,Property,132.18,61
PLC00003416,Motor,109.97,59
PLC00001927,Motor,86.02,77
PLC00001734,Property,153.67,114
PLC00002044,Travel,79.18,94
PLC00009858,Life,90.34,88
PLC00005962,Travel,81.62,39
PLC00001348,Property,85.75,54
PLC00008010,Travel,62.48,72
PLC00006681,Motor,95.9,26
PLC00007144,Travel,51.54,26
PLC00002559,Travel,80.56,30
PLC00006770,Motor,72.08,32
PLC00002417,Health,196.72,38
PLC00008787,Health,136.09,9
PLC00004774,Motor,80.2,38
PLC00003293,Property,114.08,89
PLC00004635,Motor,135.74,111
PLC00003716,Motor,105.57,8
PLC00004384,Health,183.66,62
PLC00007038,Travel,54.57,22
PLC00003623,Travel,58.86,27
PLC00004855,Health,121.44,108
PLC00005324,Travel,62.87,39
PLC00004839,Health,108.81,72
PLC00005430,Health,152.8,110
PLC00006747,Mobile,11.85,8
PLC00009640,Mobile,7.3,107
PLC00006621,Health,144.98,83
PLC00007026,Travel,78.39,35
PLC00006562,Motor,117.82,33
PLC00001092,Mobile,8.57,23
PLC00008748,Health,184.43,115
PLC00003092,Health,102.47,8
PLC00009307,Mobile,9.29,44
PLC00004154,Travel,90.85,112
PLC00008794,Life,55.5,54
PLC00009934,Property,156.88,32
PLC00005476,Health,121.67,100
PLC00000011,Life,91.94,86
PLC00002157,Mobile,11.76,42
PLC00008914,Property,136.16,93
PLC00003874,Motor,70.63,12
PLC00004208,Property,132.65,36
PLC00007168,Health,171.83,13
PLC00009608,Health,174.04,32
PLC00003149,Mobile,9.13,42
PLC00009409,Motor,100.18,70
PLC00002662,Health,127.58,69
PLC00001222,Health,169.01,25
PLC00003916,Travel,95.58,46
PLC00009394,Life,78.04,44
PLC00004044,Life,80.28,7
PLC00002523,Health,112.39,59
PLC00003364,Life,50.05,68
PLC00006825,Travel,96.61,15
PLC00006269,Property,128.01,45
PLC00009082,Motor,118.5,68
PLC00003554,Health,131.99,58
PLC00006490,Life,81.41,106
PLC00006549,Life,87.51,73
PLC00008555,Motor,121.28,76
PLC00000510,Motor,119.21,64
PLC00004463,Property,104.72,67
PLC00000721,Property,156.01,109
PLC00001315,Life,83.59,71
PLC00008692,Life,99.51,93
PLC00003421,Life,96.06,100
PLC00000169,Property,151.82,56
PLC00002769,Motor,82.72,90
PLC00003324,Motor,74.87,57
PLC00002684,Motor,90.53,91
PLC00007312,Motor,101.59,73
PLC00006999,Mobile,7.04,30
PLC00003835,Travel,87.59,27
PLC00002739,Property,101.77,113
PLC00000684,Mobile,11.14,40
PLC00000637,Property,151.64,72
PLC00000898,Motor,121.98,113
PLC00000232,Health,150.62,107
PLC00002093,Mobile,7.26,13
PLC00007561,Property,81.23,116
PLC00001179,Life,67.87,11
PLC00001303,Motor,129.1,81
PLC00008892,Motor,122.56,117
PLC00004470,Property,90.86,63
PLC00005643,Motor,95.8,29
PLC00002516,Mobile,7.76,33
PLC00003308,Travel,59.39,35
PLC00004675,Life,59.0,41
PLC00001629,Life,67.21,67
PLC00005095,Life,62.23,87
PLC00006572,Travel,84.17,16
PLC00004272,Travel,76.81,108
PLC00007298,Travel,57.36,82
PLC00003704,Life,55.56,76
PLC00004672,Life,69.13,38
PLC00007593,Health,144.01,60
PLC00000571,Property,150.53,25
PLC00004999,Motor,126.03,76
PLC00008569,Motor,100.27,48
PLC00004554,Life,59.92,85
PLC00009734,Health,122.79,34
PLC00002856,Motor,84.58,6
PLC00000707,Life,81.73,36
PLC00005429,Health,172.31,10
PLC00009123,Motor,97.32,8
PLC00008359,Travel,69.84,10
PLC00002242,Health,153.87,68
PLC00004895,Property,97.89,7
PLC00006210,Life,57.13,43
PLC00009209,Life,51.87,74
PLC00004871,Property,88.18,14
PLC00000766,Health,128.36,107
PLC00006341,Travel,68.81,65
PLC00009304,Travel,67.95,22
PLC00005774,Motor,94.44,70
PLC00009810,Motor,125.65,85
PLC00001195,Life,52.21,84
PLC00008035,Mobile,11.56,6
PLC00001837,Life,68.73,109
PLC00007085,Health,198.98,30
PLC00002490,Mobile,11.03,116
PLC00003179,Property,96.27,18
PLC00009768,Property,150.52,22
PLC00006798,Motor,134.44,18
PLC00003225,Mobile,8.42,32
PLC00007556,Property,122.03,95
PLC00009781,Life,86.24,97
PLC00007914,Travel,85.85,28
PLC00009667,Property,137.95,74
PLC00009540,Life,84.85,31
PLC00001996,Mobile,9.13,26
PLC00008682,Health,170.42,101
PLC00006355,Mobile,7.12,37
PLC00008772,Travel,73.96,62
PLC00008746,Health,166.91,51
PLC00003588,Motor,78.74,89
PLC00001757,Motor,124.72,16
PLC00009959,Life,87.68,84
PLC00001886,Health,107.58,71
PLC00000957,Travel,76.9,44
PLC00000793,Motor,137.26,60
PLC00000767,Mobile,7.81,7
PLC00005650,Travel,95.09,44
PLC00009174,Travel,91.55,62
PLC00006606,Motor,72.56,61
PLC00000457,Motor,103.62,26
PLC00004634,Health,151.19,29
PLC00005730,Mobile,10.47,57
PLC00004919,Mobile,9.07,13
PLC00008157,Travel,89.12,101
PLC00009610,Motor,106.69,32
PLC00001517,Health,177.41,18
PLC00007566,Life,81.93,105
PLC00005751,Motor,139.26,47
PLC00002361,Property,99.27,23
PLC00001054,Mobile,10.93,26
PLC00003597,Motor,95.63,72
PLC00003247,Travel,69.48,88
PLC00002732,Mobile,9.0,51
PLC00007161,Life,96.1,10
PLC00005096,Travel,79.49,88
PLC00008280,Property,158.65,20
PLC00001394,Health,152.26,111
PLC00006512,Health,191.03,42
PLC00001763,Mobile,7.82,114
PLC00004851,Life,65.96,53
PLC00007978,Property,125.03,38
PLC00006310,Travel,99.44,92
PLC00007598,Life,57.09,52
PLC00001189,Travel,95.86,42
PLC00002163,Property,110.32,23
PLC00007684,Property,139.92,46
PLC00001475,Property,117.7,115
PLC00000205,Property,155.64,116
PLC00004268,Motor,121.1,51
PLC00007648,Travel,96.84,86
PLC00005569,Motor,120.12,89
PLC00004673,Travel,63.08,24
PLC00001985,Property,155.43,64
PLC00001051,Life,58.29,62
PLC00002407,Health,108.67,21
PLC00001542,Life,81.54,79
PLC00004091,Mobile,6.72,74
PLC00006820,Property,108.58,20
PLC00009085,Life,67.59,115
PLC00001437,Property,90.26,86
PLC00009061,Property,133.21,99
PLC00002457,Mobile,10.87,72
PLC00004595,Life,83.37,34
PLC00005988,Property,130.02,119
PLC00005084,Mobile,9.18,51
PLC00008785,Life,86.12,79
PLC00006652,Travel,77.92,45
PLC00001334,Life,97.14,46
PLC00009895,Mobile,9.12,51
PLC00008810,Life,89.05,32
PLC00000403,Property,142.26,101
PLC00009563,Motor,92.06,8
PLC00002919,Travel,78.69,13
PLC00003286,Mobile,8.97,43
PLC00006289,Travel,88.29,111
PLC00005477,Property,109.94,109
PLC00002972,Mobile,7.85,40
PLC00000743,Property,142.75,37
PLC00007228,Property,142.67,111
PLC00005285,Travel,95.26,89
PLC00005238,Life,78.84,64
PLC00000577,Mobile,7.51,14
PLC00006171,Health,102.78,117
PLC00002773,Property,126.32,71
PLC00004872,Life,94.71,119
PLC00007567,Life,77.13,10
PLC00007297,Life,65.17,58
PLC00008134,Health,101.66,27
PLC00003860,Mobile,6.63,57
PLC00004290,Life,52.56,35
PLC00000367,Motor,130.31,58
PLC00006422,Property,117.35,100
PLC00009677,Health,119.34,52
PLC00004035,Travel,73.4,40
PLC00000344,Travel,98.15,23
PLC00005493,Mobile,9.64,117
PLC00001455,Mobile,10.37,94
PLC00009033,Life,89.99,84
PLC00003778,Health,155.47,90
PLC00008309,Health,108.46,60
PLC00008061,Mobile,11.48,80
PLC00008987,Property,99.11,51
PLC00004115,Life,67.96,20
PLC00001950,Property,140.68,88
PLC00003837,Mobile,8.7,80
PLC00006274,Property,112.48,26
PLC00008475,Property,83.6,21
PLC00008001,Property,82.13,12
PLC00006105,Property,158.21,54
PLC00007852,Mobile,10.87,85
PLC00003494,Life,84.44,86
PLC00003170,Health,113.74,82
PLC00005908,Life,91.7,49
PLC00000072,Motor,73.72,35
PLC00006388,Motor,104.66,61
PLC00009050,Life,77.86,20
PLC00002419,Life,75.73,106
PLC00000406,Mobile,7.68,83
PLC00006268,Travel,68.19,110
PLC00009849,Travel,64.57,64
PLC00009881,Property,150.67,89
PLC00005461,Travel,57.16,36
PLC00008182,Life,88.09,83
PLC00005855,Motor,103.73,26
PLC00005437,Life,71.0,9
PLC00000151,Life,86.23,97
PLC00006054,Motor,92.8,12
PLC00008601,Travel,91.29,53
PLC00009405,Motor,91.34,82
PLC00001761,Travel,59.33,103
PLC00001061,Motor,113.73,88
PLC00004590,Mobile,11.62,109
PLC00004251,Travel,67.97,47
PLC00009073,Life,82.5,115
PLC00007326,Health,199.18,69
PLC00007838,Life,61.75,119
PLC00009266,Travel,53.2,50
PLC00006764,Property,143.3,110
PLC00000051,Mobile,10.72,68
PLC00003004,Mobile,7.54,57
PLC00007573,Life,64.0,109
PLC00004891,Life,58.82,66
PLC00006428,Mobile,11.46,108
PLC00008067,Travel,54.83,13
PLC00005561,Travel,58.28,57
PLC00006618,Travel,60.04,13
PLC00002314,Travel,54.13,64
PLC00006271,Travel,78.46,62
PLC00001824,Mobile,10.1,26
PLC00005950,Health,121.84,77
PLC00008926,Motor,108.16,21
PLC00003524,Property,142.63,50
PLC00004853,Property,125.43,92
PLC00003765,Travel,89.06,42
PLC00001495,Life,91.76,60
PLC00002527,Motor,82.99,16
PLC00003468,Mobile,10.26,39
PLC00003079,Life,66.98,109
PLC00006285,Life,67.41,56
PLC00008163,Health,120.76,91
PLC00005752,Property,134.36,58
PLC00001193,Health,145.88,76
PLC00002070,Mobile,7.24,14
PLC00006257,Travel,69.2,53
PLC00000484,Life,55.61,80
PLC00005107,Motor,103.26,21
PLC00004689,Property,137.9,19
PLC00009458,Life,50.7,30
PLC00008130,Mobile,11.24,100
PLC00008635,Property,141.12,119
PLC00009272,Life,78.92,13
PLC00007174,Health,153.72,117
PLC00001294,Life,87.33,85
PLC00006350,Travel,62.18,116
PLC00002863,Property,88.54,17
PLC00003343,Property,125.15,42
PLC00006228,Travel,89.93,100
PLC00008304,Motor,79.48,73
PLC00004385,Travel,90.14,56
PLC00000601,Motor,127.41,92
PLC00009707,Health,176.15,76
PLC00003580,Property,154.23,59
PLC00000588,Motor,124.08,31
PLC00005750,Property,150.7,99
PLC00008326,Motor,95.75,92
PLC00000002,Health,168.97,28
PLC00003129,Travel,53.7,106
PLC00004908,Mobile,6.5,10
PLC00003185,Life,98.08,21
PLC00002105,Health,105.84,115
PLC00008011,Mobile,11.13,21
PLC00005205,Motor,83.49,78
PLC00006024,Mobile,9.27,93
PLC00006903,Travel,65.39,69
PLC00005482,Motor,72.96,108
PLC00003110,Mobile,8.51,97
PLC00009756,Mobile,9.1,47
PLC00003283,Travel,63.9,110
PLC00009973,Property,105.06,31
PLC00006337,Property,94.58,55
PLC00007584,Motor,72.03,114
PLC00001625,Travel,60.79,70
PLC00002232,Motor,86.62,48
PLC00007962,Motor,98.44,81
PLC00000817,Travel,62.7,27
PLC00000861,Health,185.66,56
PLC00002183,Life,61.89,67
PLC00004265,Property,98.24,58
PLC00009170,Mobile,11.49,48
PLC00003878,Property,141.25,56
PLC00001267,Mobile,10.48,112
PLC00004088,Life,61.42,9
PLC00004136,Mobile,6.88,67
PLC00003435,Mobile,8.18,116
PLC00000346,Health,147.95,14
PLC00000052,Health,194.29,38
PLC00005382,Motor,111.08,48
PLC00003014,Life,96.75,15
PLC00006535,Life,52.84,85
PLC00006233,Travel,56.95,84
PLC00008743,Property,134.19,113
PLC00003085,Mobile,8.52,39
PLC00004491,Travel,80.48,101
PLC00005971,Life,67.75,115
PLC00009766,Mobile,11.24,93
PLC00002343,Travel,54.87,80
PLC00006876,Travel,80.08,60
PLC00007782,Travel,76.19,92
PLC00008891,Property,100.6,64
PLC00004513,Life,76.24,49
PLC00005549,Health,173.94,117
PLC00009924,Travel,83.47,50
PLC00005124,Mobile,10.53,8
PLC00002143,Property,124.35,108
PLC00002119,Life,83.11,37
PLC00009036,Life,64.24,109
PLC00004636,Property,150.67,70
PLC00005332,Travel,87.2,81
PLC00007430,Motor,90.86,117
PLC00009863,Travel,59.37,27
PLC00008424,Mobile,11.14,51
PLC00006073,Health,191.71,112
PLC00002962,Travel,76.18,6
PLC00008800,Health,121.58,29
PLC00004776,Motor,73.48,89
PLC00007536,Motor,90.03,74
PLC00000688,Health,129.32,14
PLC00002410,Travel,93.69,82
PLC00000158,Travel,52.85,97
PLC00001456,Health,179.0,65
PLC00004844,Mobile,8.96,20
PLC00008814,Health,184.94,16
PLC00003532,Health,119.05,77
PLC00001459,Health,181.72,119
PLC00004066,Property,157.15,27
PLC00007418,Travel,65.72,10
PLC00008307,Health,171.43,87
PLC00006924,Travel,93.08,13
PLC00007104,Motor,70.64,17
PLC00005358,Mobile,10.27,24
PLC00007968,Mobile,8.76,95
PLC00001803,Travel,96.33,52
PLC00008291,Health,118.17,7
PLC00008584,Property,105.39,14
PLC00005396,Mobile,9.43,110
PLC00010000,Health,164.68,50
PLC00004527,Health,197.82,68
PLC00007767,Motor,85.33,94
PLC00000605,Travel,72.87,27
PLC00001639,Motor,110.0,23
PLC00006759,Life,59.46,97
PLC00004424,Health,162.04,44
PLC00006220,Property,125.21,30
PLC00002667,Life,78.33,25
PLC00001470,Motor,108.78,68
PLC00005289,Mobile,9.35,55
PLC00002317,Motor,113.03,97
PLC00004492,Life,69.81,92
PLC00007065,Travel,68.04,63
PLC00002589,Life,78.71,62
PLC00009675,Health,136.56,94
PLC00005758,Health,138.21,72
PLC00003164,Life,94.58,86
PLC00004632,Travel,82.53,46
PLC00005874,Mobile,6.86,59
PLC00001781,Motor,113.46,44
PLC00002555,Property,116.14,103
PLC00001953,Travel,94.6,31
PLC00005581,Travel,66.21,27
PLC00008991,Motor,136.73,42
PLC00001755,Motor,114.03,92
PLC00008858,Property,141.7,76
PLC00008143,Mobile,10.42,91
PLC00007013,Health,180.16,6
PLC00009450,Property,129.48,96
PLC00008546,Life,74.96,102
PLC00001112,Travel,85.53,26
PLC00001259,Travel,99.52,110
PLC00007132,Travel,98.84,111
PLC00008210,Motor,74.11,86
PLC00006636,Life,65.6,107
PLC00007529,Life,82.41,29
PLC00006334,Motor,98.72,68
PLC00006955,Life,60.7,115
PLC00002543,Mobile,9.19,54
PLC00004702,Property,109.63,39
PLC00008695,Travel,57.03,32
PLC00001574,Property,120.41,119
PLC00009418,Mobile,11.25,57
PLC00007147,Health,175.85,46
PLC00005156,Travel,99.43,33
PLC00001814,Health,109.24,44
PLC00001865,Travel,93.55,16
PLC00004701,Mobile,10.26,119
PLC00001312,Property,110.94,18
PLC00006016,Property,89.04,111
PLC00005654,Travel,61.62,115
PLC00007986,Travel,79.98,107
PLC00005209,Mobile,10.56,56
PLC00005526,Life,87.68,14
PLC00003229,Life,85.45,84
PLC00009370,Motor,82.1,72
PLC00006400,Life,54.84,119
PLC00003996,Mobile,6.45,108
PLC00000433,Motor,100.9,115
PLC00004499,Life,93.39,70
PLC00001087,Health,150.32,90
PLC00001739,Motor,96.91,112
PLC00000673,Travel,75.16,79
PLC00005684,Mobile,11.37,50
PLC00002270,Health,179.32,47
PLC00008344,Travel,60.52,49
PLC00007020,Travel,90.72,116
PLC00004640,Mobile,6.43,9
PLC00002936,Motor,93.42,109
PLC00005458,Health,161.74,94
PLC00000692,Health,139.33,46
PLC00000489,Travel,58.07,92
PLC00003834,Health,168.24,109
PLC00004624,Motor,118.55,59
PLC00009483,Health,187.72,85
PLC00009795,Motor,129.99,60
PLC00005620,Mobile,7.21,16
PLC00002228,Mobile,6.09,21
PLC00000946,Life,61.22,115
PLC00004413,Life,66.66,99
PLC00007116,Motor,128.58,73
PLC00006353,Health,128.7,69
PLC00006044,Life,87.77,101
PLC00002525,Health,136.04,111
PLC00005584,Motor,76.77,46
PLC00001177,Property,143.62,14
PLC00005720,Property,115.26,37
PLC00009339,Health,194.47,89
PLC00005833,Motor,106.07,17
PLC00003405,Mobile,8.3,33
PLC00008826,Health,180.34,86
PLC00006435,Health,115.94,8
PLC00004150,Property,142.44,104
PLC00000103,Life,58.29,63
PLC00008960,Mobile,8.38,35
PLC00001878,Mobile,10.36,86
PLC00009808,Travel,70.58,119
PLC00003442,Travel,91.0,65
PLC00002472,Mobile,8.65,108
PLC00004245,Property,91.52,76
PLC00001175,Motor,121.21,86
PLC00002819,Mobile,9.98,38
PLC00006605,Life,80.94,94
PLC00004025,Health,129.68,98
PLC00002377,Property,156.61,93
PLC00003975,Motor,121.21,71
PLC00008710,Life,74.17,32
PLC00005353,Mobile,6.75,51
PLC00007068,Mobile,9.86,101
PLC00000955,Health,169.87,29
PLC00005590,Life,66.23,86
PLC00006344,Life,61.48,118
PLC00007856,Mobile,11.85,46
PLC00001622,Property,133.58,23
PLC00009137,Mobile,10.28,82
PLC00006086,Motor,126.97,41
PLC00003893,Life,74.71,82
PLC00002329,Travel,91.62,77
PLC00008406,Life,71.37,16
PLC00006746,Travel,54.47,33
PLC00004225,Health,137.06,119
PLC00009585,Motor,123.3,31
PLC00002326,Health,107.76,91
PLC00002844,Life,83.2,54
PLC00009985,Health,153.28,84
PLC00003868,Life,65.64,100
PLC00000229,Life,67.47,31
PLC00004503,Life,79.34,119
PLC00007360,Property,145.07,89
PLC00005142,Health,196.11,78
PLC00001305,Property,146.8,25
PLC00007957,Health,117.41,30
PLC00004259,Life,75.14,86
PLC00008951,Travel,84.22,54
PLC00004404,Property,101.87,46
PLC00001876,Travel,80.22,25
PLC00005694,Motor,133.62,60
PLC00002851,Property,94.3,84
PLC00007886,Life,69.5,97
PLC00002325,Travel,54.55,74
PLC00009095,Motor,72.56,85
PLC00000057,Mobile,7.41,107
PLC00001507,Motor,110.87,43
PLC00004167,Health,190.78,48
PLC00004900,Mobile,9.46,64
PLC00009419,Travel,77.94,93
PLC00009957,Mobile,11.03,46
PLC00007945,Travel,88.11,30
PLC00000843,Mobile,6.26,48
PLC00007674,Mobile,7.55,17
PLC00009259,Health,139.81,102
PLC00006651,Travel,54.94,10
PLC00000438,Travel,55.79,86
PLC00007473,Mobile,6.36,97
PLC00007076,Motor,125.11,117
PLC00004740,Motor,77.5,61
PLC00005399,Motor,139.48,54
PLC00000737,Mobile,7.79,15
PLC00000181,Life,54.4,104
PLC00007384,Health,196.79,59
PLC00008970,Health,113.68,55
PLC00006060,Mobile,7.09,66
PLC00003956,Travel,66.0,73
PLC00007882,Travel,61.73,98
PLC00002955,Motor,117.9,91
PLC00002415,Health,179.15,42
PLC00000982,Travel,71.0,51
PLC00008545,Property,130.65,63
PLC00007231,Mobile,11.41,90
PLC00002450,Travel,55.77,97
PLC00003557,Travel,52.08,88
PLC00006315,Health,184.29,70
PLC00006318,Property,82.76,81
PLC00009230,Health,130.78,28
PLC00003833,Property,80.98,109
PLC00001855,Travel,75.38,9
PLC00007289,Mobile,6.05,93
PLC00007518,Health,188.36,102
PLC00002967,Life,85.25,62
PLC00000974,Property,128.82,95
PLC00000666,Health,125.77,107
PLC00003144,Life,54.46,110
PLC00006443,Motor,88.69,87
PLC00003485,Property,120.98,97
PLC00007090,Health,113.93,40
PLC00006882,Health,130.59,53
PLC00002436,Motor,96.36,15
PLC00005160,Travel,78.58,34
PLC00005686,Mobile,7.19,7
PLC00009484,Motor,129.98,21
PLC00008708,Life,58.26,60
PLC00008045,Motor,85.03,34
PLC00002895,Motor,131.82,16
PLC00007219,Property,95.68,93
PLC00001065,Life,55.97,34
PLC00003117,Travel,87.18,119
PLC00006663,Motor,134.88,6
PLC00008019,Property,140.85,52
PLC00007162,Health,140.37,87
PLC00009064,Property,85.41,52
PLC00007193,Mobile,10.98,80
PLC00007190,Property,118.71,23
PLC00008876,Life,69.83,116
PLC00006983,Motor,89.13,42
PLC00006291,Health,116.54,18
PLC00003762,Health,144.16,30
PLC00003615,Property,158.43,105
PLC00000875,Mobile,6.79,39
PLC00005021,Mobile,7.8,98
PLC00009408,Property,84.22,87
PLC00007204,Life,94.69,111
PLC00005661,Life,94.05,57
PLC00005032,Travel,51.52,60
PLC00007391,Property,87.09,95
PLC00009466,Life,78.34,55
PLC00005025,Health,168.21,53
PLC00008971,Property,95.6,15
PLC00003498,Health,169.13,109
PLC00009030,Motor,77.08,52
PLC00004627,Mobile,7.09,76
PLC00003455,Motor,124.35,19
PLC00007066,Travel,89.5,102
PLC00005920,Mobile,6.55,14
PLC00006927,Motor,110.19,25
PLC00005798,Mobile,11.66,104
PLC00004785,Mobile,9.55,80
PLC00001033,Motor,87.89,40
PLC00002975,Life,87.28,72
PLC00000672,Motor,126.03,64
PLC00008661,Life,97.52,52
PLC00007031,Life,99.67,19
PLC00004786,Mobile,10.2,115
PLC00005081,Life,58.0,108
PLC00009833,Motor,88.6,103
PLC00000383,Life,95.3,113
PLC00002065,Mobile,6.56,89
PLC00005504,Health,186.8,71
PLC00003420,Property,113.43,14
PLC00006565,Health,198.37,26
PLC00001866,Mobile,11.05,15
PLC00005594,Property,145.9,32
PLC00002176,Property,142.66,47
PLC00009485,Property,106.72,50
PLC00001709,Travel,61.3,36
PLC00002414,Property,98.85,18
PLC00004407,Property,114.14,56
PLC00008188,Life,90.63,68
PLC00003322,Mobile,11.96,110
PLC00005355,Health,193.41,75
PLC00005854,Travel,78.79,30
PLC00002003,Motor,139.68,116
PLC00006596,Health,154.17,75
PLC00007377,Health,102.25,96
PLC00005574,Property,127.94,79
PLC00004292,Mobile,10.47,39
PLC00005519,Health,106.51,13
PLC00002426,Mobile,11.74,89
PLC00005867,Travel,88.68,82
PLC00007537,Mobile,8.15,69
PLC00002193,Property,100.57,33
PLC00008579,Mobile,9.31,95
PLC00005176,Motor,73.78,67
PLC00005259,Mobile,10.0,54
PLC00002189,Life,99.28,44
PLC00005555,Health,195.69,52
PLC00002037,Property,131.54,24
PLC00009244,Travel,56.73,35
PLC00001346,Mobile,10.02,63
PLC00000069,Life,95.04,39
PLC00001327,Property,120.86,97
PLC00005772,Life,75.68,88
PLC00002602,Mobile,9.39,51
PLC00008414,Health,187.29,43
PLC00008101,Life,67.01,62
PLC00002752,Motor,110.79,70
PLC00009928,Health,172.53,81
PLC00005997,Motor,130.67,119
PLC00004156,Health,186.09,72
PLC00001431,Mobile,10.72,106
PLC00000994,Travel,52.42,76
PLC00006279,Life,86.08,50
PLC00003861,Mobile,8.72,44
PLC00000953,Motor,133.98,61
PLC00004084,Health,131.01,94
PLC00003114,Motor,80.87,24
PLC00000130,Motor,116.46,31
PLC00003096,Mobile,6.36,104
PLC00005233,Mobile,9.16,22
PLC00003167,Property,88.81,114
PLC00005291,Health,134.94,44
PLC00008443,Property,80.48,50
PLC00002713,Property,110.49,99
PLC00008773,Property,105.86,78
PLC00005112,Motor,139.49,93
PLC00005163,Health,194.57,8
PLC00002993,Property,84.48,20
PLC00006557,Property,111.16,105
PLC00009237,Property,114.8,103
PLC00009876,Motor,114.39,56
PLC00004374,Property,86.64,113
PLC00007356,Life,55.93,37
PLC00000318,Health,180.96,119
PLC00000852,Property,139.13,86
PLC00004567,Health,176.83,107
PLC00000405,Health,133.19,100
PLC00003836,Property,85.26,98
PLC00005563,Property,81.69,73
PLC00005128,Motor,72.31,38
PLC00001448,Mobile,9.88,12
PLC00002121,Motor,123.71,49
PLC00003634,Property,144.13,110
PLC00007948,Mobile,9.34,54
PLC00001797,Health,166.69,72
PLC00009779,Motor,126.54,76
PLC00005747,Property,158.08,50
PLC00000351,Health,130.49,49
PLC00000683,Life,62.22,89
PLC00004875,Health,190.68,103
PLC00009692,Property,128.76,17
PLC00008870,Property,149.05,40
PLC00004406,Mobile,11.99,37
PLC00000995,Travel,52.86,30
PLC00008840,Mobile,10.07,87
PLC00008007,Health,185.58,100
PLC00000160,Life,68.95,14
PLC00002347,Health,101.66,10
PLC00000408,Mobile,6.67,91
PLC00006996,Life,80.22,112
PLC00009828,Mobile,11.07,101
PLC00004053,Mobile,6.55,73
PLC00005002,Mobile,9.52,16
PLC00000631,Life,66.1,87
PLC00009868,Life,97.38,95
PLC00004189,Mobile,11.81,84
PLC00002931,Travel,99.64,89
PLC00007062,Property,123.51,7
PLC00004478,Motor,76.74,90
PLC00008704,Motor,125.14,36
PLC00008798,Health,117.1,99
PLC00009755,Motor,109.85,38
PLC00006104,Motor,116.63,28
PLC00009023,Mobile,6.61,64
PLC00005853,Life,60.66,94
PLC00008744,Motor,123.97,97
PLC00003991,Property,83.27,8
PLC00009704,Property,157.31,33
PLC00008539,Mobile,11.11,85
PLC00003864,Mobile,6.65,35
PLC00004221,Property,112.61,27
PLC00008348,Property,159.69,119
PLC00001939,Health,167.79,39
PLC00003166,Travel,61.15,92
PLC00001344,Property,104.73,104
PLC00005542,Life,70.99,112
PLC00004889,Life,89.66,27
PLC00002806,Health,117.73,67
PLC00004521,Life,75.1,67
PLC00002747,Health,156.45,44
PLC00007617,Mobile,11.9,99
PLC00003852,Health,149.74,115
PLC00005392,Motor,139.11,9
PLC00004270,Property,102.28,92
PLC00006740,Life,82.84,97
PLC00007138,Health,110.87,85
PLC00008024,Property,81.64,75
PLC00000706,Property,85.19,12
PLC00007163,Health,158.18,59
PLC00008219,Motor,111.74,85
PLC00000824,Life,56.2,98
PLC00009925,Health,185.05,114
PLC00006022,Motor,131.42,16
PLC00005074,Mobile,9.37,49
PLC00000618,Mobile,8.12,78
PLC00000075,Health,138.51,103
PLC00009334,Motor,114.12,35
PLC00005245,Life,93.78,29
PLC00002395,Property,137.87,73
PLC00006508,Travel,94.65,105
PLC00008501,Travel,58.9,11
PLC00008076,Life,94.93,60
PLC00002539,Motor,118.18,84
PLC00004541,Travel,52.52,7
PLC00009474,Health,125.68,38
PLC00005016,Travel,61.48,19
PLC00007355,Travel,70.24,54
PLC00004960,Life,59.94,36
PLC00007589,Health,141.3,64
PLC00007661,Mobile,10.23,106
PLC00006396,Mobile,7.96,15
PLC00006075,Property,116.47,80
PLC00003055,Property,135.73,57
PLC00005662,Property,90.0,15
PLC00002177,Life,66.99,73
PLC00009880,Travel,78.87,68
PLC00006664,Health,157.57,13
PLC00009712,Motor,105.73,117
PLC00003583,Life,60.53,70
PLC00002365,Travel,92.73,111
PLC00001380,Travel,50.16,80
PLC00005248,Mobile,8.25,76
PLC00005827,Life,69.01,60
PLC00006951,Life,76.3,89
PLC00005979,Life,79.53,25
PLC00003176,Motor,106.89,13
PLC00008373,Life,83.22,15
PLC00006480,Mobile,6.16,119
PLC00007358,Life,61.76,58
PLC00003940,Health,181.74,7
PLC00009398,Life,93.36,96
PLC00004023,Life,74.11,28
PLC00006198,Motor,127.66,80
PLC00005516,Health,174.7,73
PLC00004479,Mobile,10.04,96
PLC00002145,Life,54.86,53
PLC00003373,Mobile,7.84,79
PLC00000668,Motor,131.92,99
PLC00003249,Life,97.41,67
PLC00006525,Life,76.77,29
PLC00006906,Mobile,8.78,47
PLC00005327,Mobile,9.31,80
PLC00008920,Property,103.81,106
PLC00001805,Travel,89.77,67
PLC00006838,Mobile,9.0,81
PLC00002517,Mobile,7.49,102
PLC00007599,Motor,138.88,71
PLC00008449,Life,79.26,56
PLC00003734,Health,154.25,97
PLC00007229,Motor,131.59,76
PLC00002570,Motor,90.31,61
PLC00008763,Mobile,6.93,74
PLC00004808,Motor,122.97,30
PLC00002816,Travel,83.15,102
PLC00006010,Life,80.9,114
PLC00007307,Mobile,9.95,46
PLC00003686,Health,131.17,105
PLC00001108,Mobile,6.64,73
PLC00000645,Travel,71.22,38
PLC00006813,Motor,85.75,73
PLC00004843,Property,115.06,6
PLC00000701,Health,135.74,76
PLC00002295,Property,141.93,119
PLC00009439,Life,54.39,112
PLC00001528,Mobile,11.72,46
PLC00001710,Travel,62.65,58
PLC00003101,Motor,137.95,25
PLC00007159,Mobile,7.65,116
PLC00002277,Travel,72.02,43
PLC00003579,Health,142.68,51
PLC00001789,Health,198.47,23
PLC00008376,Mobile,8.52,25
PLC00005247,Travel,69.59,115
PLC00002582,Mobile,7.28,79
PLC00008910,Life,65.68,38
PLC00003707,Health,106.47,117
PLC00000910,Mobile,10.02,42
PLC00005187,Mobile,10.09,62
PLC00005706,Mobile,11.66,62
PLC00002269,Motor,76.5,56
PLC00005162,Travel,51.27,24
PLC00007009,Life,82.03,115
PLC00003128,Property,132.96,39
PLC00001881,Property,148.0,108
PLC00009432,Travel,55.78,104
PLC00006053,Property,86.07,56
PLC00007118,Motor,128.35,102
PLC00001155,Health,112.41,18
PLC00006722,Travel,71.2,24
PLC00001093,Health,169.97,78
PLC00003687,Mobile,8.97,80
PLC00006742,Travel,53.51,13
PLC00003131,Life,98.41,61
PLC00000121,Life,68.31,31
PLC00002312,Property,158.78,118
PLC00001990,Mobile,9.95,61
PLC00002190,Mobile,6.44,86
PLC00005377,Health,136.24,105
PLC00005640,Travel,55.08,88
PLC00001096,Mobile,7.25,31
PLC00001090,Travel,93.43,74
PLC00009582,Health,194.61,108
PLC00002825,Travel,88.35,21
PLC00005813,Travel,52.05,118
PLC00006244,Health,173.96,35
PLC00002424,Property,148.87,88
PLC00006985,Property,150.06,59
PLC00000981,Health,183.87,72
PLC00000480,Property,152.97,51
PLC00007846,Health,174.85,39
PLC00009941,Motor,86.96,63
PLC00005507,Health,185.55,25
PLC00002114,Mobile,10.88,66
PLC00000980,Motor,119.06,93
PLC00001171,Life,91.32,29
PLC00001554,Mobile,9.72,52
PLC00009249,Health,120.66,37
PLC00005904,Mobile,7.96,105
PLC00003326,Mobile,10.22,62
PLC00001172,Health,109.64,12
PLC00005614,Health,172.14,24
PLC00000657,Mobile,9.77,81
PLC00009022,Travel,57.05,70
PLC00007689,Mobile,10.31,97
PLC00008655,Life,75.79,118
PLC00001284,Travel,91.26,56
PLC00003981,Life,99.02,99
PLC00004963,Mobile,11.8,44
PLC00002558,Property,109.91,105
PLC00004349,Motor,120.74,84
PLC00006837,Life,52.46,43
PLC00006587,Motor,93.78,68
PLC00004398,Property,111.87,24
PLC00009914,Health,121.07,101
PLC00001212,Health,156.72,113
PLC00009805,Mobile,7.76,78
PLC00000613,Motor,111.27,68
PLC00007998,Life,89.94,96
PLC00004483,Mobile,6.93,49
PLC00005812,Motor,109.36,17
PLC00009407,Life,54.63,112
PLC00009856,Motor,82.89,107
PLC00007319,Health,189.74,116
PLC00000032,Mobile,10.74,6
PLC00009477,Health,171.93,36
PLC00008705,Motor,110.85,66
PLC00001352,Health,183.15,13
PLC00000572,Health,192.69,101
PLC00006981,Property,106.47,96
PLC00007845,Health,182.2,104
PLC00009797,Motor,73.52,68
PLC00006236,Health,189.86,92
PLC00007422,Mobile,8.01,48
PLC00000245,Mobile,11.74,45
PLC00003934,Property,103.25,112
PLC00002562,Travel,80.63,90
PLC00005764,Mobile,8.44,15
PLC00000784,Life,99.18,67
PLC00007733,Property,114.82,68
PLC00003950,Life,64.1,100
PLC00005159,Travel,57.13,104
PLC00008232,Mobile,6.91,95
PLC00006594,Travel,92.35,55
PLC00006248,Mobile,10.18,79
PLC00003356,Property,152.09,105
PLC00002868,Health,184.91,112
PLC00006961,Property,145.55,18
PLC00000415,Life,50.91,11
PLC00006544,Property,90.83,11
PLC00006455,Health,158.35,67
PLC00007249,Property,153.07,41
PLC00009627,Life,53.07,32
PLC00006034,Life,60.14,29
PLC00009353,Motor,79.2,112
PLC00007662,Health,194.17,81
PLC00004311,Life,91.82,47
PLC00009970,Health,156.45,9
PLC00001245,Mobile,11.43,9
PLC00002289,Health,195.61,53
PLC00009620,Travel,98.97,7
PLC00003108,Life,59.12,67
PLC00002464,Property,112.37,31
PLC00008946,Travel,65.91,23
PLC00007221,Life,53.7,63
PLC00006116,Travel,91.35,49
PLC00003677,Life,57.73,91
PLC00000379,Motor,93.55,101
PLC00004449,Motor,130.76,105
PLC00006997,Motor,118.55,91
PLC00005619,Mobile,8.87,95
PLC00004623,Health,100.43,20
PLC00001055,Motor,73.2,29
PLC00008186,Mobile,6.95,28
PLC00009240,Mobile,7.23,45
PLC00007097,Motor,90.75,104
PLC00006306,Travel,93.58,29
PLC00006258,Health,119.46,53
PLC00006591,Health,192.2,32
PLC00009976,Life,57.88,63
PLC00004543,Motor,119.12,119
PLC00007212,Property,151.39,77
PLC00004287,Property,98.72,109
PLC00003142,Motor,97.84,12
PLC00000449,Life,67.62,68
PLC00008453,Health,134.43,103
PLC00004305,Mobile,11.56,92
PLC00007269,Travel,53.56,89
PLC00003577,Life,77.66,66
PLC00003132,Health,118.17,82
PLC00000976,Motor,119.39,12
PLC00008683,Motor,79.74,28
PLC00004943,Mobile,7.43,51
PLC00005929,Life,68.05,70
PLC00006623,Life,77.66,38
PLC00006608,Travel,50.8,28
PLC00004312,Property,133.86,46
PLC00005777,Life,55.94,54
PLC00005999,Travel,56.37,63
PLC00005630,Health,132.45,38
PLC00000877,Mobile,10.89,82
PLC00000199,Travel,73.16,20
PLC00003571,Travel,63.98,35
PLC00005155,Health,174.26,47
PLC00006940,Health,148.67,7
PLC00006494,Property,140.69,25
PLC00001581,Motor,117.1,15
PLC00006550,Motor,104.62,86
PLC00007606,Health,198.48,93
PLC00000810,Travel,51.92,7
PLC00003587,Health,186.27,42
PLC00005444,Health,143.2,87
PLC00002866,Property,89.41,82
PLC00002803,Mobile,11.6,60
PLC00004559,Property,92.86,94
PLC00006801,Health,198.81,19
PLC00006658,Property,155.43,29
PLC00007679,Motor,119.88,108
PLC00002917,Travel,87.05,59
PLC00004037,Health,105.03,40
PLC00009769,Travel,77.28,97
PLC00001424,Health,161.55,71
PLC00007056,Life,71.09,50
PLC00003064,Mobile,7.65,66
PLC00002199,Property,88.48,50
PLC00003646,Property,101.72,75
PLC00003168,Mobile,9.83,107
PLC00008151,Property,106.67,33
PLC00004451,Health,176.23,15
PLC00000214,Travel,64.53,97
PLC00007859,Motor,124.95,57
PLC00007533,Mobile,7.94,79
PLC00008305,Travel,51.34,7
PLC00000133,Travel,56.03,33
PLC00001578,Health,159.0,28
PLC00008861,Property,150.58,90
PLC00009890,Life,55.08,81
PLC00000574,Property,152.79,105
PLC00000225,Health,109.27,107
PLC00002940,Life,78.2,16
PLC00007461,Travel,83.14,19
PLC00009047,Property,126.54,41
PLC00000997,Health,194.9,42
PLC00003832,Life,53.11,88
PLC00009312,Mobile,6.83,91
PLC00000610,Life,87.49,66
PLC00005225,Life,99.59,58
PLC00007153,Mobile,6.25,50
PLC00001799,Mobile,10.97,62
PLC00004857,Health,171.5,76
PLC00004129,Property,107.93,78
PLC00009649,Property,103.38,62
PLC00003668,Mobile,8.73,85
PLC00004480,Motor,122.38,51
PLC00001453,Life,80.35,86
PLC00004286,Travel,72.78,32
PLC00006821,Travel,77.53,80
PLC00003252,Life,62.29,95
PLC00002592,Travel,78.34,118
PLC00006207,Motor,111.97,48
PLC00006446,Mobile,9.22,86
PLC00007028,Motor,116.24,91
PLC00001183,Health,184.11,45
PLC00000646,Health,112.69,33
PLC00002965,Motor,130.59,58
PLC00003907,Property,112.45,31
PLC00000308,Mobile,6.74,106
PLC00002496,Life,70.76,46
PLC00007361,Life,85.13,52
PLC00007624,Life,56.06,53
PLC00005306,Mobile,6.22,90
PLC00001328,Health,186.87,39
PLC00007658,Property,98.9,50
PLC00008461,Property,106.21,23
PLC00006763,Motor,74.52,69
PLC00005213,Travel,59.08,116
PLC00001735,Health,180.55,84
PLC00006580,Mobile,10.75,55
PLC00007390,Mobile,6.39,36
PLC00003355,Life,78.39,92
PLC00002958,Property,106.09,58
PLC00003742,Life,94.26,97
PLC00004736,Life,98.03,61
PLC00000687,Travel,59.24,11
PLC00009340,Mobile,8.49,15
PLC00009966,Property,136.06,42
PLC00001332,Property,97.18,111
PLC00009077,Life,56.03,61
PLC00003383,Mobile,10.19,84
PLC00002387,Property,110.95,6
PLC00002356,Travel,61.03,46
PLC00003116,Motor,101.08,88
PLC00006834,Travel,66.23,29
PLC00005275,Motor,75.24,51
PLC00001861,Mobile,7.9,10
PLC00000238,Travel,73.47,42
PLC00001696,Life,76.72,107
PLC00007211,Motor,89.5,28
PLC00002251,Health,161.81,82
PLC00000136,Life,51.64,13
PLC00001867,Mobile,11.19,59
PLC00005797,Health,106.68,88
PLC00000652,Property,155.05,12
PLC00000413,Mobile,7.92,22
PLC00000665,Property,108.51,103
PLC00008088,Property,138.02,26
PLC00002041,Mobile,6.62,110
PLC00006294,Motor,107.65,73
PLC00001485,Property,105.06,104
PLC00007737,Property,105.93,107
PLC00000623,Life,91.67,118
PLC00005729,Travel,51.26,44
PLC00005796,Property,102.24,85
PLC00008756,Mobile,10.35,48
PLC00002787,Motor,80.22,19
PLC00002910,Travel,51.07,92
PLC00006932,Travel,72.52,115
PLC00005231,Life,75.52,10
PLC00000619,Motor,116.55,69
PLC00006817,Mobile,6.16,25
PLC00001703,Motor,75.43,37
PLC00001401,Motor,77.92,21
PLC00003056,Travel,90.41,34
PLC00005799,Property,159.01,36
PLC00007363,Property,106.22,17
PLC00005305,Mobile,6.95,103
PLC00009503,Property,159.92,93
PLC00005896,Travel,79.62,53
PLC00006178,Life,67.43,105
PLC00007267,Property,152.56,11
PLC00002134,Travel,94.65,109
PLC00002944,Mobile,6.34,50
PLC00005681,Motor,103.96,74
PLC00003386,Health,190.49,37
PLC00005635,Health,189.66,107
PLC00007842,Life,56.12,9
PLC00000648,Travel,71.89,84
PLC00009580,Life,88.16,43
PLC00001964,Health,195.71,39
PLC00008947,Property,90.62,38
PLC00009703,Property,98.83,10
PLC00009145,Travel,74.96,51
PLC00003980,Mobile,9.76,41
PLC00000774,Life,75.4,50
PLC00003368,Health,183.15,104
PLC00009219,Travel,66.44,51
PLC00005832,Health,178.11,33
PLC00000234,Motor,100.91,68
PLC00005672,Mobile,11.85,110
PLC00002639,Health,176.04,73
PLC00001393,Travel,63.27,40
PLC00000752,Travel,67.97,64
PLC00000493,Property,152.75,82
PLC00007985,Health,157.79,114
PLC00007365,Motor,133.82,105
PLC00005290,Travel,94.84,117
PLC00004907,Mobile,7.59,31
PLC00004532,Property,133.06,16
PLC00009918,Travel,62.99,32
PLC00005993,Property,109.07,40
PLC00004346,Mobile,7.18,30
PLC00009887,Mobile,11.54,71
PLC00009157,Travel,58.74,43
PLC00009847,Life,61.55,66
PLC00009011,Mobile,8.94,54
PLC00003513,Travel,55.79,18
PLC00005236,Life,85.53,25
PLC00007492,Mobile,7.31,22
PLC00005013,Travel,82.21,95
PLC00008531,Travel,56.27,78
PLC00005576,Life,77.53,47
PLC00004302,Motor,128.24,42
PLC00002721,Mobile,9.84,98
PLC00003568,Motor,127.06,37
PLC00001628,Health,111.42,33
PLC00005047,Life,56.26,22
PLC00004753,Life,67.6,11
PLC00002560,Health,111.1,105
PLC00004795,Motor,117.2,103
PLC00004318,Mobile,7.27,90
PLC00009658,Travel,89.04,31
PLC00008191,Motor,96.91,87
PLC00006835,Property,120.75,99
PLC00001652,Motor,129.27,32
PLC00003341,Motor,96.48,14
PLC00009680,Life,84.04,83
PLC00008146,Travel,78.36,24
PLC00004633,Travel,84.45,113
PLC00008732,Health,120.74,106
PLC00004993,Property,111.63,52
PLC00006571,Travel,57.47,117
PLC00003213,Travel,87.99,116
PLC00008670,Property,152.83,74
PLC00007639,Travel,71.63,37
PLC00000022,Motor,105.82,108
PLC00006805,Mobile,8.99,23
PLC00006134,Motor,75.11,89
PLC00004571,Motor,86.1,32
PLC00005091,Property,136.21,92
PLC00004565,Health,125.33,13
PLC00004117,Life,66.32,39
PLC00008797,Mobile,7.2,43
PLC00001493,Property,109.31,19
PLC00008646,Travel,92.59,95
PLC00006533,Motor,129.26,74
PLC00009032,Motor,70.93,39
PLC00008897,Motor,80.5,86
PLC00008574,Motor,84.79,94
PLC00006731,Life,86.78,76
PLC00009556,Travel,66.65,15
PLC00005733,Life,52.99,22
PLC00009037,Health,119.12,110
PLC00008242,Mobile,8.56,61
PLC00005293,Mobile,8.9,26
PLC00003923,Travel,62.83,7
PLC00007012,Property,155.02,82
PLC00002778,Travel,65.93,50
PLC00007776,Travel,98.23,18
PLC00002617,Property,128.12,79
PLC00006243,Health,150.21,17
PLC00001184,Travel,83.27,96
PLC00006266,Life,62.78,73
PLC00007244,Life,87.02,38
PLC00000020,Property,149.05,66
PLC00009606,Motor,75.09,38
PLC00003761,Motor,74.99,79
PLC00009758,Travel,86.35,9
PLC00006324,Life,52.32,71
PLC00002793,Health,134.85,24
PLC00007837,Property,108.0,64
PLC00000917,Life,61.5,114
PLC00001045,Health,183.36,119
PLC00005598,Health,159.21,33
PLC00002131,Motor,138.36,86
PLC00001901,Motor,113.54,8
PLC00007786,Mobile,6.38,55
PLC00009668,Health,112.91,49
PLC00000482,Mobile,9.32,48
PLC00004835,Life,57.69,100
PLC00005154,Motor,118.73,100
PLC00007173,Motor,81.77,37
PLC00008079,Property,146.99,45
PLC00009445,Life,71.65,42
PLC00009303,Life,82.7,119
PLC00007834,Health,107.93,36
PLC00002252,Travel,64.4,17
PLC00001277,Motor,93.67,71
PLC00003031,Motor,81.1,106
PLC00000407,Health,110.93,26
PLC00009999,Mobile,7.83,10
PLC00005486,Mobile,10.16,30
PLC00002711,Life,96.01,35
PLC00005394,Motor,111.94,19
PLC00008664,Property,108.66,88
PLC00005756,Property,139.75,114
PLC00009883,Travel,61.57,117
PLC00005524,Health,158.89,83
PLC00000553,Health,121.26,96
PLC00008411,Motor,118.17,28
PLC00001190,Health,173.46,32
PLC00000555,Health,114.23,19
PLC00002929,Life,78.83,23
PLC00008903,Mobile,7.57,42
PLC00004583,Travel,86.01,47
PLC00009869,Health,126.46,40
PLC00005001,Travel,81.33,81
PLC00006495,Life,93.98,105
PLC00009271,Travel,68.35,83
PLC00000267,Mobile,7.29,6
PLC00003401,Property,104.74,27
PLC00005985,Mobile,7.52,45
PLC00003476,Property,138.1,109
PLC00007687,Travel,97.88,53
PLC00000827,Travel,61.04,63
PLC00008560,Mobile,10.05,25
PLC00008633,Travel,50.63,25
PLC00001959,Motor,123.91,48
PLC00003329,Mobile,10.18,66
PLC00006542,Property,115.92,37
PLC00005578,Life,80.0,28
PLC00009476,Property,90.18,97
PLC00002453,Mobile,8.85,48
PLC00003121,Motor,116.06,116
PLC00004049,Health,185.57,15
PLC00009443,Travel,96.41,59
PLC00002969,Mobile,11.31,68
PLC00006537,Motor,70.94,95
PLC00002386,Health,149.03,111
PLC00007981,Life,64.16,93
PLC00005610,Life,60.68,104
PLC00003951,Property,130.93,59
PLC00006810,Travel,51.81,83
PLC00002498,Life,74.61,22
PLC00000803,Health,175.91,59
PLC00004347,Motor,120.59,66
PLC00001994,Property,84.41,46
PLC00004464,Travel,51.84,117
PLC00004029,Health,141.6,115
PLC00004257,Health,161.51,8
PLC00007446,Health,180.73,84
PLC00002421,Motor,124.2,90
PLC00008084,Motor,105.45,25
PLC00000589,Motor,82.37,13
PLC00002053,Property,86.19,90
PLC00004280,Mobile,6.67,12
PLC00006180,Health,172.41,106
PLC00009841,Travel,71.5,88
PLC00002308,Mobile,11.36,77
PLC00007080,Motor,134.6,23
PLC00001178,Travel,62.77,66
PLC00009583,Travel,61.14,63
PLC00003552,Property,110.04,34
PLC00008506,Life,84.46,10
PLC00009094,Property,127.14,43
PLC00002782,Health,130.31,99
PLC00001207,Travel,76.57,118
PLC00009879,Travel,58.01,90
PLC00009088,Health,184.89,54
PLC00008726,Life,88.99,10
PLC00009654,Motor,112.17,97
PLC00004074,Travel,84.02,46
PLC00003278,Motor,85.27,63
PLC00000633,Travel,62.0,18
PLC00003054,Motor,77.15,7
PLC00009159,Mobile,11.39,45
PLC00004387,Motor,117.67,64
PLC00003466,Life,51.23,26
PLC00009167,Property,95.52,114
PLC00008830,Travel,93.44,59
PLC00006449,Health,104.71,10
PLC00003694,Motor,139.12,44
PLC00008204,Life,63.2,99
PLC00002741,Travel,59.66,67
PLC00005303,Property,124.52,34
PLC00001496,Mobile,11.63,40
PLC00008595,Travel,82.42,17
PLC00000153,Health,108.73,14
PLC00009188,Mobile,10.36,57
PLC00001820,Mobile,10.37,67
PLC00009802,Property,99.22,52
PLC00003429,Motor,85.24,46
PLC00006707,Property,144.04,13
PLC00008623,Motor,72.87,50
PLC00001015,Life,95.69,105
PLC00009679,Motor,111.73,16
PLC00000958,Health,142.59,111
PLC00007832,Life,58.16,63
PLC00006393,Health,167.91,42
PLC00003000,Life,62.75,14
PLC00009759,Life,50.27,57
PLC00003315,Health,182.28,99
PLC00005719,Property,139.5,92
PLC00000236,Motor,96.97,10
PLC00003544,Mobile,9.75,46
PLC00008626,Property,154.48,9
PLC00000392,Health,198.89,66
PLC00002322,Travel,98.52,6
PLC00008389,Property,108.84,44
PLC00008701,Motor,125.79,109
PLC00004588,Mobile,9.27,78
PLC00002482,Travel,91.72,15
PLC00001973,Motor,87.02,13
PLC00008650,Property,132.52,10
PLC00004615,Travel,65.8,59
PLC00003789,Mobile,6.85,68
PLC00001423,Life,85.08,31
PLC00001388,Life,98.93,108
PLC00001300,Health,141.1,42
PLC00004935,Health,142.85,17
PLC00004425,Travel,77.37,55
PLC00008426,Property,157.33,54
PLC00008218,Health,195.68,33
PLC00001238,Motor,92.88,83
PLC00008487,Health,112.09,71
PLC00000728,Motor,80.4,94
PLC00003939,Mobile,7.15,92
PLC00006416,Travel,79.66,109
PLC00001366,Motor,100.74,115
PLC00001892,Mobile,9.28,72
PLC00003517,Health,107.02,119
PLC00001257,Health,144.76,17
PLC00009366,Life,72.03,75
PLC00000475,Property,110.99,29
PLC00002039,Property,142.83,49
PLC00007084,Health,132.78,104
PLC00004611,Health,136.18,114
PLC00003399,Travel,94.86,48
PLC00005242,Property,133.33,80
PLC00002718,Property,123.62,11
PLC00007018,Travel,53.52,57
PLC00008104,Travel,51.66,111
PLC00003397,Mobile,7.43,96
PLC00005935,Life,92.66,93
PLC00006314,Travel,95.04,81
PLC00001031,Motor,96.19,64
PLC00006404,Motor,109.13,33
PLC00004733,Travel,77.51,76
PLC00001039,Property,82.29,71
PLC00001827,Life,75.64,64
PLC00009300,Travel,93.65,80
PLC00002137,Mobile,8.0,67
PLC00001847,Property,143.73,63
PLC00003238,Life,99.92,37
PLC00002700,Travel,63.38,38
PLC00003977,Mobile,9.02,50
PLC00008949,Travel,90.68,85
PLC00004411,Health,188.81,68
PLC00000565,Mobile,6.45,12
PLC00000013,Property,149.0,47
PLC00005446,Life,81.77,43
PLC00001498,Mobile,9.93,118
PLC00000451,Health,152.27,7
PLC00005346,Health,101.12,68
PLC00003453,Property,87.34,90
PLC00004465,Property,120.24,91
PLC00000772,Mobile,10.54,37
PLC00005869,Property,136.16,9
PLC00006081,Life,59.63,104
PLC00006965,Travel,58.88,55
PLC00004433,Property,112.77,75
PLC00003889,Life,62.19,85
PLC00004721,Travel,99.74,100
PLC00003488,Life,68.04,111
PLC00005991,Mobile,8.23,78
PLC00000611,Life,57.1,33
PLC00000540,Travel,56.87,13
PLC00003017,Motor,137.13,59
PLC00008432,Mobile,6.86,82
PLC00008885,Mobile,10.94,78
PLC00006170,Property,159.58,34
PLC00009531,Health,118.89,93
PLC00004719,Travel,96.76,36
PLC00005770,Life,99.2,105
PLC00004333,Health,104.0,102
PLC00008767,Property,135.59,92
PLC00009536,Motor,73.92,104
PLC00004914,Property,109.96,91
PLC00003140,Travel,85.73,112
PLC00003242,Motor,97.27,32
PLC00001840,Life,62.81,39
PLC00009313,Travel,91.72,54
PLC00003708,Motor,79.61,77
PLC00001539,Mobile,11.13,63
PLC00002076,Mobile,9.51,35
PLC00009493,Mobile,7.68,45
PLC00009671,Mobile,10.01,37
PLC00009557,Mobile,8.51,12
PLC00009316,Health,182.71,79
PLC00004609,Property,102.55,64
PLC00002035,Travel,93.67,62
PLC00008248,Health,106.07,66
PLC00008778,Motor,118.68,9
PLC00002008,Life,72.95,9
PLC00008974,Mobile,7.48,113
PLC00007604,Property,113.35,111
PLC00003190,Life,81.79,35
PLC00009090,Motor,75.38,31
PLC00009042,Property,143.36,31
PLC00005820,Property,113.57,95
PLC00003058,Life,87.4,7
PLC00009751,Property,131.69,57
PLC00000285,Motor,106.82,14
PLC00009850,Life,85.54,56
PLC00003450,Property,141.17,10
PLC00005862,Health,179.0,81
PLC00003248,Motor,91.43,102
PLC00008520,Motor,71.15,52
PLC00004614,Property,86.59,21
PLC00001788,Health,152.11,17
PLC00009181,Travel,62.84,32
PLC00000024,Travel,67.97,23
PLC00006155,Travel,70.5,118
PLC00002363,Property,127.08,50
PLC00004921,Travel,84.35,71
PLC00007995,Health,100.73,118
PLC00005241,Life,74.55,40
PLC00002443,Health,102.91,63
PLC00000939,Life,69.49,102
PLC00009318,Mobile,9.28,115
PLC00006775,Health,134.91,83
PLC00009125,Health,149.55,46
PLC00001477,Health,170.45,68
PLC00009079,Mobile,6.87,48
PLC00004688,Travel,81.81,37
PLC00003507,Health,104.09,62
PLC00000048,Property,126.21,63
PLC00004179,Travel,70.49,27
PLC00003194,Motor,129.25,66
PLC00009546,Mobile,6.01,71
PLC00008702,Travel,94.77,8
PLC00002370,Travel,92.54,98
PLC00009862,Property,141.96,66
PLC00007938,Motor,133.2,44
PLC00000460,Property,106.57,90
PLC00005522,Motor,122.66,82
PLC00009358,Health,122.79,22
PLC00004637,Motor,120.53,101
PLC00001873,Property,105.28,89
PLC00008731,Life,50.79,46
PLC00003777,Life,96.46,72
PLC00004022,Mobile,8.3,36
PLC00000873,Travel,86.77,96
PLC00009258,Health,124.03,115
PLC00006800,Life,80.94,26
PLC00006660,Life,54.81,55
PLC00004918,Motor,129.0,88
PLC00004780,Life,98.94,63
PLC00007398,Property,125.48,31
PLC00001370,Travel,80.3,77
PLC00002184,Property,137.55,75
PLC00001643,Health,165.84,87
PLC00003089,Motor,95.37,18
PLC00002389,Health,178.86,23
PLC00004945,Property,128.94,63
PLC00005806,Life,96.35,91
PLC00009935,Health,166.72,13
PLC00004485,Property,157.94,119
PLC00005222,Motor,122.82,89
PLC00002924,Mobile,6.2,59
PLC00005721,Property,135.1,60
PLC00007308,Motor,116.09,18
PLC00009052,Property,126.98,86
PLC00003439,Motor,129.18,37
PLC00005061,Travel,96.64,56
PLC00000782,Health,126.65,57
PLC00003815,Motor,75.97,64
PLC00000969,Life,52.06,101
PLC00007382,Travel,78.66,78
PLC00008319,Life,69.48,117
PLC00003744,Health,163.03,18
PLC00002791,Life,53.3,37
PLC00003957,Travel,65.36,28
PLC00000537,Health,194.67,34
PLC00003295,Life,57.47,55
PLC00005370,Travel,81.75,78
PLC00007072,Mobile,8.45,72
PLC00003182,Motor,100.4,26
PLC00003689,Motor,134.84,87
PLC00000044,Travel,72.66,66
PLC00005723,Motor,126.42,46
PLC00009578,Motor,78.21,51
PLC00000192,Life,90.04,14
PLC00004197,Life,83.85,114
PLC00000838,Life,92.92,54
PLC00009500,Life,65.34,31
PLC00009261,Life,74.02,116
PLC00007797,Mobile,8.56,103
PLC00004198,Property,98.97,21
PLC00004924,Motor,76.94,74
PLC00005823,Property,84.14,32
PLC00006689,Motor,135.99,80
PLC00003169,Life,68.2,79
PLC00005384,Travel,75.93,18
PLC00000624,Property,140.33,101
PLC00001000,Property,135.76,39
PLC00002644,Life,89.67,12
PLC00009093,Mobile,6.24,70
PLC00009062,Mobile,10.64,22
PLC00007895,Travel,95.46,27
PLC00006454,Health,191.82,96
PLC00005328,Health,185.01,48
PLC00001340,Motor,86.23,89
PLC00000421,Motor,74.0,52
PLC00008224,Health,163.41,78
PLC00000551,Life,72.82,67
PLC00000468,Travel,98.66,119
PLC00000200,Mobile,10.96,89
PLC00004205,Property,156.25,30
PLC00001607,Motor,108.01,27
PLC00003736,Motor,104.07,54
PLC00009615,Motor,123.22,76
PLC00004691,Motor,70.23,45
PLC00004159,Property,102.13,96
PLC00004725,Motor,124.49,64
PLC00007574,Mobile,11.6,54
PLC00003607,Travel,97.53,33
PLC00009487,Mobile,6.08,84
PLC00008538,Mobile,7.92,107
PLC00004200,Travel,83.06,49
PLC00004365,Motor,139.0,98
PLC00002957,Health,130.48,56
PLC00007660,Motor,104.92,18
PLC00005737,Motor,91.88,48
PLC00004883,Motor,121.48,36
PLC00003865,Life,53.38,58
PLC00001150,Motor,135.58,42
PLC00003010,Motor,95.13,30
PLC00000845,Property,82.81,10
PLC00006118,Travel,80.74,66
PLC00008022,Mobile,7.3,17
PLC00006966,Travel,64.43,90
PLC00003550,Property,151.15,97
PLC00003422,Travel,67.93,20
PLC00003850,Mobile,9.45,116
PLC00009130,Life,74.94,78
PLC00003879,Life,99.18,81
PLC00002129,Health,166.27,35
PLC00006488,Health,120.34,90
PLC00001972,Property,133.48,112
PLC00003630,Life,58.92,42
PLC00007187,Health,140.97,101
PLC00002311,Property,119.18,35
PLC00001258,Property,122.96,29
PLC00006789,Mobile,6.75,13
PLC00002446,Property,131.73,87
PLC00006498,Mobile,9.79,93
PLC00000170,Health,188.82,43
PLC00004628,Health,126.03,69
PLC00007515,Motor,92.25,38
PLC00002283,Property,140.3,33
PLC00003633,Life,59.07,100
PLC00009602,Life,54.76,8
PLC00004645,Mobile,6.65,9
PLC00005978,Life,70.6,38
PLC00009256,Property,81.47,33
PLC00007670,Property,81.97,69
PLC00008993,Travel,75.84,53
PLC00006875,Property,93.31,83
PLC00004806,Motor,118.02,46
PLC00007682,Property,80.05,67
PLC00005547,Health,193.2,41
PLC00006521,Life,76.6,81
PLC00008976,Travel,85.86,69
PLC00003710,Motor,102.77,88
PLC00005304,Health,193.49,72
PLC00007799,Life,88.84,6
PLC00003060,Life,75.1,93
PLC00000849,Health,169.61,56
PLC00002697,Health,195.27,26
PLC00002627,Health,107.83,31
PLC00009593,Motor,115.12,24
PLC00000102,Motor,99.34,91
PLC00005892,Mobile,6.4,26
PLC00001579,Property,96.27,87
PLC00009981,Health,170.01,46
PLC00008549,Health,198.78,25
PLC00001515,Motor,107.08,91
PLC00000187,Property,83.9,107
PLC00003543,Health,194.93,59
PLC00006714,Health,129.77,37
PLC00003749,Health,104.18,49
PLC00000659,Travel,74.96,83
PLC00006348,Motor,132.14,20
PLC00002705,Life,57.18,45
PLC00005513,Mobile,9.57,14
PLC00007633,Travel,91.89,71
PLC00007143,Health,153.93,39
PLC00000857,Property,134.71,116
PLC00005587,Health,153.79,20
PLC00004568,Life,95.39,72
PLC00008077,Health,108.44,13
PLC00002094,Property,122.28,86
PLC00006471,Mobile,7.8,110
PLC00009730,Mobile,7.41,17
PLC00002822,Mobile,11.09,27
PLC00008954,Life,65.33,77
PLC00004621,Property,110.32,54
PLC00006321,Life,79.88,40
PLC00006474,Travel,66.65,112
PLC00008283,Motor,133.84,84
PLC00004187,Health,122.66,95
PLC00006093,Travel,75.86,71
PLC00003692,Travel,84.57,54
PLC00007663,Mobile,10.02,27
PLC00002444,Motor,72.03,7
PLC00004296,Travel,69.73,85
PLC00002755,Life,76.78,65
PLC00003822,Motor,131.03,18
PLC00000526,Life,90.84,25
PLC00007942,Health,170.54,75
PLC00005253,Health,130.09,6
PLC00009243,Health,106.59,108
PLC00002293,Health,122.16,26
PLC00002649,Mobile,8.23,22
PLC00007177,Property,107.05,49
PLC00009000,Travel,67.77,29
PLC00004058,Life,80.22,58
PLC00009283,Motor,118.98,12
PLC00006642,Health,192.56,109
PLC00004093,Mobile,8.08,41
PLC00001386,Mobile,9.85,8
PLC00006323,Life,54.61,58
PLC00008680,Travel,54.72,73
PLC00000448,Motor,128.33,47
PLC00007656,Travel,53.82,46
PLC00005582,Health,120.12,112
PLC00000243,Travel,57.07,89
PLC00003859,Travel,87.96,27
PLC00006433,Life,80.25,69
PLC00004128,Travel,96.88,81
PLC00003764,Health,106.59,97
PLC00002173,Health,122.56,31
PLC00006217,Property,113.57,110
PLC00003515,Travel,79.66,110
PLC00000549,Motor,114.72,15
PLC00003357,Motor,109.9,116
PLC00000207,Health,158.96,104
PLC00008688,Life,64.5,119
PLC00001768,Mobile,9.33,24
PLC00002204,Property,135.22,55
PLC00003896,Motor,131.56,48
PLC00005170,Life,57.87,74
PLC00007133,Health,165.43,59
PLC00002805,Motor,101.28,66
PLC00003909,Motor,132.05,88
PLC00001817,Health,177.97,119
PLC00000419,Mobile,6.69,92
PLC00005558,Life,88.61,80
PLC00007293,Health,176.81,74
PLC00008042,Property,121.51,37
PLC00007519,Motor,70.56,97
PLC00003662,Life,93.93,73
PLC00004913,Mobile,11.75,68
PLC00006975,Motor,124.2,38
PLC00002452,Mobile,7.47,9
PLC00002681,Travel,77.72,6
PLC00005134,Motor,91.73,75
PLC00009961,Property,93.46,45
PLC00003331,Property,129.68,100
PLC00001133,Property,102.64,32
PLC00001293,Motor,128.41,96
PLC00005967,Motor,88.81,41
PLC00009629,Life,91.53,41
PLC00003931,Travel,58.49,74
PLC00008404,Health,102.16,26
PLC00000883,Health,166.52,118
PLC00003891,Travel,64.81,10
PLC00004371,Life,64.53,9
PLC00006523,Motor,123.26,48
PLC00003586,Motor,117.46,31
PLC00006502,Property,127.45,74
PLC00005067,Health,128.2,31
PLC00001075,Travel,94.51,62
PLC00000275,Health,187.96,52
PLC00000880,Health,171.73,79
PLC00008884,Travel,61.87,18
PLC00009185,Mobile,9.08,80
PLC00001597,Property,155.6,54
PLC00006719,Life,68.72,85
PLC00001314,Travel,91.27,86
PLC00003257,Life,75.85,102
PLC00000881,Property,105.72,57
PLC00007279,Life,75.45,95
PLC00005498,Mobile,9.96,90
PLC00005748,Travel,85.65,89
PLC00003282,Mobile,11.99,31
PLC00003527,Travel,84.54,101
PLC00002973,Life,55.83,6
PLC00005671,Health,187.39,118
PLC00000319,Health,138.67,76
PLC00002104,Health,142.38,44
PLC00008442,Mobile,7.41,45
PLC00003411,Health,186.35,118
PLC00001006,Travel,89.45,108
PLC00002073,Health,151.57,106
PLC00002878,Mobile,11.53,50
PLC00003622,Life,84.99,14
PLC00006739,Motor,136.01,88
PLC00005682,Property,85.89,18
PLC00000042,Mobile,6.85,108
PLC00000076,Motor,131.11,47
PLC00000908,Travel,68.71,69
PLC00008433,Travel,64.6,44
PLC00001568,Life,90.69,111
PLC00002618,Travel,71.53,49
PLC00000841,Mobile,8.16,112
PLC00002513,Motor,87.5,43
PLC00002666,Property,142.17,93
PLC00000230,Property,115.22,60
PLC00009974,Mobile,9.14,99
PLC00004395,Property,85.38,45
PLC00007868,Motor,70.22,75
PLC00006224,Life,84.96,69
PLC00001956,Motor,99.44,48
PLC00001651,Life,88.37,10
PLC00007697,Mobile,11.37,34
PLC00005000,Health,118.4,92
PLC00008037,Health,124.23,73
PLC00008397,Motor,105.4,97
PLC00002702,Life,61.9,119
PLC00000465,Travel,58.51,20
PLC00006395,Life,58.61,6
PLC00004561,Mobile,8.24,52
PLC00002514,Health,164.22,73
PLC00006619,Life,52.11,112
PLC00000580,Health,129.39,80
PLC00001775,Mobile,7.5,114
PLC00002350,Property,123.88,30
PLC00008335,Life,71.32,108
PLC00000343,Travel,67.93,41
PLC00009737,Mobile,9.93,97
PLC00004951,Life,83.59,42
PLC00009389,Life,54.59,100
PLC00000222,Health,116.31,25
PLC00006874,Travel,74.34,100
PLC00000569,Motor,138.21,119
PLC00007994,Life,54.41,38
PLC00002646,Life,81.47,91
PLC00003814,Motor,128.91,94
PLC00005870,Mobile,6.22,23
PLC00001083,Motor,112.53,17
PLC00007253,Travel,99.05,85
PLC00003871,Property,83.3,83
PLC00003882,Property,134.68,17
PLC00002571,Motor,119.42,108
PLC00007939,Mobile,11.88,82
PLC00005264,Property,126.2,62
PLC00000356,Mobile,9.16,61
PLC00001810,Motor,135.89,24
PLC00008435,Mobile,6.75,89
PLC00006427,Life,88.63,55
PLC00008625,Life,95.17,20
PLC00000068,Property,130.11,20
PLC00006637,Life,68.89,42
PLC00003869,Motor,110.77,109
PLC00009621,Travel,59.92,32
PLC00000916,Life,52.43,93
PLC00008883,Health,144.16,20
PLC00002235,Motor,132.65,34
PLC00000062,Mobile,11.25,56
PLC00000523,Travel,96.79,30
PLC00000093,Life,71.49,47
PLC00009832,Mobile,9.14,44
PLC00004751,Motor,128.58,108
PLC00008065,Health,165.49,100
PLC00008365,Health,128.32,83
PLC00002194,Motor,114.85,49
PLC00005018,Property,112.9,102
PLC00003219,Motor,109.96,116
PLC00006809,Life,92.62,88
PLC00004059,Mobile,7.31,119
PLC00005683,Life,88.74,11
PLC00006261,Property,140.29,59
PLC00007532,Mobile,8.42,115
PLC00003389,Health,187.76,68
PLC00004915,Travel,50.11,101
PLC00006566,Property,123.55,81
PLC00006136,Mobile,10.13,38
PLC00003827,Health,169.11,65
PLC00002643,Life,79.46,13
PLC00005153,Health,175.23,24
PLC00006509,Life,83.19,68
PLC00005864,Travel,65.08,73
PLC00008058,Mobile,10.85,37
PLC00009735,Life,98.24,8
PLC00008160,Motor,133.22,54
PLC00002220,Mobile,8.78,9
PLC00004522,Motor,74.25,11
PLC00000933,Health,163.7,46
PLC00006515,Life,54.54,110
PLC00001505,Life,67.88,34
PLC00000246,Mobile,9.58,84
PLC00006196,Property,129.13,87
PLC00004825,Health,138.47,87
PLC00006597,Health,179.08,105
PLC00008738,Motor,119.98,74
PLC00001737,Property,85.97,40
PLC00008246,Motor,74.75,101
PLC00009455,Health,153.42,17
PLC00004653,Mobile,9.08,87
PLC00007608,Property,126.26,16
PLC00009662,Property,143.04,119
PLC00005901,Life,71.96,42
PLC00006290,Mobile,7.65,75
PLC00009044,Property,151.12,96
PLC00003041,Mobile,11.01,108
PLC00009641,Life,82.01,56
PLC00009388,Property,115.92,28
PLC00007673,Health,181.29,59
PLC00009971,Travel,99.39,19
PLC00004966,Property,82.25,70
PLC00005376,Mobile,8.38,112
PLC00003155,Property,113.68,112
PLC00009122,Motor,115.5,50
PLC00000593,Travel,55.3,47
PLC00008922,Health,133.88,99
PLC00001688,Health,128.42,116
PLC00000321,Health,122.83,94
PLC00005350,Mobile,8.97,33
PLC00000681,Mobile,11.71,38
PLC00007944,Travel,55.83,90
PLC00008264,Life,74.01,82
PLC00003125,Travel,89.36,29
PLC00008492,Life,74.48,16
PLC00008240,Mobile,9.24,107
PLC00003676,Motor,82.4,22
PLC00004239,Life,65.32,62
PLC00009872,Mobile,7.71,61
PLC00001649,Property,116.92,31
PLC00003143,Health,175.17,30
PLC00003027,Property,119.03,10
PLC00001593,Mobile,8.86,57
PLC00004303,Motor,119.35,104
PLC00009998,Motor,87.21,24
PLC00001545,Health,189.17,11
PLC00004097,Health,181.48,34
PLC00005842,Motor,104.1,101
PLC00000951,Mobile,11.19,90
PLC00009657,Property,122.48,118
PLC00003998,Travel,93.27,86
PLC00003986,Life,90.81,33
PLC00003816,Life,87.1,53
PLC00006147,Mobile,7.25,105
PLC00004041,Property,155.67,31
PLC00000800,Travel,63.85,27
PLC00009530,Property,93.5,36
PLC00000832,Property,135.93,6
PLC00004620,Motor,85.8,20
PLC00009270,Life,57.45,39
PLC00003520,Motor,82.94,69
PLC00003987,Mobile,11.57,107
PLC00003594,Property,135.07,108
PLC00007277,Mobile,6.88,38
PLC00007554,Motor,80.18,62
PLC00001447,Health,172.74,67
PLC00002488,Mobile,10.73,50
PLC00009346,Life,89.14,12
PLC00006424,Property,97.24,83
PLC00001632,Motor,138.04,49
PLC00001910,Property,109.07,42
PLC00008111,Travel,97.59,79
PLC00001992,Property,82.14,52
PLC00000277,Mobile,11.03,6
PLC00003804,Travel,56.79,32
PLC00004231,Mobile,8.64,99
PLC00006103,Mobile,7.0,83
PLC00006008,Health,186.52,70
PLC00006765,Life,68.83,31
PLC00002096,Life,86.8,59
PLC00000587,Property,94.03,102
PLC00009457,Property,85.13,56
PLC00001253,Property,137.09,46
PLC00001998,Property,150.77,112
PLC00009213,Travel,76.33,114
PLC00006499,Life,91.84,60
PLC00000906,Travel,62.68,105
PLC00007883,Travel,58.07,66
PLC00002375,Travel,81.07,70
PLC00009866,Property,115.25,62
PLC00002120,Motor,133.62,86
PLC00008663,Mobile,8.64,64
PLC00002275,Health,117.06,86
PLC00004493,Mobile,7.27,72
PLC00004254,Life,66.81,101
PLC00000177,Travel,76.19,10
PLC00004397,Travel,95.96,10
PLC00002330,Mobile,8.38,100
PLC00006683,Travel,62.02,85
PLC00006904,Life,98.28,108
PLC00004698,Motor,81.46,78
PLC00004390,Life,54.47,23
PLC00000313,Mobile,6.26,29
PLC00003500,Motor,127.92,26
PLC00004589,Motor,78.08,67
PLC00006439,Mobile,11.74,91
PLC00009952,Life,56.85,64
PLC00004738,Motor,107.99,37
PLC00001446,Travel,88.23,7
PLC00005401,Life,85.92,10
PLC00000733,Travel,84.31,89
PLC00009558,Travel,71.17,73
PLC00006786,Travel,64.87,58
PLC00009361,Mobile,6.62,77
PLC00002899,Travel,87.02,115
PLC00008848,Travel,72.35,55
PLC00009311,Motor,133.58,52
PLC00001286,Property,142.8,55
PLC00000128,Mobile,11.2,54
PLC00008357,Travel,98.45,81
PLC00004927,Mobile,9.27,8
PLC00001767,Travel,70.48,12
PLC00000716,Health,142.37,90
PLC00002078,Travel,53.33,94
PLC00003388,Health,147.2,17
PLC00008427,Life,63.05,35
PLC00004674,Travel,85.68,94
PLC00001668,Life,84.27,109
PLC00009262,Motor,125.96,33
PLC00003605,Health,154.66,60
PLC00006625,Life,53.86,50
PLC00000219,Property,120.41,40
PLC00002914,Motor,74.82,50
PLC00002843,Mobile,8.71,71
PLC00001200,Health,168.93,23
PLC00009126,Mobile,6.94,54
PLC00005069,Mobile,8.14,43
PLC00009526,Motor,113.54,93
PLC00007560,Health,189.17,83
PLC00002591,Travel,93.17,31
PLC00001582,Mobile,7.22,76
PLC00001567,Health,138.8,62
PLC00000697,Health,170.75,80
PLC00003197,Life,80.65,74
PLC00002961,Travel,77.57,113
PLC00006417,Life,82.24,70
PLC00003525,Health,101.26,65
PLC00002661,Life,93.06,31
PLC00002635,Life,76.98,93
PLC00006369,Life,69.17,15
PLC00007491,Health,150.51,107
PLC00006333,Motor,139.49,94
PLC00008036,Property,130.94,72
PLC00002974,Health,183.82,24
PLC00007668,Mobile,9.89,112
PLC00005310,Mobile,11.73,118
PLC00008353,Health,131.88,11
PLC00009553,Health,152.43,39
PLC00007976,Travel,70.78,92
PLC00001793,Health,161.67,54
PLC00005659,Travel,93.11,106
PLC00005876,Life,72.13,58
PLC00009019,Health,161.83,39
PLC00009567,Health,146.09,96
PLC00006186,Property,91.29,44
PLC00008369,Mobile,7.1,103
PLC00006713,Mobile,9.94,11
PLC00006604,Motor,99.07,23
PLC00005998,Travel,67.26,84
PLC00009018,Life,89.87,107
PLC00003537,Health,171.34,30
PLC00006822,Motor,135.01,25
PLC00001187,Life,93.69,36
PLC00000390,Health,163.4,29
PLC00006969,Life,62.08,55
PLC00007328,Travel,69.43,49
PLC00005891,Mobile,8.79,22
PLC00004712,Property,83.38,48
PLC00000661,Travel,56.81,17
PLC00005035,Mobile,11.81,100
PLC00008618,Property,150.42,106
PLC00001159,Motor,73.79,93
PLC00003944,Travel,72.38,59
PLC00006796,Travel,70.62,96
PLC00001776,Motor,94.68,26
PLC00002725,Motor,92.15,19
PLC00005183,Motor,124.76,84
PLC00007616,Life,70.25,45
PLC00007931,Health,191.73,14
PLC00003937,Motor,84.32,100
PLC00001069,Health,174.88,30
PLC00000495,Health,125.42,64
PLC00002774,Life,88.25,102
PLC00003602,Health,122.73,97
PLC00003741,Travel,71.2,37
PLC00002772,Motor,106.22,12
PLC00006007,Property,143.22,13
PLC00009761,Travel,71.29,115
PLC00004102,Health,198.73,108
PLC00006918,Motor,116.33,45
PLC00003413,Property,81.28,16
PLC00000930,Travel,64.26,90
PLC00009228,Health,111.31,105
PLC00002616,Life,52.86,111
PLC00002801,Mobile,7.65,100
PLC00007484,Travel,87.36,40
PLC00007454,Property,155.52,22
PLC00005865,Health,140.69,68
PLC00005600,Motor,124.55,62
PLC00008690,Mobile,9.31,68
PLC00007809,Health,107.68,84
PLC00000159,Life,85.47,84
PLC00003235,Mobile,9.31,114
PLC00000358,Mobile,6.44,105
PLC00005298,Property,113.46,14
PLC00007310,Health,161.24,12
PLC00004531,Travel,84.13,102
PLC00008120,Mobile,9.84,107
PLC00009789,Property,148.38,37
PLC00004294,Mobile,10.67,63
PLC00002933,Health,133.05,87
PLC00009820,Mobile,7.35,87
PLC00000164,Mobile,10.9,59
PLC00006514,Health,135.19,16
PLC00003613,Mobile,10.75,8
PLC00007508,Travel,99.56,31
PLC00005339,Mobile,11.43,54
PLC00000698,Travel,55.43,100
PLC00008057,Property,112.94,67
PLC00002852,Mobile,9.54,106
PLC00000474,Health,123.04,9
PLC00008648,Travel,64.14,24
PLC00006626,Health,111.21,61
PLC00007411,Property,151.9,107
PLC00004337,Life,89.84,118
PLC00000094,Health,122.84,12
PLC00004045,Motor,92.69,7
PLC00002722,Travel,90.27,8
PLC00007082,Property,95.75,82
PLC00002916,Travel,94.51,27
PLC00006768,Life,98.7,28
PLC00000434,Mobile,9.81,63
PLC00009953,Health,146.64,118
PLC00001971,Property,137.85,56
PLC00003174,Motor,108.22,101
PLC00001686,Motor,84.56,17
PLC00006866,Property,88.32,53
PLC00007547,Life,96.53,78
PLC00008460,Motor,136.61,25
PLC00003930,Motor,77.77,44
PLC00002964,Motor,99.55,96
PLC00004958,Mobile,8.57,73
PLC00009845,Property,99.56,107
PLC00007610,Motor,100.62,51
PLC00009956,Mobile,7.45,33
PLC00004050,Motor,81.46,72
PLC00002055,Property,81.97,43
PLC00004717,Health,124.49,48
PLC00000353,Health,109.43,46
PLC00005714,Motor,137.05,112
PLC00002992,Motor,92.95,112
PLC00005050,Life,63.21,35
PLC00000425,Health,172.79,47
PLC00001173,Life,65.4,57
PLC00007709,Mobile,7.79,114
PLC00000758,Life,69.16,102
PLC00005028,Property,145.51,85
PLC00004227,Mobile,6.45,118
PLC00004594,Life,75.75,97
PLC00008360,Life,55.67,84
PLC00007301,Travel,50.57,71
PLC00008041,Motor,84.16,72
PLC00001458,Property,132.49,72
PLC00009565,Life,66.66,81
PLC00007217,Mobile,7.9,31
PLC00006048,Health,141.56,108
PLC00009916,Motor,128.66,47
PLC00005485,Life,88.45,58
PLC00000632,Travel,54.27,50
PLC00002775,Life,78.66,55
PLC00009317,Life,65.42,75
PLC00007362,Property,81.78,94
PLC00008834,Travel,67.68,66
PLC00007638,Motor,110.22,100
PLC00000091,Life,90.04,26
PLC00008012,Mobile,6.67,76
PLC00001716,Property,129.6,45
PLC00003150,Life,83.23,50
PLC00008228,Property,117.92,33
PLC00003115,Travel,93.13,79
PLC00003591,Life,51.84,87
PLC00003701,Travel,58.9,90
PLC00002708,Life,67.58,25
PLC00007850,Property,151.14,54
PLC00009119,Property,125.26,53
PLC00002391,Life,53.68,81
PLC00007226,Travel,95.3,112
PLC00001287,Property,122.6,77
PLC00005926,Property,148.71,75
PLC00003016,Travel,76.34,83
PLC00005501,Motor,83.03,24
PLC00007108,Mobile,7.32,101
PLC00006489,Health,167.65,118
PLC00005133,Life,76.83,60
PLC00009748,Mobile,10.89,88
PLC00001974,Health,182.03,10
PLC00001644,Property,151.1,12
PLC00008916,Travel,77.49,38
PLC00003209,Mobile,7.19,104
PLC00000984,Mobile,6.31,34
PLC00001476,Travel,87.65,107
PLC00005732,Motor,74.98,58
PLC00009289,Travel,86.06,57
PLC00000747,Motor,77.68,30
PLC00000671,Property,105.37,43
PLC00008959,Life,88.09,46
PLC00002160,Life,61.37,88
PLC00005211,Mobile,10.09,89
PLC00001324,Motor,96.03,101
PLC00005056,Life,75.78,119
PLC00006087,Life,87.57,75
PLC00002734,Travel,65.62,12
PLC00000030,Health,181.28,84
PLC00000726,Life,92.1,8
PLC00004953,Health,154.47,52
PLC00007702,Life,86.23,60
PLC00007055,Travel,75.99,111
PLC00009381,Health,148.8,57
PLC00006622,Health,105.56,118
PLC00004692,Health,161.9,64
PLC00004370,Mobile,9.55,43
PLC00001591,Mobile,6.16,62
PLC00001317,Travel,97.88,21
PLC00001938,Life,60.31,91
PLC00009180,Travel,81.84,34
PLC00004432,Motor,123.93,55
PLC00000796,Property,133.74,52
PLC00000554,Health,121.86,17
PLC00008530,Motor,97.83,62
PLC00004549,Mobile,7.73,109
PLC00000735,Life,96.55,94
PLC00003990,Mobile,6.68,35
PLC00005502,Health,135.37,50
PLC00007424,Health,155.17,20
PLC00008276,Life,90.49,17
PLC00001966,Life,90.43,85
PLC00007322,Travel,52.04,113
PLC00001310,Travel,51.15,104
PLC00003201,Life,83.52,74
PLC00001638,Travel,84.8,23
PLC00003678,Life,66.92,44
PLC00001234,Motor,78.11,30
PLC00006193,Mobile,8.65,57
PLC00003053,Motor,76.54,13
PLC00000029,Life,62.97,90
PLC00007813,Motor,113.07,117
PLC00002017,Property,122.26,53
PLC00000382,Motor,101.1,19
PLC00007442,Health,105.82,59
PLC00007435,Travel,67.65,113
PLC00006128,Mobile,8.17,52
PLC00009604,Travel,85.99,46
PLC00003221,Life,85.49,34
PLC00001854,Property,89.5,95
PLC00007531,Travel,56.94,111
PLC00001130,Travel,84.0,37
PLC00006069,Property,108.91,36
PLC00007801,Mobile,11.36,111
PLC00007324,Health,106.88,15
PLC00000897,Health,162.74,92
PLC00009473,Property,119.52,113
PLC00003366,Property,90.14,105
PLC00001169,Mobile,9.39,29
PLC00001853,Health,124.87,42
PLC00003354,Mobile,6.03,16
PLC00006032,Motor,136.94,80
PLC00005404,Health,147.89,82
PLC00002717,Life,61.43,42
PLC00008105,Health,139.17,104
PLC00005656,Motor,70.43,60
PLC00009200,Motor,130.82,104
PLC00000787,Travel,73.12,16
PLC00005717,Property,108.28,33
PLC00000903,Health,125.14,53
PLC00004861,Property,116.66,12
PLC00001503,Mobile,11.02,20
PLC00001003,Property,100.52,58
PLC00002657,Property,119.92,111
PLC00002918,Property,88.11,35
PLC00009091,Health,165.05,50
PLC00002459,Motor,109.95,65
PLC00007083,Motor,135.18,79
PLC00006631,Health,132.28,105
PLC00003382,Health,132.0,107
PLC00002428,Mobile,8.11,13
PLC00008874,Life,88.35,12
PLC00006607,Motor,70.2,113
PLC00003245,Life,83.56,86
PLC00005197,Mobile,8.22,106
PLC00007509,Motor,103.75,91
PLC00005783,Motor,101.26,25
PLC00004629,Life,87.33,80
PLC00008486,Health,137.93,86
PLC00000400,Motor,102.22,86
PLC00004854,Travel,87.68,17
PLC00006776,Health,131.44,108
PLC00005674,Mobile,10.3,91
PLC00004438,Motor,123.8,63
PLC00000546,Motor,71.16,25
PLC00000729,Travel,59.34,114
PLC00005551,Travel,79.62,42
PLC00002647,Life,64.61,46
PLC00006068,Travel,87.51,90
PLC00008179,Life,64.19,118
PLC00007596,Property,146.8,48
PLC00007318,Travel,72.74,57
PLC00002416,Travel,83.94,72
PLC00002403,Property,118.49,90
PLC00005138,Travel,93.41,9
PLC00000139,Property,154.74,86
PLC00004232,Health,130.53,97
PLC00004368,Travel,83.44,99
PLC00001984,Property,93.37,34
PLC00006692,Life,77.99,71
PLC00007052,Property,143.09,99
PLC00009811,Health,168.42,91
PLC00006150,Life,84.74,84
PLC00007397,Property,118.83,54
PLC00002476,Property,93.29,104
PLC00005369,Motor,86.59,8
PLC00007063,Travel,86.88,69
PLC00001349,Health,179.59,72
PLC00008033,Motor,100.37,23
PLC00002625,Health,141.03,51
PLC00000096,Health,195.56,37
PLC00003492,Life,96.39,55
PLC00006701,Property,84.15,90
PLC00008792,Motor,129.48,24
PLC00001356,Property,126.6,81
PLC00002670,Health,137.22,15
PLC00008988,Mobile,9.22,111
PLC00006366,Property,90.31,6
PLC00001898,Mobile,8.74,37
PLC00006175,Life,87.73,15
PLC00006092,Travel,76.61,74
PLC00004536,Property,118.3,103
PLC00006743,Mobile,6.82,65
PLC00004784,Travel,77.5,93
PLC00001903,Life,68.12,83
PLC00009355,Property,97.75,43
PLC00006612,Life,96.45,85
PLC00002738,Health,151.21,21
PLC00008285,Property,116.56,88
PLC00009057,Life,70.07,115
PLC00005434,Life,71.76,40
PLC00006238,Travel,82.19,8
PLC00009523,Mobile,10.08,118
PLC00000066,Travel,67.82,63
PLC00000336,Motor,102.73,38
PLC00008295,Health,144.61,56
PLC00005608,Mobile,11.36,78
PLC00005184,Life,93.79,17
PLC00002505,Motor,93.16,32
PLC00001721,Health,136.8,79
PLC00005562,Health,152.44,99
PLC00001744,Health,156.16,67
PLC00004916,Health,173.96,45
PLC00008052,Property,94.96,39
PLC00008060,Motor,72.95,80
PLC00009103,Mobile,10.53,73
PLC00001098,Health,136.05,98
PLC00006942,Travel,61.86,103
PLC00004682,Mobile,6.47,67
PLC00003154,Mobile,10.15,78
PLC00008293,Motor,117.06,27
PLC00007814,Property,85.28,63
PLC00006760,Travel,66.63,118
PLC00005767,Motor,87.9,75
PLC00009160,Travel,68.15,60
PLC00002108,Health,182.34,64
PLC00002935,Motor,128.24,61
PLC00001698,Motor,94.34,76
PLC00006673,Property,104.28,102
PLC00003946,Mobile,11.81,10
PLC00008544,Property,84.76,94
PLC00008608,Property,135.75,16
PLC00005204,Life,90.66,20
PLC00009745,Health,176.47,91
PLC00006425,Motor,111.15,33
PLC00009771,Property,124.2,100
PLC00007441,Travel,58.08,71
PLC00007580,Health,176.47,44
PLC00007900,Motor,105.91,32
PLC00009547,Mobile,6.82,24
PLC00003316,Motor,91.42,85
PLC00007429,Motor,72.87,119
PLC00001736,Travel,63.49,21
PLC00004757,Motor,114.22,48
PLC00006107,Property,90.06,23
PLC00005768,Life,61.45,44
PLC00005955,Travel,58.48,80
PLC00007033,Travel,61.99,19
PLC00008540,Property,82.52,111
PLC00009101,Travel,57.95,15
PLC00007272,Motor,136.01,12
PLC00001540,Health,195.07,10
PLC00002126,Health,134.29,24
PLC00000316,Travel,88.54,75
PLC00003390,Life,78.38,119
PLC00000775,Health,125.66,114
PLC00003459,Health,152.97,77
PLC00006774,Life,57.48,49
PLC00008200,Life,52.08,113
PLC00002839,Motor,113.18,51
PLC00008199,Health,125.14,8
PLC00009383,Life,96.22,14
PLC00004801,Health,125.03,106
PLC00007754,Health,195.65,83
PLC00006878,Travel,60.44,98
PLC00004415,Property,123.74,103
PLC00003512,Motor,114.97,31
PLC00004815,Travel,85.93,63
PLC00004942,Mobile,7.52,91
PLC00008252,Life,92.7,27
PLC00002884,Property,133.5,39
PLC00001925,Motor,76.35,52
PLC00007021,Property,91.93,117
PLC00007747,Mobile,9.3,39
PLC00007179,Property,118.88,54
PLC00004250,Health,164.65,106
PLC00005254,Travel,51.47,113
PLC00001430,Health,119.77,103
PLC00007784,Life,65.73,113
PLC00002524,Property,137.53,72
PLC00001592,Motor,97.24,106
PLC00008833,Life,83.3,7
PLC00005624,Life,67.8,102
PLC00005939,Life,65.26,84
PLC00000552,Health,146.14,79
PLC00003424,Life,56.26,20
PLC00006970,Motor,116.57,93
PLC00006911,Motor,78.84,87
PLC00002808,Property,85.14,12
PLC00009831,Health,113.35,64
PLC00008180,Life,64.85,91
PLC00007472,Life,50.88,31
PLC00002869,Property,142.15,17
PLC00009598,Motor,108.89,39
PLC00008279,Mobile,9.03,101
PLC00007564,Life,57.49,10
PLC00008624,Motor,85.13,48
PLC00007296,Life,86.02,97
PLC00006987,Life,55.22,112
PLC00000769,Property,140.57,60
PLC00005638,Motor,125.85,49
PLC00001975,Motor,135.82,49
PLC00001811,Health,168.59,62
PLC00007127,Motor,87.48,82
PLC00001269,Property,135.21,116
PLC00007049,Travel,64.19,26
PLC00009864,Life,77.63,20
