CUSTOMER_ID,CUSTOMER_NAME,AGE,MARITAL_STATUS,EMPLOYMENT_STATUS,NO_OF_FAMILY_MEMBERS,SOCIAL_CLASS,CUSTOMER_EDUCATION_LEVEL,HOUSE_TYPE,CITY,STATE
A00005229,William Sena,45,Y,Y,5,LI,NA,Rent,Panama City,FL
A00000322,Eileen Stephenson,37,Y,Y,7,LI,High School,Own,Cambridge,MA
A00004672,Rebecca Lance,36,N,Y,7,HI,College,Own,Mammoth Lakes,CA
A00005417,Warren Harrison,46,Y,Y,2,HI,High School,Own,Wakefield,MA
A00002244,Margaret Willier,51,N,Y,4,MI,Bachelor,Rent,Arvada,CO
A00002052,David Riddle,28,Y,Y,3,MI,Masters,Own,Washington,DC
A00005951,Jonathan Kaufman,59,Y,Y,7,MI,Bachelor,Own,Everett,MA
A00005023,Garland Macdougall,30,Y,Y,6,MI,Masters,Own,Glendale,AZ
A00001834,Steven Woods,50,Y,Y,3,MI,High School,Rent,San Jose,CA
A00007227,Lauren Perine,63,N,Y,7,MI,College,Rent,Oklahoma City,OK
A00004749,Odell Hall,33,N,Y,5,HI,Masters,Rent,Lynn,MA
A00006869,Barbara Givens,54,N,Y,6,MI,Bachelor,Rent,Nashville,TN
A00009993,Marvin Wilcox,36,Y,Y,5,MI,PhD,Own,Arvada,CO
A00002088,Ofelia Wright,51,Y,Y,7,MI,High School,Mortgage,Fayetteville,AR
A00005274,Marge Kelly,36,Y,Y,3,HI,Bachelor,Rent,Panama City Beach,FL
A00003189,Barbara Arwood,38,Y,Y,4,HI,Masters,Rent,Savannah,GA
A00004399,Miriam Flynn,48,Y,Y,5,HI,College,Mortgage,Bethel,VT
A00001527,Danielle Saeteun,42,Y,Y,2,HI,Bachelor,Own,Nashville,TN
A00009071,Randy Jones,64,N,Y,6,LI,Bachelor,Own,Hayward,CA
A00001354,Natalie Sims,33,Y,Y,4,HI,Bachelor,Rent,Mammoth Lakes,CA
A00004269,Kristin Womack,33,Y,Y,3,MI,MD,Mortgage,Nashville,TN
A00004344,Tony Merhar,64,Y,Y,3,MI,Bachelor,Own,Berkeley,CA
A00009591,Benjamin Essex,62,N,Y,5,HI,High School,Rent,Oakhurst,CA
A00003689,Timothy Shippy,64,Y,Y,5,MI,MD,Own,Washington,DC
A00003637,David Stubblefield,59,N,Y,2,LI,High School,Own,Goodlettsville,TN
A00006073,Chris Williams,56,Y,Y,6,HI,High School,Mortgage,Carson,CA
A00005085,Valerie Mcdaniel,52,Y,Y,6,HI,High School,Mortgage,Newark,CA
A00002366,Elisabeth Fernandez,50,Y,Y,6,MI,Bachelor,Own,Montgomery,AL
A00002059,Vonda Carlson,38,Y,Y,5,HI,High School,Rent,Nashville,TN
A00000011,Kerry Johnson,57,Y,Y,6,HI,MD,Own,Fayetteville,AR
A00002818,Timothy Williamson,39,N,N,7,HI,High School,Own,Nashville,TN
A00005321,Arlene Ortega,60,Y,Y,3,MI,Bachelor,Rent,Alameda,CA
A00002778,Dante Wesley,37,N,Y,4,LI,Bachelor,Rent,Montgomery,AL
A00003629,Raymond Shellenberger,28,Y,Y,4,HI,MD,Mortgage,Redlands,CA
A00001811,Stephen Ferrell,31,N,Y,4,MI,NA,Mortgage,Midwest City,OK
A00002926,Timothy Bullock,49,N,Y,4,MI,High School,Rent,Arvada,CO
A00007043,Hilton Henderson,56,Y,N,4,MI,Bachelor,Own,Glendale,AZ
A00001272,John Gonzales,58,Y,Y,3,MI,High School,Own,Highgate,VT
A00005273,Louis Scheer,64,Y,Y,5,MI,High School,Rent,Nashville,TN
A00007130,Sherry Schaller,30,Y,Y,6,HI,High School,Mortgage,Bethany,OK
A00006204,Heide Page,54,Y,Y,2,MI,Bachelor,Rent,Wolcott,VT
A00007518,Florence Tidmore,42,Y,Y,5,LI,Bachelor,Rent,Arvada,CO
A00003786,Mike Jernigan,57,N,N,6,MI,Bachelor,Rent,Panama City,FL
A00003447,Mary Cecilio,54,Y,Y,4,LI,Bachelor,Rent,Burke,VT
A00001363,Cathy Velez,40,N,Y,5,HI,High School,Mortgage,Glendale,AZ
A00008295,Christopher Vollmer,46,Y,Y,2,MI,High School,Own,Louisville,KY
A00001361,Wanda Chappell,46,Y,Y,4,MI,Bachelor,Mortgage,Quincy,MA
A00008290,Kay Schaefer,45,Y,Y,4,LI,Bachelor,Own,Oakhurst,CA
A00006722,Gary Queen,59,Y,Y,3,MI,Bachelor,Rent,Anchorage,AK
A00000250,James Coleman,39,N,Y,3,MI,High School,Mortgage,Washington,DC
A00007214,Ruth Alford,56,Y,Y,3,LI,College,Own,New Bedford,MA
A00009528,Nancy Cloyd,32,N,Y,7,LI,High School,Rent,Annapolis,MD
A00005411,Jody Haywood,44,Y,Y,4,MI,High School,Rent,Panama City,FL
A00001968,Eloise Thompson,64,N,Y,5,MI,PhD,Rent,Woodland,CA
A00000613,Richard Cobb,63,Y,Y,4,LI,NA,Rent,Charlotte,VT
A00007319,Barbara Williams,52,Y,Y,4,LI,NA,Rent,Louisville,KY
A00008425,Ernesto Vaughn,28,N,Y,3,MI,Bachelor,Mortgage,Nashville,TN
A00007532,Craig Watkins,56,Y,Y,6,MI,Bachelor,Own,Arvada,CO
A00005355,Amber Ward,39,Y,Y,6,MI,Masters,Mortgage,Norman,OK
A00005822,June Hunter,49,N,Y,2,LI,Bachelor,Mortgage,Pooler,GA
A00002407,Erin Abreu,40,Y,Y,6,MI,High School,Rent,Pleasanton,CA
A00006371,David Crown,46,Y,Y,2,LI,Bachelor,Mortgage,Glendale,AZ
A00008555,Larry Vix,47,Y,Y,3,LI,Bachelor,Rent,Glen Burnie,MD
A00003059,Evan Elliott,55,Y,Y,5,MI,Bachelor,Own,Arnold,MD
A00006755,Yolanda Pipes,48,Y,Y,6,HI,Bachelor,Own,Fayetteville,AR
A00008557,Lauren Loftis,29,Y,Y,5,LI,Bachelor,Rent,Glen Burnie,MD
A00007122,Lori Urquhart,53,Y,Y,2,HI,High School,Rent,Louisville,KY
A00006747,Caroline Henderson,30,N,Y,7,HI,High School,Rent,Anchorage,AK
A00009063,David Short,54,N,N,4,LI,Bachelor,Own,Oakland,CA
A00004605,Rodney Velarde,29,N,Y,3,LI,College,Rent,Arvada,CO
A00001519,Joseph Edwards,50,N,Y,3,HI,College,Own,Arvada,CO
A00004926,Clifford Hench,39,Y,Y,5,HI,Bachelor,Own,Anchorage,AK
A00009338,Raymond Kiffer,47,Y,Y,7,LI,Bachelor,Rent,Glen Burnie,MD
A00006321,Karen Gorman,61,Y,Y,4,MI,High School,Rent,Edmond,OK
A00005553,Howard Lawrence,26,Y,Y,6,MI,College,Mortgage,Oakland,CA
A00005422,Barbara Powles,62,Y,Y,6,LI,High School,Mortgage,Fayetteville,AR
A00009554,Felix Simas,46,N,Y,4,LI,High School,Own,Edmond,OK
A00004758,Nancy Hill,35,Y,Y,3,MI,Bachelor,Rent,Nashville,TN
A00007250,Jack Regan,55,Y,Y,3,MI,High School,Own,Revere,MA
A00003898,Laura Trantham,54,Y,Y,4,HI,Bachelor,Rent,Manchester,CT
A00003223,Winnie Durant,41,Y,Y,2,HI,High School,Mortgage,Louisville,KY
A00000244,Ada Vermeesch,34,Y,Y,7,MI,Masters,Own,Brockton,MA
A00000681,Elaine Madigan,55,N,Y,5,MI,High School,Rent,Savannah,GA
A00002509,Gary Began,41,Y,Y,6,MI,Masters,Rent,Washington,DC
A00009218,Eric Allen,28,N,Y,5,MI,Bachelor,Mortgage,Glendale,AZ
A00000072,Christine Forest,53,Y,Y,7,MI,Masters,Rent,Glendale,AZ
A00007804,Stephen Mills,41,N,Y,7,LI,Masters,Rent,Salinas,CA
A00007865,Gary Patten,47,Y,Y,2,LI,Masters,Rent,Montgomery,AL
A00005245,Janis Seay,53,Y,Y,4,MI,High School,Mortgage,Manchester,CT
A00008520,Alta Hawkins,27,N,Y,4,MI,Bachelor,Mortgage,Arvada,CO
A00007646,Lillian Mcneil,61,N,Y,4,MI,Bachelor,Rent,Nashville,TN
A00001408,Loretta Pierson,64,Y,Y,7,MI,Bachelor,Own,Anchorage,AK
A00005151,Benjamin Baisley,35,N,N,2,HI,Bachelor,Own,Mountain Village,CO
A00004571,Sherman Constance,35,Y,Y,4,MI,Bachelor,Mortgage,Marblehead,MA
A00009873,Matthew Clayton,42,Y,Y,3,MI,Bachelor,Rent,Walpole,MA
A00006227,William Castor,47,Y,Y,4,MI,Bachelor,Mortgage,Anchorage,AK
A00003748,Nina Mayse,62,Y,Y,5,LI,High School,Rent,Oklahoma City,OK
A00003363,Jessie Beal,45,Y,Y,2,HI,NA,Mortgage,Manchester,CT
A00009078,Eileen Svoboda,50,Y,Y,4,HI,Bachelor,Own,Savannah,GA
A00000762,Donna Delosh,45,Y,Y,4,MI,Bachelor,Own,Nashville,TN
A00002923,Ann Knight,62,N,Y,7,LI,High School,Own,Oklahoma City,OK
A00007209,Dana Shelly,64,Y,Y,7,MI,Bachelor,Own,Methuen,MA
A00008234,Charlie Garman,40,Y,Y,7,MI,High School,Mortgage,Nashville,TN
A00008824,Nannie Oates,37,Y,Y,6,MI,College,Rent,Glendale,AZ
A00009151,Donald Guida,28,Y,Y,5,MI,NA,Own,Nashville,TN
A00006992,Rachel Olson,48,Y,Y,3,LI,Bachelor,Own,Williston,VT
A00008299,Paulette Bryan,33,N,Y,2,HI,PhD,Rent,Everett,MA
A00004620,Jeannette Smith,61,Y,Y,5,HI,High School,Mortgage,Montgomery,AL
A00002319,Marie Adams,50,N,Y,6,MI,Masters,Mortgage,Mammoth Lakes,CA
A00006985,Antonio Lee,33,Y,Y,3,HI,High School,Own,Savannah,GA
A00000558,Kenneth Duffy,25,Y,Y,3,HI,Bachelor,Mortgage,Oklahoma City,OK
A00001478,Carl Dowling,61,Y,Y,4,LI,MD,Rent,Panama City,FL
A00002758,Ezra Crews,43,Y,Y,7,MI,Bachelor,Rent,Brentwood,TN
A00004846,Randy Thomas,64,Y,Y,4,HI,Bachelor,Own,Manchester,CT
A00000561,Joseph Covert,47,N,Y,5,MI,High School,Mortgage,Savannah,GA
A00006208,Richard Glenn,55,N,Y,4,LI,PhD,Rent,Nashville,TN
A00008840,Cherise Vanacore,48,Y,Y,3,MI,High School,Mortgage,Manchester,CT
A00001375,Raymond Kinney,45,Y,Y,6,MI,High School,Mortgage,Glendale,AZ
A00003571,Terrance Han,42,N,Y,2,MI,College,Rent,Glendale,AZ
A00005061,John Ho,47,Y,Y,3,HI,High School,Mortgage,Hartford,VT
A00000295,Jeffrey Walters,62,N,Y,6,MI,PhD,Mortgage,Oklahoma City,OK
A00000004,Norma Manning,34,N,Y,5,LI,Bachelor,Rent,Nashville,TN
A00001247,Dana Athayde,59,Y,Y,2,LI,High School,Own,Glen Burnie,MD
A00005549,Anthony Ryder,28,Y,Y,5,HI,Bachelor,Own,Manchester,CT
A00000961,Dorothy Garcia,52,Y,Y,3,MI,NA,Own,Littleton,CO
A00004590,Georgia Ikard,46,Y,Y,3,MI,Bachelor,Mortgage,Panama City,FL
A00002462,Danny Lawrence,41,Y,Y,3,MI,High School,Rent,Orange,CA
A00009050,Francisca Alvarez,28,Y,Y,2,LI,NA,Own,Annapolis,MD
A00004154,Wilbur Yousef,26,N,Y,5,MI,High School,Rent,Savannah,GA
A00002031,Arlene Serrano,37,Y,Y,7,MI,Bachelor,Own,Arvada,CO
A00005252,Latanya Walton,44,N,Y,4,MI,High School,Mortgage,Brentwood,TN
A00001166,Ruth Harris,27,Y,Y,4,MI,Bachelor,Rent,Anchorage,AK
A00002959,Ray Holcomb,28,N,Y,5,LI,Bachelor,Mortgage,Annapolis,MD
A00006741,Laura Larrabee,25,Y,Y,2,LI,Masters,Mortgage,Aurora,CO
A00001063,Sara Morse,64,Y,Y,7,HI,High School,Own,Fayetteville,AR
A00007566,Marcella Brown,46,Y,Y,4,MI,Bachelor,Own,Townshend,VT
A00001084,Margaret Keith,51,Y,Y,5,LI,College,Rent,Orange,CA
A00003840,Cynthia Backes,59,Y,Y,2,MI,PhD,Rent,Pooler,GA
A00000718,Daniel Keath,41,N,Y,6,HI,MD,Own,Washington,DC
A00009176,Debra Heyne,55,Y,N,5,LI,Bachelor,Rent,Montgomery,AL
A00007033,Dianna Nieland,58,Y,Y,2,HI,Bachelor,Rent,Louisville,KY
A00004086,Nancy Martens,33,Y,Y,5,MI,Bachelor,Mortgage,Anchorage,AK
A00009389,Mark Dimaio,44,Y,Y,4,MI,NA,Own,Rutland,VT
A00004637,Darlene Gibler,27,Y,Y,4,MI,High School,Own,Savannah,GA
A00003847,Ronnie Wade,42,N,Y,3,MI,PhD,Rent,Berkeley,CA
A00000508,Kirsten Hurd,63,Y,Y,7,LI,MD,Own,Savannah,GA
A00000920,Abel Spann,32,Y,N,4,MI,Bachelor,Rent,Fayetteville,AR
A00006978,Sharon Franklin,39,Y,Y,6,MI,College,Mortgage,Washington,DC
A00000163,David Burns,52,Y,Y,3,HI,NA,Mortgage,Hartford,VT
A00003880,Matthew Lutz,43,N,Y,6,HI,Masters,Rent,Savannah,GA
A00006484,Teresa Rogers,64,Y,Y,3,HI,Bachelor,Rent,Anchorage,AK
A00006475,Teresa Mcalpine,25,Y,Y,4,HI,Bachelor,Mortgage,Fayetteville,AR
A00009882,Mary Lane,28,Y,Y,2,HI,Bachelor,Mortgage,Edmond,OK
A00005866,Glen Douglas,62,N,Y,4,MI,Bachelor,Mortgage,Manchester,CT
A00006016,Dolly Rutledge,42,Y,Y,3,HI,Masters,Rent,Severn,MD
A00008567,Joan Dorsey,40,Y,Y,7,MI,High School,Rent,Manchester,CT
A00002506,Ethel Chirino,44,Y,Y,7,MI,High School,Own,Santa Rosa,CA
A00001943,Gerardo Moore,30,Y,Y,3,MI,Bachelor,Mortgage,Arvada,CO
A00004631,John Leath,34,Y,Y,5,MI,High School,Rent,Montgomery,AL
A00008525,Ralph Jones,55,N,Y,4,HI,MD,Mortgage,Saint Albans City,VT
A00002820,Dorothy Worrell,55,Y,Y,3,HI,Bachelor,Rent,Stowe,VT
A00001186,Brian Conley,47,Y,Y,5,MI,Bachelor,Mortgage,Hanover,MD
A00002597,Rodney Miller,39,Y,Y,5,MI,High School,Rent,Crofton,MD
A00007208,Richard Makhija,64,Y,Y,6,MI,High School,Mortgage,Anchorage,AK
A00006631,David Williams,60,Y,Y,3,HI,Bachelor,Own,Glendale,AZ
A00001871,Tony Morris,52,Y,Y,4,HI,Bachelor,Mortgage,Hayward,CA
A00001040,Juan Uribe,48,Y,Y,7,HI,High School,Mortgage,Wolcott,VT
A00003121,Jessica Nosal,31,N,Y,6,MI,Bachelor,Own,Annapolis,MD
A00003068,Raul Scholz,57,Y,Y,4,LI,NA,Rent,Oklahoma City,OK
A00002004,Virginia Anderson,61,Y,Y,3,HI,Masters,Mortgage,Glendale,AZ
A00005195,Candace Crawford,62,Y,Y,3,LI,Bachelor,Own,Louisville,KY
A00001523,Genevieve White,42,Y,Y,4,HI,Bachelor,Mortgage,Norman,OK
A00004304,Marisa Defir,53,N,Y,4,HI,Bachelor,Rent,Everett,MA
A00008902,Dorothy James,62,Y,Y,4,HI,Masters,Own,Middlebury,VT
A00000050,Nathaniel Carter,37,Y,Y,2,MI,Masters,Mortgage,Anchorage,AK
A00008086,Joshua Goodwin,46,N,Y,4,HI,Masters,Rent,Montgomery,AL
A00002925,Anthony Gallo,50,Y,Y,5,MI,Bachelor,Rent,Montgomery,AL
A00006965,Terry Cruz,45,N,Y,3,HI,Bachelor,Rent,Quincy,MA
A00003546,Julia Snell,28,Y,Y,4,MI,Bachelor,Rent,Savannah,GA
A00000640,Shawn Strickland,51,Y,N,5,HI,College,Rent,Richmond,VT
A00002418,Melissa Cook,61,Y,Y,6,HI,Bachelor,Own,Manchester,CT
A00001826,Jack Allison,60,Y,Y,7,MI,High School,Own,Montgomery,AL
A00003184,Robert Paul,62,Y,Y,6,MI,High School,Mortgage,Savannah,GA
A00006674,Lindsey Johnson,61,Y,Y,4,MI,NA,Mortgage,Glendale,AZ
A00003998,Gordon Casale,61,Y,N,3,MI,Bachelor,Rent,Anchorage,AK
A00004570,Ralph Friedman,58,Y,Y,2,LI,Masters,Rent,Montgomery,AL
A00003039,William Schaeffer,36,Y,Y,5,MI,Bachelor,Mortgage,Oakland,CA
A00008918,Nancy Brandt,44,Y,Y,4,HI,Bachelor,Mortgage,Arlington,MA
A00000631,Darin Kahl,48,Y,N,6,LI,High School,Rent,Montgomery,AL
A00006570,Guillermina Garhart,28,Y,Y,3,MI,High School,Rent,Manchester,CT
A00005034,Steve Painter,57,Y,Y,3,LI,Bachelor,Rent,Montgomery,AL
A00007505,Gary Frey,31,N,Y,2,LI,Bachelor,Mortgage,Anchorage,AK
A00006136,Juan Ray,29,Y,N,7,LI,Bachelor,Mortgage,San Leandro,CA
A00008352,Norman Nguyen,39,Y,Y,3,LI,Bachelor,Rent,Anchorage,AK
A00006984,Jerrold Brown,46,Y,Y,5,HI,College,Rent,Panama City,FL
A00000373,Roger Wilson,33,N,Y,6,MI,Bachelor,Own,Dartmouth,MA
A00009186,Suzanne Minnich,55,Y,Y,3,HI,Masters,Own,Manchester,CT
A00005570,Thomas Austin,28,Y,Y,2,LI,High School,Rent,Arvada,CO
A00009446,Leanne Hanson,62,Y,Y,2,LI,Bachelor,Mortgage,Colchester,VT
A00004209,Gloria Perkins,49,Y,Y,7,LI,Masters,Mortgage,Louisville,KY
A00003173,Michael Holt,25,Y,Y,3,MI,Bachelor,Mortgage,Nashville,TN
A00004775,William King,31,Y,Y,2,LI,High School,Own,Savannah,GA
A00009593,Adam Russo,29,Y,Y,5,MI,Bachelor,Own,Arvada,CO
A00005197,Jesse Vautour,60,Y,Y,3,HI,MD,Mortgage,Fayetteville,AR
A00002187,Marx Aichele,28,Y,Y,3,MI,NA,Mortgage,Montgomery,AL
A00007061,Joseph Flood,46,Y,Y,7,LI,College,Rent,Glendale,AZ
A00001079,Ross Rowton,43,Y,Y,6,HI,Bachelor,Own,Arvada,CO
A00005802,Joseph Walt,63,N,Y,3,LI,Bachelor,Own,Oakland,CA
A00008498,Michael Marks,36,Y,Y,5,HI,High School,Mortgage,Anchorage,AK
A00003041,Robert Williams,46,Y,Y,3,HI,College,Own,Arvada,CO
A00008568,Ralph Hughes,32,Y,Y,2,HI,Bachelor,Own,Anchorage,AK
A00003928,Elda Brundidge,56,Y,Y,5,MI,PhD,Own,Washington,DC
A00004899,Kathleen Ogle,38,Y,Y,3,MI,Bachelor,Mortgage,Pooler,GA
A00005449,Nathan Anderson,35,Y,Y,2,HI,High School,Rent,Edgewater,MD
A00007364,Huong Clay,55,Y,Y,3,HI,Bachelor,Own,Savannah,GA
A00000098,Elroy Renner,46,N,Y,7,HI,MD,Rent,Nashville,TN
A00009302,Mary Mckie,38,N,Y,6,MI,High School,Mortgage,Edgewater,MD
A00007083,Mark Bruce,43,Y,Y,2,MI,Masters,Mortgage,Louisville,KY
A00000162,Joetta Anderson,37,Y,Y,6,MI,High School,Mortgage,Fayetteville,AR
A00004325,Alice Vigue,35,N,Y,5,MI,Bachelor,Mortgage,Melrose,MA
A00002918,Jacob Charron,27,Y,Y,3,HI,MD,Rent,Manchester,CT
A00006928,Bobby Ward,53,N,Y,4,MI,College,Own,Montgomery,AL
A00003276,Lora Hodges,56,Y,N,7,MI,Bachelor,Mortgage,Montgomery,AL
A00006145,Catherine Thomas,34,Y,Y,6,MI,High School,Own,Arvada,CO
A00003407,Shirley Peterson,32,Y,Y,6,MI,Bachelor,Mortgage,Arvada,CO
A00004115,Colby Johnson,30,Y,Y,5,LI,Bachelor,Own,Annapolis,MD
A00006400,Rhonda Holt,36,Y,Y,2,MI,High School,Own,Savannah,GA
A00001989,Suzanne Weiss,57,Y,Y,3,MI,Bachelor,Own,Arvada,CO
A00003703,Margaret Hines,42,Y,Y,3,MI,Bachelor,Own,Soda Springs,CA
A00003704,Ana Stecklein,49,Y,Y,4,MI,Bachelor,Mortgage,Eureka,CA
A00006353,Diana Earl,42,N,Y,4,HI,MD,Rent,Fayetteville,AR
A00004190,Alice Garland,26,Y,Y,3,LI,MD,Own,Savannah,GA
A00003731,Soo Roberts,59,N,Y,7,MI,Bachelor,Mortgage,Oklahoma City,OK
A00008641,Ralph Levandowski,56,N,Y,7,LI,College,Rent,San Leandro,CA
A00003425,Roy Fitzgerald,53,Y,Y,2,HI,Bachelor,Mortgage,Fayetteville,AR
A00009664,Jenny Meyers,44,Y,Y,5,LI,Bachelor,Mortgage,Savannah,GA
A00004587,Kevin Cartright,45,N,N,2,LI,Bachelor,Mortgage,San Leandro,CA
A00002049,Emma Englehardt,26,Y,Y,2,LI,Masters,Rent,Glen Burnie,MD
A00007709,Devin Linch,49,Y,Y,4,LI,Bachelor,Rent,San Leandro,CA
A00000899,James Kama,55,N,Y,4,HI,Bachelor,Mortgage,Louisville,KY
A00000217,Chelsea Schulist,44,Y,Y,6,LI,MD,Rent,Annapolis,MD
A00003537,Edward Mckay,58,N,Y,4,MI,Bachelor,Rent,Burlington,VT
A00005669,Susan Fosberg,34,Y,Y,3,HI,NA,Rent,Pooler,GA
A00002155,Marjorie Young,34,Y,N,4,HI,Masters,Rent,Louisville,KY
A00003063,Una Shell,47,Y,Y,7,MI,High School,Own,Peabody,MA
A00006130,John Neff,28,Y,Y,6,LI,High School,Own,Glendale,AZ
A00008418,Richard Cantu,29,Y,Y,6,LI,Bachelor,Own,Wolcott,VT
A00004634,Hector Schaffner,63,Y,Y,2,MI,Bachelor,Mortgage,Quincy,MA
A00005125,Carl Abraham,39,Y,Y,5,LI,Bachelor,Rent,Montgomery,AL
A00005360,Janet Kaiser,37,Y,Y,2,LI,College,Own,Baltimore,MD
A00008503,Patricia Holstein,62,Y,Y,6,MI,Bachelor,Rent,San Leandro,CA
A00006307,Genoveva Hickman,49,Y,Y,3,MI,NA,Mortgage,Nashville,TN
A00003014,Christopher Meyer,40,N,N,2,MI,Bachelor,Rent,Arvada,CO
A00005165,Elizabeth Hart,29,Y,Y,3,MI,Bachelor,Own,Brockton,MA
A00003996,Travis Julian,44,Y,N,4,HI,Bachelor,Mortgage,Saint Albans City,VT
A00003855,Barbara Fisher,60,Y,Y,6,LI,Bachelor,Mortgage,Pasadena,MD
A00009074,Gigi Appleby,64,Y,Y,2,LI,High School,Own,Castaic,CA
A00009942,Jean Gundlach,64,Y,Y,4,LI,High School,Own,Anchorage,AK
A00003426,Debbra Wilcox,62,Y,Y,4,HI,High School,Own,Oklahoma City,OK
A00006242,Rosemary Tang,35,Y,Y,4,MI,MD,Mortgage,Montevallo,AL
A00001902,Shirley Knowlton,27,Y,N,6,LI,College,Own,Glendale,AZ
A00009735,Jeniffer Loew,36,Y,Y,6,LI,High School,Own,Glendale,AZ
A00001419,George Falconio,31,Y,Y,3,LI,College,Mortgage,Fountain,FL
A00005235,Cecile Sweet,63,Y,N,4,HI,MD,Own,Annapolis,MD
A00003036,Richard Rodriguez,61,Y,N,2,LI,High School,Mortgage,Louisville,KY
A00008192,Judy Garcia,31,N,Y,3,MI,Bachelor,Mortgage,Savannah,GA
A00001584,Lois Blackman,39,Y,Y,6,LI,Bachelor,Rent,Panama City Beach,FL
A00007300,Manuel Corson,48,Y,Y,6,LI,High School,Own,Washington,DC
A00005586,Joe George,59,N,Y,6,HI,NA,Mortgage,Arvada,CO
A00005262,Yvonne Stroud,56,N,Y,6,LI,College,Mortgage,Anchorage,AK
A00009316,Jess Boers,37,N,Y,6,MI,MD,Mortgage,Glendale,AZ
A00004280,Peter Wright,56,Y,Y,5,HI,MD,Rent,Fayetteville,AR
A00005416,Michele Bui,52,Y,Y,7,LI,Bachelor,Own,Union City,CA
A00002372,Rafael Weaver,28,Y,Y,4,MI,PhD,Mortgage,Proctor,VT
A00006539,Kimberly Breckenridge,53,Y,Y,5,LI,Bachelor,Rent,Barre,VT
A00001324,Richard Dunbar,34,Y,Y,7,MI,High School,Mortgage,Anchorage,AK
A00000284,Kathryn Dixon,37,Y,Y,6,HI,Bachelor,Rent,Manchester,CT
A00009474,Virginia Barnard,54,Y,Y,6,MI,PhD,Own,Annapolis,MD
A00004737,Sylvia Reyna,55,N,Y,3,MI,Bachelor,Own,Oklahoma City,OK
A00002135,Linda Fuller,47,Y,Y,6,HI,Bachelor,Mortgage,Washington,DC
A00006502,Imogene Russell,44,Y,N,3,LI,High School,Mortgage,Anchorage,AK
A00007176,David Lewis,28,Y,Y,3,LI,High School,Own,Anchorage,AK
A00002123,Joe Seibert,42,Y,Y,7,HI,High School,Own,Glendale,AZ
A00004204,Nancy Chen,44,Y,Y,7,LI,College,Own,Hayward,CA
A00005766,Joey Anderson,26,Y,Y,2,LI,Bachelor,Mortgage,Panama City,FL
A00008222,Kevin Santiago,45,Y,Y,4,HI,Bachelor,Mortgage,Manchester,CT
A00003707,Garrett Wright,60,Y,Y,5,MI,High School,Own,Hayward,CA
A00008098,James Albert,61,N,Y,6,MI,Bachelor,Mortgage,Montgomery,AL
A00003429,Brian Crider,30,Y,Y,3,MI,PhD,Own,Tewksbury,MA
A00005317,Nancy Haynes,54,N,Y,5,HI,College,Mortgage,Nashville,TN
A00002387,Patricia Smith,49,Y,Y,6,MI,Masters,Rent,Nashville,TN
A00001308,Alejandro Myers,39,Y,Y,5,HI,High School,Own,Pasadena,MD
A00009107,Maritza Rotella,38,Y,Y,5,HI,Bachelor,Own,Panama City,FL
A00003696,Reginald Gabrielsen,55,Y,Y,3,HI,Bachelor,Mortgage,Fayetteville,AR
A00009715,Edward Terry,52,Y,Y,6,LI,Masters,Mortgage,Manchester,CT
A00007237,Lorine Hudson,41,Y,Y,6,LI,High School,Rent,Glendale,AZ
A00007291,Simon Robinson,25,Y,Y,4,LI,Masters,Mortgage,Washington,DC
A00009016,Craig Mccollum,27,Y,N,3,LI,High School,Own,Edgewater,MD
A00008755,James Gannett,34,Y,Y,3,MI,Bachelor,Mortgage,Linda,CA
A00001220,George Taylor,46,Y,Y,6,HI,Bachelor,Rent,Glendale,AZ
A00001529,Michael Henke,27,N,Y,5,MI,Bachelor,Rent,Essex,VT
A00005180,Christopher Crutcher,57,Y,Y,4,MI,Masters,Mortgage,Montgomery,AL
A00002245,Jim Martin,44,Y,Y,5,HI,Bachelor,Mortgage,Louisville,KY
A00007022,Billy Miller,46,N,N,5,MI,College,Mortgage,Auburn,MA
A00007192,Jefferson South,28,Y,Y,5,MI,Bachelor,Mortgage,Manchester,CT
A00008694,Douglas Harris,27,Y,Y,2,MI,High School,Mortgage,Anchorage,AK
A00002218,Dinorah Walters,36,Y,Y,4,HI,Masters,Rent,Glen Burnie,MD
A00007295,Ethel Vaughn,50,Y,Y,5,LI,Bachelor,Mortgage,Nashville,TN
A00006861,Ian King,47,Y,Y,3,HI,High School,Mortgage,Rutland,VT
A00003866,Sharon Prasad,44,Y,Y,4,HI,High School,Rent,Anchorage,AK
A00006022,Anthony Douglass,60,Y,N,7,LI,Bachelor,Mortgage,Nashville,TN
A00003846,Deborah Martin,39,Y,Y,2,MI,Bachelor,Own,Berkeley,CA
A00007731,Roy Daly,28,Y,Y,5,MI,High School,Mortgage,Anchorage,AK
A00005008,Victor Barnette,25,Y,Y,2,MI,High School,Mortgage,Manchester,CT
A00002868,Dennis Kovach,36,N,Y,3,MI,Bachelor,Own,Dedham,MA
A00000942,Jackie Ragusa,30,Y,Y,3,HI,Bachelor,Mortgage,Union City,CA
A00009358,Olga Palacios,42,N,Y,7,MI,MD,Rent,Nashville,TN
A00007134,Justine Hoover,50,N,Y,2,LI,Bachelor,Mortgage,Huntington,VT
A00008864,Samuel Stepp,26,Y,Y,6,MI,Masters,Own,Waterbury Center,VT
A00002704,Joyce Menke,62,N,Y,5,HI,High School,Mortgage,Pleasanton,CA
A00009308,Kenneth Briggs,50,Y,Y,3,LI,College,Rent,Nashville,TN
A00003544,Julia Arndt,41,Y,Y,7,MI,High School,Own,Redlands,CA
A00005312,Matthew Gugler,43,Y,Y,5,MI,Masters,Mortgage,Inverness,FL
A00009925,Michael Flores,61,N,Y,4,HI,College,Rent,Louisville,KY
A00008946,Robert Dufour,54,N,Y,5,MI,College,Rent,Panama City,FL
A00000359,Lupe Larson,29,Y,Y,4,MI,Bachelor,Own,Oklahoma City,OK
A00000999,Hattie Price,53,Y,Y,3,MI,Bachelor,Mortgage,Panama City,FL
A00004585,Ada Wolfe,36,N,Y,4,MI,Bachelor,Own,Arvada,CO
A00003399,Steven Patterson,27,Y,Y,3,MI,High School,Rent,Tewksbury,MA
A00009722,Ronald Murray,43,Y,Y,3,LI,College,Mortgage,Washington,DC
A00007358,Brian Lane,34,Y,Y,2,LI,High School,Rent,Edgewater,MD
A00006188,William Otterson,36,Y,Y,3,MI,NA,Own,Glendale,AZ
A00008619,James Russell,56,Y,Y,3,HI,High School,Rent,Oklahoma City,OK
A00004057,Federico Richardson,42,Y,Y,6,HI,Masters,Own,Cambridge,MA
A00007660,Martha Probst,53,Y,Y,4,MI,High School,Mortgage,Fayetteville,AR
A00000216,Matthew Wilcox,56,N,Y,6,MI,Bachelor,Mortgage,Savannah,GA
A00008068,Jack Humphries,31,Y,Y,4,MI,PhD,Own,Louisville,KY
A00009005,Dianne Andrew,56,N,Y,2,LI,High School,Mortgage,Concord,CA
A00008042,Joann Slater,57,Y,N,2,MI,High School,Rent,Arvada,CO
A00006469,Timothy Estrada,62,Y,Y,2,LI,High School,Mortgage,Fayetteville,AR
A00005660,Gail Klein,57,N,Y,6,HI,High School,Mortgage,Anchorage,AK
A00000066,James Huntington,29,Y,Y,7,MI,Bachelor,Own,Washington,DC
A00007723,Kenneth Murray,32,Y,Y,4,MI,Bachelor,Mortgage,Lawrence,MA
A00009339,Teresa Albritton,47,N,N,7,MI,Bachelor,Rent,Anchorage,AK
A00002745,Donald Ford,42,Y,Y,3,LI,Masters,Rent,Fremont,CA
A00001614,Jim Strong,64,Y,Y,5,LI,College,Own,Fayetteville,AR
A00009010,Robert Kimberling,56,Y,Y,3,LI,Bachelor,Rent,Union City,CA
A00009322,Mary Patrick,43,Y,Y,4,MI,PhD,Mortgage,Montgomery,AL
A00009786,Rita Barnes,46,Y,Y,4,HI,Masters,Own,Nashville,TN
A00007104,Andrew Schaefer,36,N,N,2,HI,Bachelor,Own,Arvada,CO
A00008527,Jeffrey Ledesma,29,Y,Y,3,MI,College,Rent,Savannah,GA
A00006396,Frances Wright,49,Y,Y,7,MI,Bachelor,Own,Louisville,KY
A00000137,Priscilla Eisenberg,36,Y,Y,3,MI,Bachelor,Mortgage,Pueblo,CO
A00007172,Dorothy Boyd,25,Y,Y,2,HI,High School,Own,Anchorage,AK
A00008130,Kristina Shannon,53,N,Y,3,MI,NA,Mortgage,Anchorage,AK
A00001531,Dennis Herzog,51,N,Y,3,MI,Masters,Own,Savannah,GA
A00007727,Elizabeth Patton,55,N,Y,4,MI,PhD,Rent,Louisville,KY
A00008301,Shirley Baugus,32,N,Y,7,MI,High School,Own,Glendale,AZ
A00001075,Rick Booker,60,N,Y,7,MI,College,Rent,Oklahoma City,OK
A00000714,William West,38,N,Y,2,HI,Bachelor,Own,Livermore,CA
A00004903,Alethea Bijou,60,Y,N,2,LI,High School,Mortgage,Nashville,TN
A00009633,Merry Pettigrew,59,Y,Y,3,MI,Bachelor,Mortgage,Fayetteville,AR
A00000900,Frank Wilson,62,Y,Y,6,HI,Bachelor,Own,Vershire,VT
A00004361,Terry West,58,Y,Y,2,HI,Bachelor,Rent,Bloomingdale,GA
A00006644,Rosalie Mimms,64,Y,Y,6,MI,High School,Mortgage,Fremont,CA
A00002410,Pat Pfeiff,48,Y,Y,5,LI,High School,Mortgage,Union City,CA
A00006001,Maggie Grimes,30,Y,Y,5,MI,Masters,Own,Glendale,AZ
A00008313,Lester Bartlett,54,N,Y,5,MI,PhD,Mortgage,Louisville,KY
A00001288,John Baker,33,Y,Y,3,HI,High School,Mortgage,Pittsfield,MA
A00008848,Cora Mercado,26,Y,Y,2,MI,Bachelor,Own,Manchester,CT
A00007568,Philip Minahan,38,N,Y,2,HI,High School,Rent,Shelburne,VT
A00008375,Isabel Frank,25,N,Y,5,MI,High School,Mortgage,Cambridge,MA
A00004487,Sharon Phillips,44,Y,Y,3,MI,Bachelor,Rent,Fayetteville,AR
A00008586,Mike Beltran,53,Y,Y,4,LI,MD,Rent,Bloomingdale,GA
A00007233,Alexandra Garcia,41,Y,Y,7,MI,High School,Own,Anchorage,AK
A00006556,Marie Carey,32,Y,Y,5,HI,High School,Own,Manchester,CT
A00003424,Winifred Alkire,49,N,Y,4,HI,High School,Rent,Fayetteville,AR
A00006633,Robert Wesley,41,Y,Y,6,LI,PhD,Rent,Anchorage,AK
A00008980,Margaret Garrett,29,N,Y,4,HI,Bachelor,Rent,Holyoke,MA
A00003397,Richard Alvarez,30,Y,Y,3,HI,Bachelor,Mortgage,Glen Burnie,MD
A00002424,Basil Burgess,49,N,Y,4,MI,Bachelor,Mortgage,Nashville,TN
A00006030,Florence Boyden,46,Y,N,7,MI,Bachelor,Rent,Montgomery,AL
A00001539,Wayne Milton,42,Y,Y,3,MI,High School,Own,Louisville,KY
A00005806,Jeffrey Edwards,55,Y,Y,5,MI,High School,Rent,Louisville,KY
A00004660,Anthony Fleeman,37,N,Y,7,HI,High School,Own,Glendale,AZ
A00003008,Brenda Wiederhold,52,Y,Y,4,LI,Bachelor,Mortgage,Hayward,CA
A00000880,Larry Bruce,64,N,Y,4,MI,Masters,Mortgage,Laurel,MD
A00005474,Jason Scott,52,Y,Y,5,HI,College,Own,Jeffersontown,KY
A00008896,Isabel Gonzalez,48,Y,Y,4,LI,Bachelor,Mortgage,Aptos,CA
A00004562,Elnora Wallace,33,Y,Y,7,LI,Bachelor,Rent,Oklahoma City,OK
A00007635,Boyd Beuth,29,Y,Y,5,LI,High School,Rent,Chicopee,MA
A00007392,Janice Landfair,54,Y,Y,6,MI,Bachelor,Rent,Prospect,KY
A00000348,Jack Bailey,29,Y,Y,4,MI,High School,Rent,South Burlington,VT
A00005637,Leona Demarest,49,N,Y,2,MI,Bachelor,Rent,Oklahoma City,OK
A00003357,Rodney King,48,Y,Y,7,LI,Masters,Rent,Stowe,VT
A00005220,Constance Ashley,52,Y,Y,3,MI,NA,Mortgage,Glendale,AZ
A00009127,Mayra Wiggins,45,N,Y,2,HI,Bachelor,Mortgage,Mathews,AL
A00006627,Javier Vest,40,Y,N,2,LI,Bachelor,Mortgage,Nashville,TN
A00007662,Lucy Crowe,36,N,Y,3,LI,College,Rent,Anchorage,AK
A00001374,Mitchell Griffiths,33,Y,N,7,MI,Bachelor,Own,Montgomery,AL
A00009651,Federico Lee,47,Y,Y,2,LI,Bachelor,Mortgage,Savannah,GA
A00009625,Laura Scott,43,Y,Y,7,LI,Bachelor,Rent,Glendale,AZ
A00004679,William Johnson,26,N,Y,4,LI,College,Mortgage,Panama City,FL
A00005947,Sharon Bowles,58,Y,Y,2,MI,Bachelor,Rent,Glen Burnie,MD
A00000433,Donna Harris,39,Y,Y,2,HI,Bachelor,Mortgage,,VT
A00008493,Eddie Taylor,53,Y,Y,5,LI,Bachelor,Rent,Louisville,KY
A00001702,Steven Avila,30,Y,Y,3,MI,High School,Own,Anchorage,AK
A00003187,Margaret Goldschmidt,33,Y,Y,4,LI,Bachelor,Own,Arvada,CO
A00004221,Veronica Spitzer,48,Y,Y,6,HI,PhD,Own,Savannah,GA
A00000497,Carolyn Holcomb,53,N,Y,2,LI,Bachelor,Own,Montgomery,AL
A00009028,Selma Philbrick,37,N,Y,3,MI,High School,Rent,Peoria,AZ
A00000488,Joshua Barnes,51,Y,N,6,MI,High School,Mortgage,Glendale,AZ
A00009991,Mildred Smith,54,Y,Y,3,HI,High School,Mortgage,Glendale,AZ
A00006537,Casandra Valley,25,Y,Y,3,MI,Bachelor,Own,Louisville,KY
A00006738,Shannon Ogburn,27,N,Y,6,LI,High School,Own,Anchorage,AK
A00000805,Erasmo Plack,46,N,Y,6,HI,Bachelor,Mortgage,Montgomery,AL
A00005435,Helen Harper,44,Y,Y,5,LI,Bachelor,Rent,Manchester,CT
A00002200,Loretta Montgomery,25,Y,Y,3,LI,College,Rent,Nashville,TN
A00000466,Casandra Reece,40,N,Y,3,MI,High School,Own,Selma,CA
A00008709,Charles Jones,64,Y,Y,4,LI,Bachelor,Own,Manchester,CT
A00009415,Nicholas Copeland,43,Y,Y,4,LI,Bachelor,Rent,Arvada,CO
A00009877,Brian Harris,53,Y,Y,7,LI,Bachelor,Rent,Charlton,MA
A00001921,Lewis Sluka,63,N,Y,6,MI,MD,Mortgage,Falmouth,MA
A00007464,Dorothy Sanchez,43,Y,N,5,LI,College,Rent,Anchorage,AK
A00003199,Robin Perez,31,N,Y,2,MI,High School,Own,Anchorage,AK
A00007925,Alice Blair,64,Y,Y,2,LI,Bachelor,Mortgage,Manchester,CT
A00008609,Jeremy Underwood,34,Y,Y,3,HI,High School,Mortgage,Montgomery,AL
A00003129,Shirley Batchelor,25,Y,Y,3,MI,MD,Rent,Nashville,TN
A00007739,Joshua Roudabush,55,Y,Y,2,LI,Masters,Own,Livermore,CA
A00003092,Ruth Cauley,51,Y,Y,6,MI,Masters,Own,Arnold,MD
A00007830,Dara Clement,36,Y,Y,5,MI,High School,Rent,Savannah,GA
A00008350,Jay Ramirez,47,Y,Y,5,MI,Bachelor,Own,Anchorage,AK
A00006939,Dominic Cato,36,N,Y,4,HI,College,Own,Panama City Beach,FL
A00000830,Cameron Walsh,50,Y,Y,5,LI,Bachelor,Rent,Manchester,CT
A00002196,Shelby Jackson,44,N,Y,4,HI,Masters,Rent,Peoria,AZ
A00002681,Kevin Dudley,32,Y,Y,7,MI,High School,Own,Glendale,AZ
A00004009,Carl Young,56,Y,N,3,LI,Masters,Rent,Hayward,CA
A00004043,Charles Washington,59,Y,Y,2,MI,Bachelor,Own,Glendale,AZ
A00008443,Neely Davila,40,N,Y,4,HI,Bachelor,Own,,VT
A00003539,Fern Forest,45,Y,Y,2,MI,College,Rent,Arvada,CO
A00000054,Jason Mcfarland,35,Y,Y,6,HI,Bachelor,Rent,Glen Burnie,MD
A00006121,Emil Creager,47,Y,Y,4,HI,Bachelor,Own,Anchorage,AK
A00001077,Tina Bumgardner,40,Y,Y,6,HI,PhD,Rent,Mexico Beach,FL
A00001804,Albert Marquez,39,Y,Y,5,LI,High School,Own,Arvada,CO
A00006072,Kyle Lowry,55,N,Y,7,LI,Bachelor,Rent,Washington,DC
A00000832,Jean Zahn,46,Y,N,6,MI,High School,Rent,West Sacramento,CA
A00001049,Robert Potter,61,N,Y,4,LI,High School,Mortgage,Savannah,GA
A00006948,Esther Watkins,27,Y,Y,3,MI,Masters,Rent,Fayetteville,AR
A00001302,Max Conrad,35,Y,Y,7,MI,Bachelor,Mortgage,Somerset,MA
A00009008,Steven Miles,47,Y,Y,7,LI,Bachelor,Rent,Nashville,TN
A00005930,Delma Parson,28,Y,Y,5,LI,Bachelor,Mortgage,Burlington,VT
A00005292,Cole Jimenez,56,Y,Y,3,MI,Bachelor,Own,Pooler,GA
A00009212,Patrick Scott,43,Y,Y,6,MI,Bachelor,Mortgage,Fremont,CA
A00000902,Kenneth Subert,41,N,Y,5,LI,High School,Own,Fremont,CA
A00002330,Alfred Wiggins,37,Y,Y,6,MI,NA,Own,Washington,DC
A00009237,Emily Pritchett,50,Y,Y,2,MI,High School,Rent,Fremont,CA
A00001502,Paul Gray,45,N,N,2,HI,Bachelor,Mortgage,Washington,DC
A00002703,Donald Wilczynski,33,Y,Y,6,MI,Bachelor,Mortgage,Nashville,TN
A00003137,Jessica Calley,43,Y,Y,4,LI,High School,Rent,Louisville,KY
A00001962,Wayne Oliveros,52,N,Y,3,MI,PhD,Rent,Methuen,MA
A00001882,Dong Burke,57,N,Y,7,HI,Bachelor,Own,Quincy,MA
A00000923,Ethan Alvarado,60,Y,Y,6,HI,High School,Own,Edmond,OK
A00000277,Lynn Ramp,61,N,N,2,HI,Bachelor,Own,Waitsfield,VT
A00005182,Thomas Frazier,40,Y,Y,4,MI,PhD,Mortgage,Arvada,CO
A00009742,Steve Jennings,33,N,N,3,MI,High School,Own,Panama City,FL
A00002351,Victoria Horton,54,N,Y,4,HI,High School,Mortgage,Manchester,CT
A00009172,John Koenig,33,N,Y,4,HI,Masters,Own,Glendale,AZ
A00005001,Dennis Guillette,25,Y,Y,3,HI,High School,Own,Mesa,AZ
A00001076,Rebecca Billings,28,Y,Y,5,MI,High School,Rent,Rutland,VT
A00004853,Sara Holmes,52,N,Y,6,MI,Bachelor,Mortgage,Fayetteville,AR
A00003282,Henry Goff,27,Y,Y,4,HI,NA,Mortgage,Montgomery,AL
A00008391,Charles Sullivan,35,Y,Y,5,LI,Bachelor,Mortgage,Nashville,TN
A00007824,Jessica Kusel,29,Y,Y,3,LI,Masters,Mortgage,Panama City,FL
A00004181,Julia Wiggins,25,Y,N,2,MI,Masters,Mortgage,Rutland,VT
A00009363,Douglas Perez,29,Y,Y,4,MI,High School,Mortgage,Washington,DC
A00005282,Willie Metz,40,Y,N,2,HI,College,Rent,Edmond,OK
A00000170,Charles Sperry,25,Y,Y,5,MI,PhD,Rent,Louisville,KY
A00004100,Kristin Wiley,57,Y,Y,7,LI,College,Rent,Glen Burnie,MD
A00005006,Howard Patel,39,Y,Y,7,LI,Bachelor,Own,Panama City,FL
A00002284,Ronnie Gonzalez,30,Y,Y,5,LI,High School,Rent,Panama City,FL
A00003511,Jared Mireles,43,N,Y,2,HI,Bachelor,Rent,Pittsford,VT
A00007218,Caleb Gomes,28,N,Y,7,HI,Bachelor,Mortgage,Manchester,CT
A00000634,Earl Novotny,37,N,Y,6,LI,MD,Own,Washington,DC
A00009499,Alex Jolly,58,Y,Y,4,HI,Masters,Own,Louisville,KY
A00004285,Cynthia Covarrubias,46,N,Y,4,MI,Bachelor,Mortgage,Edmond,OK
A00006681,William Cobbins,39,Y,Y,6,LI,Bachelor,Rent,Anchorage,AK
A00003650,Shaina Patterson,52,Y,Y,4,LI,Bachelor,Mortgage,Fayetteville,AR
A00009934,Kevin Constanza,50,Y,Y,2,LI,College,Rent,Middleborough,MA
A00008806,Ernesto Bowman,43,Y,Y,5,HI,High School,Own,Arvada,CO
A00009741,Brenda Miller,43,Y,Y,2,MI,PhD,Mortgage,Moretown,VT
A00009730,Ramon Paci,46,Y,Y,4,LI,Bachelor,Mortgage,Nashville,TN
A00009306,Clarence Defalco,25,Y,Y,4,MI,Bachelor,Rent,Ludlow,VT
A00008998,Isaiah Pollack,60,Y,Y,6,LI,Masters,Rent,,VT
A00005145,Joshua Reaver,25,Y,Y,3,MI,High School,Rent,Manchester,CT
A00008938,Tameka Carter,59,Y,Y,4,LI,NA,Own,Washington,DC
A00002761,Brandon Ward,49,Y,Y,7,MI,Bachelor,Own,Washington,DC
A00003292,James Daughters,64,N,Y,4,HI,College,Mortgage,Panama City,FL
A00006855,Christopher Alston,49,Y,Y,6,MI,High School,Rent,Nashville,TN
A00002895,Robin Simas,36,Y,Y,6,HI,College,Rent,Arvada,CO
A00005308,Teresa Nesbit,63,Y,Y,4,LI,Bachelor,Rent,Pike Road,AL
A00005266,Edgar Cerza,46,Y,Y,2,LI,NA,Rent,Fremont,CA
A00006889,Gene Ramsey,58,Y,Y,6,LI,College,Mortgage,Nashville,TN
A00009060,William Verville,53,N,N,6,HI,College,Mortgage,Fremont,CA
A00008910,Joshua Ansley,38,Y,Y,6,MI,Bachelor,Own,Washington,VT
A00000749,Nettie Prichard,52,Y,Y,4,LI,Masters,Own,Manchester,CT
A00004895,Georgette Wiersteiner,56,Y,Y,3,MI,High School,Rent,Savannah,GA
A00005204,Bernadine Contreras,32,Y,Y,2,MI,Bachelor,Own,Pittsfield,MA
A00005982,Frank Montgomery,51,Y,Y,2,MI,Bachelor,Mortgage,,VT
A00007833,Kimberly Cooper,26,Y,Y,2,MI,Bachelor,Mortgage,Manchester,CT
A00001855,Randi True,41,Y,Y,4,HI,College,Own,Arvada,CO
A00006180,John Blain,42,N,Y,7,LI,PhD,Own,Middleborough,MA
A00001481,Larry Myrick,58,Y,Y,2,HI,High School,Mortgage,Bolton,VT
A00007254,Humberto Brown,34,Y,Y,7,MI,High School,Rent,Panama City,FL
A00009377,Thomas Hill,50,Y,Y,2,MI,College,Mortgage,Glendale,AZ
A00004635,Keith Labbie,26,Y,Y,5,MI,High School,Rent,Annapolis,MD
A00004908,Yvonne Mott,64,Y,Y,5,HI,Bachelor,Mortgage,Fayetteville,AR
A00004648,Daniel Alcorn,56,N,Y,7,MI,Bachelor,Own,Manchester,CT
A00005236,Trisha Hernandez,47,Y,Y,7,HI,College,Rent,Montgomery,AL
A00008775,Richard Hernandez,29,Y,Y,3,MI,NA,Rent,Anchorage,AK
A00008117,Ashley Brandwein,31,Y,Y,2,HI,Bachelor,Rent,Livermore,CA
A00003913,Catherine Bandy,36,N,Y,4,MI,Bachelor,Own,Fort Collins,CO
A00005490,Diana Baker,32,Y,N,6,MI,Bachelor,Own,Glendale,AZ
A00008471,Margaret Dixon,56,Y,Y,2,LI,Bachelor,Rent,Litchfield Park,AZ
A00008144,Brandon Ward,31,Y,Y,5,LI,PhD,Rent,San Leandro,CA
A00006217,Nicole Billingsley,53,Y,Y,3,HI,High School,Own,Glendale,AZ
A00000824,Lloyd Green,38,Y,Y,2,MI,MD,Own,Edmond,OK
A00005740,Paul Lee,40,N,Y,3,MI,Bachelor,Rent,Warr Acres,OK
A00001977,Gena Hill,56,Y,N,3,MI,High School,Mortgage,Chester,VT
A00004885,Muriel Redd,38,Y,Y,3,LI,Bachelor,Rent,Montgomery,AL
A00007613,Pamela Lewis,32,N,Y,6,HI,High School,Rent,Anchorage,AK
A00007995,Gina Minvielle,38,Y,Y,4,LI,Bachelor,Rent,Anchorage,AK
A00001609,Stephen Joseph,42,Y,Y,2,MI,NA,Own,Stratton,VT
A00008670,Latonya Davis,50,Y,Y,2,HI,Bachelor,Own,Glendale,AZ
A00008663,Beatrice Washington,51,N,Y,3,LI,High School,Mortgage,Louisville,KY
A00006643,Justin Farrar,25,Y,N,4,LI,MD,Rent,Montgomery,AL
A00000898,Michael Rios,28,Y,N,4,MI,MD,Mortgage,Arvada,CO
A00001769,Ursula Gillespie,51,Y,Y,3,MI,NA,Mortgage,Panama City Beach,FL
A00007840,Jasmine Taylor,53,N,Y,3,MI,Bachelor,Mortgage,Washington,DC
A00002505,Charles Messer,48,N,N,2,MI,High School,Mortgage,Arnold,MD
A00000477,John Knickrehm,29,Y,Y,7,MI,Masters,Rent,Berkeley,CA
A00001723,Jennie Ayala,46,Y,Y,4,MI,College,Own,Nashville,TN
A00008964,Jamie Miles,28,N,Y,3,MI,High School,Rent,Burlington,VT
A00003552,Eula Walp,57,Y,Y,6,MI,High School,Mortgage,Oklahoma City,OK
A00003608,Tony Davis,60,Y,Y,7,LI,High School,Own,Louisville,KY
A00002246,Ronald Diehl,54,N,Y,2,MI,Bachelor,Mortgage,Oakland,CA
A00003448,Susan York,28,Y,Y,3,LI,High School,Own,Arvada,CO
A00009350,Ian Jordan,38,Y,Y,3,MI,Bachelor,Mortgage,Watertown,MA
A00005498,Marguerite Le,46,Y,Y,5,HI,Bachelor,Rent,Anchorage,AK
A00003919,Desiree Mangum,41,Y,Y,6,HI,Bachelor,Rent,Randolph,MA
A00007521,Shannon Amsden,56,Y,Y,2,LI,Bachelor,Own,Midwest City,OK
A00006505,Rosa Karle,40,Y,Y,6,MI,College,Rent,Fayetteville,AR
A00002950,William Garroutte,52,Y,Y,6,MI,High School,Own,Westmore,VT
A00004032,Alma Lopez,28,N,Y,3,MI,PhD,Own,Panama City,FL
A00003875,Dale Kelemen,59,Y,Y,6,MI,NA,Own,Glendale,AZ
A00008338,Alberto Jeffery,40,N,Y,5,HI,High School,Own,Savannah,GA
A00009978,Paul Mitchell,63,N,N,7,LI,Bachelor,Rent,Arvada,CO
A00006756,Phyllis Simpson,35,Y,N,4,HI,Bachelor,Mortgage,Swanton,VT
A00003535,John Cordes,30,Y,Y,5,MI,Bachelor,Own,Anchorage,AK
A00009697,Willie William,61,Y,Y,7,MI,NA,Rent,Fayetteville,AR
A00009764,Michelle Hope,25,Y,Y,4,HI,Bachelor,Mortgage,Manchester,CT
A00001842,Hubert Wilson,46,N,Y,7,HI,High School,Rent,Anchorage,AK
A00000761,Rebecca Vasta,45,Y,Y,4,HI,High School,Rent,Wolcott,VT
A00000161,Geraldine Craig,51,Y,Y,3,LI,College,Rent,Quincy,MA
A00008994,Debra Martinez,53,Y,Y,3,HI,College,Mortgage,Savannah,GA
A00001934,David Will,61,N,Y,5,MI,Bachelor,Rent,Anchorage,AK
A00004543,Marie Rameriz,51,Y,N,4,LI,High School,Rent,Nashville,TN
A00009938,Carol Puffer,37,N,Y,4,MI,Masters,Mortgage,Manchester,CT
A00008573,James Shaw,43,Y,Y,4,LI,Bachelor,Mortgage,Manchester,CT
A00008999,Al Blair,28,Y,Y,6,LI,College,Rent,Moore,OK
A00000756,Timothy Mcgrath,50,N,Y,4,HI,Bachelor,Mortgage,Arvada,CO
A00006144,Ana Garcia,44,Y,Y,3,MI,High School,Own,Gambrills,MD
A00001913,Juanita Lyles,41,Y,Y,2,HI,High School,Rent,Glendale,AZ
A00005842,John Arender,25,N,Y,6,LI,Bachelor,Rent,Pismo Beach,CA
A00005887,Ann Hasse,33,N,Y,2,MI,MD,Rent,Nashville,TN
A00009207,Rosa Nielsen,59,Y,N,6,LI,Masters,Mortgage,Washington,DC
A00001297,Barbara Mckee,28,N,Y,6,LI,High School,Own,Westminster,CO
A00007054,Michael Hernandez,35,Y,Y,6,MI,Bachelor,Rent,Oak Bluffs,MA
A00004337,Glenn Marion,63,Y,N,2,MI,College,Rent,Washington,DC
A00004056,Carol Heifner,58,Y,Y,6,LI,Masters,Mortgage,Montgomery,AL
A00008492,Darryl Stowe,63,N,Y,2,MI,High School,Mortgage,Louisville,KY
A00005473,Lydia Merrill,52,N,Y,7,LI,MD,Mortgage,Oklahoma City,OK
A00001877,William Hansen,33,Y,Y,6,LI,PhD,Rent,Louisville,KY
A00005521,George Giacchino,30,Y,Y,3,LI,Masters,Rent,Woodford,VT
A00009228,Gwen Scott,37,Y,Y,7,HI,PhD,Rent,Greeley,CO
A00009444,Joseph Royal,32,Y,N,7,LI,Bachelor,Rent,Nashville,TN
A00003909,Jordan Earwood,56,Y,Y,5,MI,Bachelor,Own,Annapolis,MD
A00007260,Carmen Miller,61,Y,Y,7,MI,Bachelor,Mortgage,Savannah,GA
A00009479,Mary Young,53,Y,Y,5,LI,Bachelor,Own,Pooler,GA
A00001316,Kathleen Maroun,47,Y,Y,5,LI,Bachelor,Mortgage,Glendale,AZ
A00007919,Lucas Newton,50,N,Y,7,LI,College,Mortgage,Savannah,GA
A00003026,Jeffrey Millan,37,Y,Y,7,MI,NA,Mortgage,Fayetteville,AR
A00007969,Maria Menotti,58,Y,Y,4,MI,Bachelor,Mortgage,Panama City,FL
A00000554,Gerald Weatherford,27,Y,Y,7,HI,Masters,Mortgage,North Reading,MA
A00006717,John Torrez,33,Y,Y,2,MI,MD,Rent,Glendale,AZ
A00003893,Marshall Gonzalez,47,N,Y,5,HI,High School,Rent,Farmington,AR
A00003444,Daniel Castello,34,N,Y,7,LI,Bachelor,Rent,Norman,OK
A00002213,Edward Simmons,45,Y,Y,5,LI,Bachelor,Rent,Hanover,MD
A00003824,Annette Booth,58,Y,Y,2,MI,High School,Mortgage,Nashville,TN
A00007141,Walter Phillips,52,Y,N,5,LI,High School,Own,Fayetteville,AR
A00002943,Karen Hannigan,35,Y,Y,2,MI,Bachelor,Rent,Tewksbury,MA
A00007564,Cornelius Podesta,28,N,N,4,HI,College,Own,Lynn Haven,FL
A00008502,Tommye Kendall,37,Y,Y,5,LI,Bachelor,Own,Washington,DC
A00007982,Alexandra Davis,53,Y,Y,4,HI,Bachelor,Mortgage,West River,MD
A00002325,Jane Fierst,34,N,N,5,HI,High School,Rent,Washington,DC
A00008903,Jean Courtney,50,Y,Y,5,MI,Bachelor,Rent,Colchester,VT
A00002446,Robert Moton,26,Y,N,5,MI,College,Rent,Arvada,CO
A00002277,Abigail Wiersma,28,Y,Y,7,MI,Bachelor,Rent,Riverview,FL
A00009032,Yan Money,59,Y,Y,2,HI,Bachelor,Rent,Louisville,KY
A00000055,Susan Mckay,26,Y,Y,5,LI,High School,Rent,Oklahoma City,OK
A00006583,Michael Murdock,35,Y,Y,5,HI,Bachelor,Mortgage,Montgomery,AL
A00005483,Johnnie Sur,47,Y,Y,6,LI,Bachelor,Mortgage,Linthicum Heights,MD
A00000601,Thomas Mellinger,64,Y,Y,3,MI,High School,Rent,Oklahoma City,OK
A00002109,Rodger Podbielski,56,N,Y,2,MI,Bachelor,Mortgage,Panama City Beach,FL
A00005457,Diane Roe,59,Y,N,2,MI,Bachelor,Rent,Washington,DC
A00007747,Cecil Davis,46,Y,Y,5,HI,Bachelor,Mortgage,Nashville,TN
A00003469,John Ceraos,38,Y,Y,2,MI,PhD,Rent,Southport,FL
A00009027,Suk Lloyd,43,Y,Y,6,LI,High School,Rent,Montgomery,AL
A00007310,Betty Ellis,58,N,Y,7,HI,Bachelor,Rent,Anchorage,AK
A00003256,William Padgett,46,Y,N,2,MI,Masters,Rent,Chelmsford,MA
A00004083,James Kurohara,44,Y,Y,6,MI,College,Own,Pooler,GA
A00006209,Rose Dirickson,49,N,Y,2,LI,High School,Mortgage,Cupertino,CA
A00005156,Connie Greene,47,Y,Y,7,MI,MD,Own,Nashville,TN
A00003097,Patricia Anders,32,Y,Y,7,LI,Bachelor,Mortgage,Hayward,CA
A00000447,Ellie Rhodes,30,Y,Y,2,HI,Bachelor,Own,Arvada,CO
A00004589,Travis Louis,51,N,Y,7,MI,College,Own,Glendale,AZ
A00008288,Marion Coffey,37,N,Y,5,HI,High School,Own,Pasadena,MD
A00000804,William Zeigler,32,Y,Y,7,MI,High School,Rent,Nashville,TN
A00008944,Charles Turman,28,N,Y,3,LI,Bachelor,Own,Fayetteville,AR
A00006229,Malcolm Fulton,63,N,N,5,HI,College,Own,Manchester,CT
A00006354,Lillian Dewitt,53,N,Y,5,MI,Bachelor,Mortgage,San Leandro,CA
A00006913,Keith Coombs,34,Y,Y,6,LI,Bachelor,Rent,Savannah,GA
A00005710,Gary Perkins,50,Y,Y,6,MI,MD,Rent,Fayetteville,AR
A00005425,Amanda Fletcher,39,Y,Y,4,LI,Masters,Rent,Laurel,MD
A00007669,Warren Sawyer,46,Y,Y,2,LI,Bachelor,Mortgage,Montgomery,AL
A00009116,John Flores,48,Y,Y,2,MI,MD,Mortgage,Newport,VT
A00004909,Kelly Stamm,36,Y,Y,6,MI,High School,Rent,Glendale,AZ
A00000009,Travis Brazil,54,Y,Y,4,HI,Bachelor,Mortgage,Pooler,GA
A00003241,Raymond Ramos,64,Y,Y,2,LI,College,Mortgage,Wakefield,MA
A00002964,Nancy Whittle,33,Y,Y,7,HI,Masters,Own,Fayetteville,AR
A00007378,Whitney Byers,25,Y,Y,6,LI,Bachelor,Mortgage,Oklahoma City,OK
A00009394,Jessica Fusco,58,N,Y,5,LI,PhD,Own,Arvada,CO
A00005917,Mary Jenkins,34,Y,Y,5,HI,Bachelor,Rent,Manchester,CT
A00000424,Adelle Lizarraga,27,Y,Y,3,MI,College,Mortgage,Panama City,FL
A00009878,Desmond Moore,50,Y,Y,4,HI,College,Own,Shady Side,MD
A00006047,Brenda Rodriguez,52,N,Y,5,LI,Masters,Rent,Norton,MA
A00002118,Jesus Yang,47,N,Y,3,LI,High School,Rent,Montgomery,AL
A00003167,Scott Cheek,40,Y,Y,2,HI,High School,Rent,Nashville,TN
A00009229,Leslie Stokes,33,Y,Y,3,HI,Bachelor,Rent,Oklahoma City,OK
A00008857,Crystal Taylor,41,Y,N,6,LI,Masters,Rent,Nashville,TN
A00000967,Judy Clemmer,33,Y,Y,4,MI,MD,Mortgage,Savannah,GA
A00009413,Crystal Shively,45,Y,Y,3,MI,Bachelor,Rent,Montgomery,AL
A00008698,Margaret Parker,44,N,Y,2,HI,NA,Mortgage,Washington,DC
A00005459,Dale Richey,29,Y,Y,7,MI,Bachelor,Rent,Louisville,KY
A00008939,Luisa Marshall,58,N,Y,2,HI,NA,Mortgage,Annapolis,MD
A00004034,Roy Taylor,35,Y,Y,5,HI,College,Mortgage,Nashville,TN
A00003917,Ana Finney,62,Y,N,3,MI,Bachelor,Rent,Washington,DC
A00003340,Kenneth Thomas,44,Y,Y,6,HI,College,Mortgage,Louisville,KY
A00008594,David Smith,51,Y,Y,3,LI,Bachelor,Rent,Pasadena,MD
A00000224,Christopher Socha,49,N,Y,2,MI,NA,Rent,Anchorage,AK
A00009136,Margarita Brown,48,Y,Y,5,LI,Bachelor,Rent,Manchester,CT
A00009137,Ryan Daniels,55,N,Y,6,LI,College,Own,Dartmouth,MA
A00000079,Rita Cramblit,31,N,Y,3,MI,High School,Rent,Glendale,AZ
A00008412,Tena Bascomb,27,Y,Y,5,HI,College,Mortgage,Anchorage,AK
A00009736,Timothy Cazares,42,Y,Y,4,MI,MD,Rent,Arvada,CO
A00000848,Hazel Ferris,50,N,Y,2,MI,PhD,Mortgage,Anchorage,AK
A00001251,Lou Preston,42,Y,Y,7,HI,Bachelor,Mortgage,Watertown,MA
A00006579,Christina Childress,63,Y,Y,5,MI,Bachelor,Mortgage,Louisville,KY
A00003211,Hortense Parker,48,N,Y,7,LI,High School,Rent,Riva,MD
A00006247,Lynne Davis,32,N,Y,5,MI,Masters,Own,Savannah,GA
A00007851,Marjorie Alston,26,Y,Y,6,LI,Bachelor,Own,Port Charlotte,FL
A00006653,Alvaro Mcglade,44,Y,Y,6,HI,High School,Mortgage,Nashville,TN
A00001212,Vanessa Gildersleeve,49,N,Y,4,MI,College,Mortgage,Oklahoma City,OK
A00005965,Kara Walton,46,Y,Y,4,MI,Bachelor,Rent,Manchester,CT
A00002584,John Phipps,33,Y,Y,2,MI,Bachelor,Rent,Nashville,TN
A00003733,Audrey Howell,48,Y,Y,2,MI,Bachelor,Mortgage,Litchfield Park,AZ
A00003104,Nancy Malloy,28,N,N,4,MI,MD,Mortgage,Anchorage,AK
A00009771,Sharon Lairy,33,Y,Y,3,MI,Bachelor,Rent,Arvada,CO
A00008427,Brad Brasure,45,Y,N,4,MI,Bachelor,Own,Fayetteville,AR
A00005863,Carolyn Preciado,48,Y,N,7,MI,Bachelor,Own,Nashville,TN
A00007650,Ryan Duffy,59,Y,N,5,LI,High School,Own,Glen Burnie,MD
A00003025,Lloyd Shupe,55,N,Y,6,MI,Bachelor,Own,Glendale,AZ
A00008121,Lena Stewart,43,Y,Y,4,MI,Bachelor,Own,Rancho Palos Verdes,CA
A00005424,Lydia Hopkins,62,Y,Y,4,MI,MD,Rent,Nashville,TN
A00008062,Mary Vanakin,48,Y,Y,4,LI,Bachelor,Rent,Edmond,OK
A00004139,John Hoyer,30,N,Y,6,HI,PhD,Mortgage,Anchorage,AK
A00007244,Monica Gardner,27,Y,Y,7,LI,Masters,Mortgage,Nichols Hills,OK
A00008027,Dennis Bicknell,56,N,Y,6,HI,Bachelor,Mortgage,Washington,DC
A00007822,Zachary Terra,29,Y,Y,7,LI,PhD,Rent,Annapolis,MD
A00003818,Jacqueline Simpson,47,N,Y,5,MI,High School,Own,Oklahoma City,OK
A00003160,Gilbert Foley,26,Y,Y,7,MI,Bachelor,Mortgage,Manchester,CT
A00003404,Phyllis Marco,49,Y,Y,7,HI,Bachelor,Rent,Pooler,GA
A00002811,John Reyna,27,N,Y,5,MI,Masters,Rent,Washington,DC
A00005700,Sheryl Singleton,48,Y,Y,7,LI,High School,Mortgage,Panama City,FL
A00000684,Edna Armstrong,61,N,Y,4,MI,Masters,Mortgage,Savannah,GA
A00000891,Edward Davis,61,Y,Y,2,HI,High School,Rent,Washington,DC
A00006008,Renee Stevens,64,Y,Y,6,MI,College,Own,Glendale,AZ
A00007904,Yvonne Cooper,53,Y,Y,6,LI,High School,Own,Washington,DC
A00003570,Marcus Leblanc,30,Y,Y,7,MI,Masters,Own,Nashville,TN
A00002288,Harold Kiffer,48,N,Y,5,LI,Masters,Own,Anchorage,AK
A00000536,Susannah Blaine,33,Y,Y,2,HI,Bachelor,Rent,Nashville,TN
A00000783,Hien Ritchie,47,Y,N,5,HI,College,Mortgage,Davis,CA
A00002955,Lillian Carraway,46,N,Y,4,MI,Bachelor,Mortgage,Louisville,KY
A00004574,Teresa Montondo,52,N,Y,2,MI,MD,Rent,Glendale,AZ
A00004624,Jeffrey Benner,57,Y,N,5,MI,High School,Mortgage,Fayetteville,AR
A00009204,Charles Claussen,50,N,Y,4,MI,Bachelor,Rent,Methuen,MA
A00007049,Loren Mulder,61,Y,Y,2,LI,NA,Rent,Panama City Beach,FL
A00000010,Christopher Singletary,53,N,Y,3,MI,Bachelor,Mortgage,Louisville,KY
A00006291,Tonia Simmons,53,N,Y,7,LI,Bachelor,Rent,Panama City,FL
A00007757,Ashley George,42,Y,Y,4,MI,Masters,Rent,Brentwood,TN
A00004893,Samuel Lind,34,Y,Y,2,HI,College,Mortgage,Washington,DC
A00004098,Geneva Ferraro,43,N,Y,4,MI,Bachelor,Rent,Louisville,KY
A00005263,Elizabeth Wilson,36,Y,Y,3,HI,College,Rent,Arvada,CO
A00002910,Sue Paulson,62,N,Y,2,MI,Bachelor,Own,San Leandro,CA
A00003764,Frank Morton,43,Y,Y,4,MI,PhD,Rent,Fayetteville,AR
A00002936,Joseph Gilbert,52,Y,Y,3,MI,High School,Mortgage,Anchorage,AK
A00002404,Joel Mcmullen,25,N,Y,5,MI,PhD,Mortgage,Washington,DC
A00003794,Bradley Green,39,Y,N,3,MI,College,Rent,Panama City,FL
A00002909,Gloria Viray,49,N,N,5,HI,High School,Own,Manchester,CT
A00000043,Arthur Silva,34,Y,Y,7,MI,NA,Rent,Arvada,CO
A00000532,Myrtle Silverstein,63,Y,Y,3,MI,Masters,Mortgage,Millis,MA
A00007164,Cynthia Osborn,40,N,Y,4,MI,PhD,Mortgage,Savannah,GA
A00005456,Linda Moore,39,Y,Y,5,MI,PhD,Rent,Anchorage,AK
A00003060,Lourdes Jefferson,53,N,Y,7,LI,High School,Mortgage,Fayetteville,AR
A00001830,Michael Krampitz,56,Y,Y,5,HI,Masters,Own,Montgomery,AL
A00006005,Norma Christner,43,Y,Y,6,MI,Bachelor,Own,Panama City Beach,FL
A00003649,Shauna Nava,39,Y,Y,2,HI,Bachelor,Mortgage,Burlington,VT
A00008942,Mike Robert,35,Y,Y,5,HI,Masters,Mortgage,Milford,MA
A00002796,Lonnie Carrier,42,Y,Y,4,HI,High School,Mortgage,Anchorage,AK
A00007577,Michael Field,52,Y,N,6,MI,NA,Mortgage,Oklahoma City,OK
A00009287,Louis Martinez,40,Y,Y,4,HI,Bachelor,Rent,Montgomery,AL
A00004665,Lawrence Rodriguez,29,N,Y,6,MI,PhD,Mortgage,Dartmouth,MA
A00007140,Betty Morehead,28,Y,Y,2,MI,MD,Mortgage,Fayetteville,AR
A00005431,Ralph Mello,46,N,Y,7,LI,High School,Mortgage,Panama City,FL
A00000600,Marie Lank,52,Y,Y,2,MI,Bachelor,Rent,Panama City,FL
A00005897,Ladonna Gray,59,N,Y,4,MI,High School,Own,Ardmore,OK
A00008285,Willie Webb,54,N,Y,4,HI,Masters,Rent,Panama City,FL
A00000356,Margaret Sargent,37,Y,N,7,MI,High School,Mortgage,North Little Rock,AR
A00007112,Andrew Stewart,52,N,Y,4,MI,Bachelor,Own,Gardner,MA
A00006397,Jeremiah Thorpe,33,Y,Y,7,HI,Bachelor,Mortgage,Savannah,GA
A00008822,Dominick Croom,34,N,Y,5,LI,Masters,Mortgage,Savannah,GA
A00002474,Marcus Caron,26,N,Y,2,HI,Bachelor,Mortgage,Annapolis,MD
A00008433,Robert Davidson,43,Y,Y,5,MI,College,Mortgage,Arvada,CO
A00004430,Marie Johnson,55,Y,Y,6,MI,College,Mortgage,Manchester,CT
A00008029,Peggy Brown,30,Y,Y,2,MI,PhD,Rent,Glendale,AZ
A00000192,Mac Offerdahl,57,Y,Y,5,HI,High School,Rent,Arvada,CO
A00007970,Jeff Nieto,47,N,Y,6,LI,Bachelor,Mortgage,Pooler,GA
A00005923,Steve Sain,50,Y,Y,7,MI,Bachelor,Rent,Oakland,CA
A00006873,Imogene Salinas,34,Y,N,6,HI,Bachelor,Mortgage,Anchorage,AK
A00003828,Mildred Johnson,62,N,Y,2,LI,College,Rent,Arvada,CO
A00005476,Andrew Garcia,58,N,Y,6,LI,College,Mortgage,Salem,MA
A00006986,David Hopkins,54,N,Y,5,LI,Bachelor,Mortgage,Annapolis,MD
A00004783,Matthew Mahn,60,N,Y,5,LI,Bachelor,Mortgage,Carlsbad,CA
A00009582,Elaine Barrett,35,N,Y,3,HI,High School,Own,Glendale,AZ
A00008684,Sandra Reynolds,63,Y,Y,3,LI,Bachelor,Mortgage,Sacramento,CA
A00000818,Verna Leclaire,50,Y,Y,5,LI,High School,Mortgage,Saint Albans City,VT
A00006685,Nicole Barnes,25,Y,Y,6,LI,Bachelor,Own,Oklahoma City,OK
A00009357,Horace Hendrickson,48,Y,Y,4,HI,PhD,Rent,Fayetteville,AR
A00007991,Jose Zeck,34,Y,Y,6,MI,High School,Own,Montgomery,AL
A00002271,Robert Rodriguez,30,Y,Y,2,MI,High School,Mortgage,Washington,DC
A00005988,Greg Gonzalez,35,Y,N,2,LI,High School,Own,Castro Valley,CA
A00007369,Calvin Eichelberger,42,Y,Y,7,MI,Masters,Mortgage,Washington,DC
A00005028,Diane Freeman,59,N,Y,4,MI,College,Own,Burlington,VT
A00004759,Arthur Leathers,37,Y,N,3,MI,High School,Own,Anchorage,AK
A00005561,Joyce Garcia,45,N,Y,6,MI,Bachelor,Mortgage,Groton,CT
A00002828,Timothy Gabriele,38,Y,Y,7,MI,College,Rent,Oakland,CA
A00009899,Dorothy Mortimer,30,Y,Y,3,LI,Masters,Rent,Spencer,OK
A00007367,Rachel Mcculough,62,Y,Y,3,LI,Bachelor,Mortgage,Washington,DC
A00002417,Myrtle Orabuena,26,Y,Y,2,HI,Masters,Mortgage,Middleborough,MA
A00008186,James Hobbs,35,Y,Y,7,HI,College,Mortgage,Washington,DC
A00006800,Bernard Dillow,53,N,Y,5,LI,NA,Rent,Fayetteville,AR
A00008717,Kevin Walker,33,Y,Y,5,LI,NA,Rent,Edgewater,MD
A00000518,Mirta Sturdivant,45,Y,Y,3,HI,NA,Rent,Anchorage,AK
A00007144,Keith Ammon,59,Y,Y,4,MI,High School,Rent,Anchorage,AK
A00009864,Melva Ramirez,36,Y,Y,5,MI,High School,Rent,Edmond,OK
A00002764,Tony Hunter,36,Y,Y,5,MI,Masters,Mortgage,Savannah,GA
A00000164,Donald Caron,42,Y,Y,2,HI,MD,Own,Santa Cruz,CA
A00004523,Brian Lewis,31,N,Y,5,MI,Bachelor,Mortgage,Arvada,CO
A00002269,Arthur Devaney,42,Y,Y,5,MI,Bachelor,Mortgage,Washington,DC
A00004888,Gloria Haigh,51,Y,Y,2,HI,Bachelor,Mortgage,Washington,DC
A00002632,Sandra Johnson,28,Y,N,3,MI,NA,Mortgage,Savannah,GA
A00000180,Yolanda Beek,49,Y,Y,6,MI,Masters,Rent,Panama City,FL
A00005437,Christopher Emery,59,N,Y,7,MI,Masters,Own,Goodlettsville,TN
A00003785,Doris Tongue,31,Y,Y,2,HI,Bachelor,Rent,Nashville,TN
A00009495,Virgil Buker,47,Y,Y,3,MI,High School,Own,Nashville,TN
A00007494,Pearl Nickles,38,Y,Y,5,MI,Masters,Rent,Manchester,CT
A00004419,Patricia Bingler,52,N,N,3,MI,MD,Mortgage,Fremont,CA
A00005704,Von Wolfe,34,N,Y,4,LI,College,Own,Manchester,CT
A00002397,Mark Jones,60,N,Y,6,MI,Bachelor,Mortgage,Jeffersontown,KY
A00001617,Jennifer Walsh,37,Y,Y,6,MI,Bachelor,Own,Anchorage,AK
A00009627,Dorothy Hart,49,Y,Y,7,LI,Bachelor,Rent,Fayetteville,AR
A00000108,David Love,56,Y,Y,2,LI,Masters,Own,Fountain,FL
A00000751,Arthur Sullivan,59,Y,Y,3,LI,MD,Mortgage,Glendale,AZ
A00002706,Joseph Caughey,61,Y,N,3,LI,Bachelor,Rent,Glendale,AZ
A00004554,Joseph Mesta,44,Y,Y,5,LI,Bachelor,Own,Newton,MA
A00004857,Joshua Mccann,51,Y,Y,4,HI,Bachelor,Rent,Anchorage,AK
A00000242,James Peters,50,Y,Y,7,MI,Bachelor,Mortgage,Panama City,FL
A00000591,John James,32,N,Y,4,HI,High School,Mortgage,Montgomery,AL
A00008195,Tracy Torres,42,N,Y,7,MI,High School,Own,Oakland,CA
A00000625,Linda Grosz,40,Y,Y,3,LI,NA,Mortgage,Annapolis,MD
A00000993,Mary Barnett,54,Y,Y,2,HI,Bachelor,Mortgage,Colchester,VT
A00001056,Kimberly Walks,57,N,Y,5,MI,Bachelor,Own,Farmington,AR
A00009916,William Bray,53,N,Y,5,MI,NA,Mortgage,Litchfield Park,AZ
A00006635,Julia Ganser,50,N,Y,6,MI,High School,Mortgage,Cupertino,CA
A00003693,Lisa Rosario,57,Y,Y,3,LI,Bachelor,Mortgage,Anchorage,AK
A00004524,Rogelio Joseph,50,Y,Y,4,LI,PhD,Rent,Millersville,MD
A00004444,Dorothy Williams,62,Y,Y,6,MI,College,Rent,Soda Springs,CA
A00004454,Vanessa Bellamy,47,N,N,6,MI,High School,Own,Calhoun,GA
A00002708,Jacqueline Lockett,49,Y,Y,4,MI,NA,Rent,Hayward,CA
A00001096,Marvin Ulrich,54,Y,Y,3,HI,High School,Own,Port Wentworth,GA
A00007246,Rebecca Taylor,63,Y,Y,2,LI,Masters,Mortgage,Oakland,CA
A00008537,Jacqueline Wilkinson,28,Y,Y,2,MI,Bachelor,Rent,Louisville,KY
A00002881,Sybil Mantini,49,Y,Y,6,MI,Bachelor,Own,Fayetteville,AR
A00000056,Hilda Bianchi,35,N,Y,4,HI,Bachelor,Mortgage,Savannah,GA
A00009187,Reginald Lewis,39,Y,Y,2,HI,Bachelor,Rent,Manchester,CT
A00007832,Brooke Lane,33,Y,Y,7,LI,MD,Mortgage,Arvada,CO
A00000542,Ted Alvarado,55,N,Y,2,MI,High School,Own,Louisville,KY
A00009261,Mary Lamarche,61,N,Y,3,LI,Masters,Mortgage,Berkeley,CA
A00002968,Helen Craze,55,Y,Y,3,MI,NA,Own,Montgomery,AL
A00003145,Christian Mason,27,Y,Y,6,LI,PhD,Rent,Berkeley,CA
A00006527,Michael Otoole,64,Y,N,7,MI,Bachelor,Own,Nashville,TN
A00001763,Thomas Cummings,55,N,N,2,HI,Bachelor,Own,Brooklyn Park,MD
A00003725,Robert Canady,33,N,Y,6,HI,Bachelor,Own,Longmeadow,MA
A00007489,Claude Harrington,61,Y,Y,5,LI,Bachelor,Rent,Manchester,CT
A00004688,Omar Keithly,62,N,Y,4,MI,High School,Mortgage,Manchester,CT
A00005096,Mildred Gallegos,27,Y,Y,5,HI,High School,Own,Arvada,CO
A00005079,Pamela Luby,30,Y,Y,7,LI,Bachelor,Mortgage,Conway,AR
A00009274,Ernest Vela,32,Y,Y,3,LI,NA,Rent,Fountain,FL
A00006958,Luis Raymond,42,Y,Y,5,MI,Bachelor,Rent,Washington,DC
A00005188,Jonathan Curtis,29,N,Y,3,HI,Bachelor,Rent,Mount Tabor,VT
A00007538,John Delaney,48,Y,Y,3,LI,PhD,Rent,Norman,OK
A00002661,Min Teal,64,Y,Y,2,HI,High School,Mortgage,Manchester,CT
A00003680,Kathleen Fields,30,Y,Y,6,MI,Bachelor,Own,Arvada,CO
A00006157,Anthony Mayo,60,Y,Y,2,MI,MD,Mortgage,Moore,OK
A00005662,Laura Imperial,37,Y,Y,5,LI,Masters,Mortgage,Fayetteville,AR
A00000449,Lillian Bemis,25,Y,Y,5,MI,Bachelor,Rent,Oakland,CA
A00001345,Helen Acquaviva,46,Y,Y,7,MI,Bachelor,Rent,Fayetteville,AR
A00000193,Gary Enciso,63,N,N,3,HI,MD,Rent,Arvada,CO
A00009910,Tasha Bolds,61,Y,Y,5,MI,College,Own,Arvada,CO
A00002981,Christopher Zuchowski,55,N,Y,2,MI,High School,Mortgage,Lynnfield,MA
A00006872,Lesia Smith,52,N,Y,3,HI,Bachelor,Mortgage,San Leandro,CA
A00007375,Jessie Stamm,46,Y,Y,4,LI,PhD,Own,Saint Albans City,VT
A00002009,Geraldine Carroll,33,N,Y,2,LI,High School,Own,Arvada,CO
A00008770,Pearlie Galvez,35,Y,Y,6,LI,College,Rent,Washington,DC
A00003647,Craig Brown,62,Y,Y,6,HI,College,Rent,Washington,DC
A00002468,Lorri Whitefield,39,Y,Y,5,MI,Bachelor,Own,Spencer,OK
A00007443,Marvin Salamy,29,Y,Y,6,HI,College,Mortgage,Manchester,CT
A00003078,Priscilla Wright,49,Y,Y,5,LI,Bachelor,Mortgage,Manchester,CT
A00007293,Todd Kelley,63,Y,Y,6,LI,High School,Mortgage,Montgomery,AL
A00006319,Thomas Burnham,33,Y,Y,5,MI,PhD,Mortgage,Montgomery,AL
A00008635,Alberta Powell,53,Y,Y,3,MI,Bachelor,Rent,Louisville,KY
A00009862,Ginger Gurnett,26,N,Y,6,HI,PhD,Own,Louisville,KY
A00009414,Corey Monford,60,N,Y,4,MI,Bachelor,Own,Manchester,CT
A00006113,Glenn Jennings,31,Y,Y,7,LI,Masters,Own,Nashville,TN
A00002176,Richard Bush,62,Y,Y,4,HI,Bachelor,Own,Pasadena,MD
A00007173,Cynthia Harris,40,Y,Y,5,LI,High School,Own,Glen Burnie,MD
A00007856,Glenna Stevens,34,N,Y,4,LI,High School,Own,Nashville,TN
A00007761,Ava Robles,37,Y,Y,7,MI,Bachelor,Rent,Fayetteville,AR
A00003410,Betty Chang,39,N,Y,6,MI,High School,Mortgage,Montgomery,AL
A00002210,Susan Overbaugh,50,Y,Y,6,LI,Bachelor,Mortgage,Charlton,MA
A00003120,Patrick Santillan,31,N,Y,4,HI,College,Rent,Louisville,KY
A00007583,Edna Mayse,51,Y,Y,4,LI,High School,Own,Sheffield,VT
A00002383,Jay Mccluskey,25,N,Y,6,MI,Bachelor,Own,Savannah,GA
A00007264,Carmela Hiebert,52,N,Y,3,LI,Bachelor,Rent,Savannah,GA
A00003343,Jimmy Whaley,50,Y,Y,3,MI,Bachelor,Mortgage,Westmore,VT
A00004182,Maribel Jackson,56,Y,Y,4,MI,PhD,Mortgage,Savannah,GA
A00008168,Norma Forsman,63,N,Y,7,MI,High School,Mortgage,Savannah,GA
A00002139,David Ashley,64,Y,Y,7,HI,College,Rent,Savannah,GA
A00002012,Kenny Beaty,57,Y,Y,7,LI,NA,Mortgage,Glendale,AZ
A00009511,Walter Martin,40,N,Y,6,MI,Bachelor,Mortgage,Arlington,MA
A00004311,Joel Barks,60,N,Y,5,HI,High School,Own,Brimfield,MA
A00008331,Sheila King,40,N,Y,6,MI,High School,Rent,Oakland,CA
A00008434,Joseph Saylor,28,Y,Y,5,MI,College,Rent,Savannah,GA
A00001899,Christopher Sackal,52,Y,Y,2,MI,High School,Own,Midwest City,OK
A00008018,Mireille Turner,52,Y,Y,2,LI,Bachelor,Own,Norman,OK
A00007786,Robert Quintanilla,28,Y,Y,6,LI,College,Rent,Manchester,CT
A00003941,Julio Eakins,27,Y,Y,7,MI,NA,Mortgage,Fayetteville,AR
A00002538,Lorena Ansbro,25,Y,Y,6,LI,Bachelor,Rent,Montgomery,AL
A00005279,Rebecca Gooding,54,Y,Y,6,MI,Bachelor,Mortgage,Washington,DC
A00004616,Carla Morton,47,Y,Y,6,LI,Bachelor,Rent,,VT
A00006148,James Hudson,29,Y,Y,6,MI,High School,Rent,Mountain View,CA
A00001012,Jessica Moore,35,N,Y,5,MI,High School,Mortgage,Glendale,AZ
A00008560,Kristen Rodriguez,44,Y,Y,4,LI,High School,Own,Montgomery,AL
A00007533,Juana Moran,40,N,Y,5,HI,Bachelor,Own,Anchorage,AK
A00007428,Katherine Mckay,64,Y,Y,7,MI,MD,Mortgage,Manchester,CT
A00004945,Dean Casbarro,46,Y,Y,4,LI,PhD,Own,Severna Park,MD
A00004331,Michael Salazar,40,N,Y,3,HI,High School,Rent,Louisville,KY
A00003839,Charles Wasilewski,58,Y,Y,7,LI,Bachelor,Own,Aurora,CO
A00009987,Renee Baskerville,28,Y,Y,3,LI,Bachelor,Mortgage,Severn,MD
A00003610,Dora Christensen,38,N,Y,6,MI,High School,Mortgage,Lynn Haven,FL
A00008837,Dennis Stoute,54,Y,Y,3,MI,Bachelor,Mortgage,Davidsonville,MD
A00004915,Faith Ewing,45,Y,Y,3,MI,Bachelor,Own,Louisville,KY
A00005161,Barbara James,34,Y,Y,3,MI,Bachelor,Mortgage,Oklahoma City,OK
A00001306,Donald Guffey,52,Y,Y,4,MI,Bachelor,Rent,Washington,DC
A00005820,Donna White,60,Y,Y,3,HI,PhD,Rent,Fayetteville,AR
A00006216,Mary Mason,46,Y,Y,3,HI,High School,Mortgage,Glendale,AZ
A00000131,Christine Gilbert,62,N,Y,5,LI,MD,Mortgage,Chester,VT
A00007977,Edward Hope,26,N,Y,3,LI,High School,Rent,Washington,DC
A00004600,Mary Costello,41,N,N,7,MI,High School,Rent,Montgomery,AL
A00002406,Michael Lund,64,Y,Y,6,HI,High School,Rent,Groton,CT
A00008582,Leroy Borges,26,Y,Y,4,HI,High School,Rent,Windsor,VT
A00009399,Jessie Keller,60,N,Y,4,LI,Bachelor,Mortgage,Hayward,CA
A00005875,Evelyn Schroeder,27,Y,Y,5,HI,High School,Own,Louisville,KY
A00000817,William Wachtel,30,Y,Y,4,LI,Bachelor,Rent,Washington,DC
A00007704,Evangelina Lemon,27,N,Y,4,HI,Bachelor,Mortgage,Fremont,CA
A00005037,Clifton Collins,40,N,Y,3,LI,Masters,Mortgage,Fayetteville,AR
A00001507,Tammy Roy,54,Y,Y,4,HI,High School,Mortgage,Oklahoma City,OK
A00009022,Frank Albarado,58,Y,Y,7,MI,High School,Mortgage,Panama City Beach,FL
A00003131,Jesse Oldenburg,61,N,Y,4,MI,Bachelor,Rent,Louisville,KY
A00005127,Cindy King,25,Y,Y,3,HI,Bachelor,Mortgage,Manchester,CT
A00002303,Angela Mackenzie,27,N,Y,3,MI,College,Own,Anchorage,AK
A00009788,Valerie Milam,52,Y,Y,2,MI,PhD,Rent,Washington,DC
A00008074,Armand Nay,38,Y,Y,6,MI,Bachelor,Own,Fayetteville,AR
A00000165,Natasha Hartman,45,Y,Y,6,MI,High School,Mortgage,Fayetteville,AR
A00002493,Brian Allen,44,Y,Y,3,LI,NA,Rent,Glendale,AZ
A00007690,Raymond Armstrong,32,N,Y,4,MI,College,Rent,Fremont,CA
A00009826,Annetta Williams,54,N,Y,4,MI,Bachelor,Mortgage,Panama City,FL
A00005453,Shirley Mchenry,36,Y,Y,5,MI,Bachelor,Mortgage,Revere,MA
A00003938,Michael Johnson,41,Y,Y,4,HI,Masters,Rent,Nashville,TN
A00006845,David Varela,42,Y,Y,4,MI,High School,Mortgage,Oklahoma City,OK
A00005621,Janet Soderquist,62,Y,Y,7,MI,High School,Mortgage,Glen Burnie,MD
A00004863,Maria Arrington,44,Y,Y,6,HI,Masters,Own,Fremont,CA
A00006092,Jesse Smith,31,Y,Y,3,MI,High School,Mortgage,Waddell,AZ
A00000913,Barbara Brafman,53,Y,Y,4,MI,High School,Mortgage,Arvada,CO
A00008653,Thomas Edward,31,Y,N,4,MI,Masters,Own,Glendale,AZ
A00008620,Katherine Blaisdell,57,N,Y,6,MI,NA,Own,Montgomery,AL
A00008039,Charles Aguilar,59,Y,Y,4,HI,Bachelor,Rent,Arvada,CO
A00007798,Kim Rogers,30,N,Y,7,LI,Masters,Own,Glendale,AZ
A00006014,Grace Ohta,49,Y,N,3,HI,Bachelor,Own,Manchester,CT
A00000347,Cathy Zhong,47,Y,Y,7,LI,Bachelor,Own,Washington,DC
A00000935,Jason Coates,45,Y,Y,3,MI,College,Own,Louisville,KY
A00005868,Gussie Scheele,50,Y,Y,3,MI,High School,Own,Glendale,AZ
A00000221,Laura Herbert,47,Y,Y,6,LI,NA,Rent,Springfield,MA
A00005065,David Merchant,29,N,Y,5,HI,High School,Rent,Garden City,GA
A00004913,Florence Richter,43,Y,Y,3,HI,MD,Rent,Anchorage,AK
A00002645,Angel Wray,37,N,Y,2,LI,High School,Mortgage,Fayetteville,AR
A00003119,Salvador Wisniewski,43,Y,Y,6,LI,High School,Rent,Glendale,AZ
A00004228,John Huynh,49,Y,Y,2,HI,High School,Mortgage,Montgomery,AL
A00003277,Carl Purvis,56,Y,Y,7,MI,Bachelor,Rent,Fayetteville,AR
A00008233,Tim Booth,45,Y,Y,2,HI,High School,Own,Washington,DC
A00006732,Michael Antonucci,55,Y,Y,5,MI,High School,Own,Savannah,GA
A00006757,Samuel Flowers,54,Y,Y,7,HI,College,Rent,Oklahoma City,OK
A00002341,Antonio Jordan,26,N,Y,3,MI,Bachelor,Own,Savannah,GA
A00005211,Grisel Goodale,46,N,Y,6,HI,Bachelor,Mortgage,Savannah,GA
A00004450,Richard Stindt,33,Y,Y,4,HI,High School,Own,Fayetteville,AR
A00006254,Douglas Wiley,57,Y,Y,4,HI,High School,Own,Arvada,CO
A00008801,Diane Ditullio,31,Y,Y,4,MI,Masters,Rent,Hanover,MD
A00009821,Jeanne Parker,47,Y,Y,2,MI,Bachelor,Rent,Panama City Beach,FL
A00004416,James Clough,42,N,Y,5,MI,Bachelor,Own,Savannah,GA
A00006525,Michelle Mckinney,52,Y,Y,6,MI,High School,Rent,Pasadena,MD
A00008794,Melissa Fuller,58,Y,Y,4,HI,Bachelor,Own,Pasadena,MD
A00007060,Travis Hust,31,N,Y,2,MI,Bachelor,Mortgage,Grand Junction,CO
A00001789,April Webb,54,Y,Y,4,HI,High School,Rent,Montgomery,AL
A00006003,Joseph Albertson,35,Y,Y,6,LI,College,Mortgage,Fayetteville,AR
A00004894,Sarah Gary,36,Y,Y,4,MI,NA,Rent,Nashville,TN
A00000630,Victoria Tate,28,Y,Y,6,HI,Masters,Own,Richford,VT
A00000272,Megan Kimbler,34,Y,Y,6,MI,High School,Rent,Panama City Beach,FL
A00001404,Kendall Cooper,37,Y,Y,7,LI,Masters,Own,Arvada,CO
A00007524,Judith Carroll,51,N,Y,3,MI,High School,Mortgage,Manchester,CT
A00008175,Corey Swanson,30,Y,Y,5,MI,Bachelor,Mortgage,Lowell,MA
A00005735,Paula Bradley,59,Y,Y,6,MI,Bachelor,Mortgage,Annapolis,MD
A00009500,Daniel Johnson,47,Y,Y,2,MI,High School,Rent,Nashville,TN
A00008312,Christopher Maresco,40,Y,Y,4,MI,NA,Mortgage,Glen Burnie,MD
A00006512,James Poloskey,57,Y,Y,6,HI,Bachelor,Mortgage,Arvada,CO
A00004483,Cassie Sellner,49,Y,Y,4,HI,College,Rent,Arvada,CO
A00005239,Seth Sampson,60,Y,Y,3,LI,PhD,Own,Fayetteville,AR
A00006228,Ethel Vierra,31,N,Y,3,MI,Bachelor,Mortgage,Fairfax,VT
A00006603,Kathryn Mallin,39,Y,N,4,HI,NA,Rent,Arvada,CO
A00004694,Meredith Penn,48,N,Y,2,LI,Bachelor,Rent,Louisville,KY
A00006432,Sheila Campbell,63,Y,Y,7,MI,High School,Rent,Fayetteville,AR
A00000543,Daniel Peterson,53,Y,Y,4,LI,High School,Mortgage,Montgomery,AL
A00008996,Earl Slayman,30,Y,Y,7,MI,Bachelor,Mortgage,Anchorage,AK
A00002889,Paul Miles,48,N,Y,2,HI,NA,Own,Rutland,VT
A00006748,Mary Ponder,47,Y,Y,7,LI,Bachelor,Mortgage,Hartford,VT
A00002656,James Cancelliere,32,Y,Y,5,HI,High School,Mortgage,Oklahoma City,OK
A00004265,Arthur Isaksen,28,Y,Y,2,MI,Bachelor,Mortgage,Fayetteville,AR
A00002516,Darryl Lehmann,61,N,Y,4,HI,High School,Rent,Montgomery,AL
A00001334,Joseph Justice,31,Y,N,4,MI,Bachelor,Own,Salem,MA
A00007946,Joshua Burns,57,N,Y,5,LI,Masters,Mortgage,Manchester,CT
A00004257,Elaine Zavala,48,N,Y,3,HI,Bachelor,Own,Anchorage,AK
A00007643,Cristina Walker,39,Y,Y,4,MI,College,Own,Washington,DC
A00003355,Glen Morgan,32,N,Y,4,MI,Bachelor,Mortgage,Louisville,KY
A00008765,Gordon Moran,38,Y,Y,3,HI,High School,Rent,Arvada,CO
A00004339,Jake Perez,60,N,Y,4,LI,Bachelor,Mortgage,Glendale,AZ
A00006819,Carl Roshia,50,Y,Y,2,HI,High School,Own,Arvada,CO
A00005701,Kevin Toliver,48,Y,Y,7,LI,Bachelor,Rent,Marlborough,MA
A00000257,Deloris Bean,37,Y,Y,7,MI,Bachelor,Own,,VT
A00005898,Joel Veronesi,43,N,Y,3,HI,NA,Mortgage,Crofton,MD
A00000492,John Duty,59,Y,Y,6,HI,Bachelor,Own,Fayetteville,AR
A00002530,Keith Collins,34,N,Y,4,HI,NA,Mortgage,Fayetteville,AR
A00002667,Francisco Lastufka,53,Y,Y,4,MI,High School,Mortgage,Manchester,CT
A00009497,Michael Leyva,53,Y,Y,4,LI,Bachelor,Mortgage,Ardmore,OK
A00005889,Alice Wiedemann,48,Y,Y,2,HI,High School,Mortgage,Fayetteville,AR
A00002027,Sharon Downey,64,Y,Y,5,MI,High School,Own,Oklahoma City,OK
A00006474,Alfonzo Ott,40,N,Y,3,MI,Masters,Own,Glen Burnie,MD
A00005346,Loise Smith,25,Y,Y,5,HI,Bachelor,Own,Arvada,CO
A00002835,Donna Gregory,34,Y,Y,5,MI,Bachelor,Rent,Fayetteville,AR
A00001188,Raymond Picard,53,Y,Y,5,HI,High School,Rent,Pooler,GA
A00007191,John Carroll,59,Y,Y,5,MI,Bachelor,Mortgage,Manchester,CT
A00004427,Antonio Armstrong,46,Y,Y,7,MI,High School,Rent,Nashville,TN
A00004981,Michael Moen,64,N,Y,7,MI,College,Rent,Fayetteville,AR
A00008861,George Williams,32,Y,Y,3,MI,PhD,Own,Pasadena,MD
A00007271,Christie Ayres,58,Y,Y,6,LI,Bachelor,Mortgage,Montgomery,AL
A00008092,Justin Petry,29,N,Y,4,MI,Masters,Mortgage,Montevallo,AL
A00002987,Sheila Phillips,34,N,Y,3,LI,Bachelor,Rent,Montgomery,AL
A00001931,Andrea Willison,58,Y,Y,2,LI,NA,Rent,Hayward,CA
A00003735,Mary Bourgeois,27,Y,Y,3,MI,Bachelor,Own,Oroville,CA
A00007963,Anna Frank,26,N,Y,5,LI,PhD,Mortgage,Union City,CA
A00000258,Bessie Daugherty,51,Y,Y,5,LI,Masters,Own,Pooler,GA
A00009728,David Cook,25,N,Y,3,MI,High School,Rent,Arvada,CO
A00000468,Shirley Clary,44,N,N,2,LI,Masters,Rent,Glendale,AZ
A00008529,Jennifer Moon,53,Y,Y,6,LI,Masters,Mortgage,Nashville,TN
A00000510,Esther Draper,51,N,Y,6,HI,College,Mortgage,Livermore,CA
A00003573,Gilbert Stout,30,N,Y,2,MI,PhD,Own,Washington,DC
A00006754,Lillian Mckenzie,53,Y,Y,3,MI,Bachelor,Own,Panama City,FL
A00005117,David Laue,27,N,Y,7,MI,Bachelor,Rent,Quincy,MA
A00000325,Scott Hall,48,Y,Y,5,MI,High School,Mortgage,Manchester,CT
A00003380,Alan Curry,63,Y,Y,5,MI,PhD,Rent,Montgomery,AL
A00002453,Dennis Peachey,55,Y,Y,4,MI,NA,Own,Anchorage,AK
A00008406,William Foreman,48,Y,Y,5,LI,MD,Mortgage,Fayetteville,AR
A00009830,Lisa Anderson,30,Y,Y,3,MI,NA,Mortgage,Anchorage,AK
A00000264,Julia Deubner,49,Y,Y,4,HI,Bachelor,Own,Waddell,AZ
A00002352,Eleanor Gillis,54,N,Y,3,LI,Bachelor,Rent,Arvada,CO
A00000744,Joanne Schoolcraft,41,Y,Y,4,LI,High School,Mortgage,Nashville,TN
A00009726,Gayle Champagne,25,N,Y,2,MI,Bachelor,Rent,Newport,VT
A00002788,Aida Honaker,38,Y,Y,5,HI,College,Mortgage,Louisville,KY
A00005475,Jeffrey Siemering,32,Y,N,6,MI,High School,Mortgage,Pooler,GA
A00003956,Marguerite Mcroy,25,Y,Y,6,LI,Bachelor,Rent,Gardner,MA
A00002795,Mary Strohman,51,Y,Y,5,HI,Masters,Rent,Panama City,FL
A00009982,Bradley Guerrier,53,N,Y,4,MI,Masters,Mortgage,Oklahoma City,OK
A00004973,Salvador Deloy,43,Y,Y,4,MI,High School,Own,Savannah,GA
A00000931,Elizabeth Rubalcava,40,Y,Y,7,LI,Bachelor,Mortgage,Glendale,AZ
A00008681,Christopher Tippin,28,Y,Y,3,HI,MD,Rent,Montgomery,AL
A00003551,Herman Vermillion,28,Y,Y,6,MI,Bachelor,Mortgage,Wolcott,VT
A00005210,Evelyn Walden,32,N,Y,7,MI,MD,Own,Union City,CA
A00004547,Norman Brantley,59,N,N,4,LI,PhD,Rent,Manchester,CT
A00005545,Benjamin Whaley,61,Y,Y,6,HI,High School,Rent,Greenfield,MA
A00002732,Keith Jordan,58,Y,Y,7,MI,NA,Mortgage,Glendale,AZ
A00001080,Natalie Lewis,34,Y,Y,2,HI,High School,Own,Shelburne,VT
A00004011,Sean Font,29,Y,Y,6,MI,Bachelor,Rent,Nashville,TN
A00007932,Phillip Bohorquez,59,Y,Y,7,HI,Bachelor,Own,Warr Acres,OK
A00007959,Teresa Dingmann,40,Y,N,5,LI,Bachelor,Rent,Washington,DC
A00005689,Retta Whittenburg,41,N,Y,7,MI,NA,Rent,Saugus,MA
A00007659,Gail Trotman,27,N,Y,2,MI,College,Mortgage,Glendale,AZ
A00005928,Rachel Jones,56,N,Y,2,LI,Bachelor,Mortgage,Manchester,CT
A00004503,Eloy Riley,35,Y,Y,2,LI,High School,Mortgage,Glen Burnie,MD
A00008146,Linda Flint,39,Y,Y,3,HI,Bachelor,Rent,Montgomery,AL
A00009672,Roger Kuehnle,58,N,Y,6,MI,Bachelor,Rent,Fayetteville,AR
A00005196,Michael Brown,42,Y,Y,4,MI,Bachelor,Rent,Fayetteville,AR
A00007468,June Kluck,27,Y,Y,6,MI,Bachelor,Own,Edmond,OK
A00005208,Molly Fletcher,44,N,Y,3,HI,High School,Mortgage,Manchester,CT
A00008541,Isiah Brubaker,49,N,Y,2,MI,Masters,Rent,Lincoln,CA
A00001412,Lisa Ferry,48,Y,Y,2,MI,Bachelor,Own,Charlotte,VT
A00005511,Linda William,47,Y,Y,5,MI,Bachelor,Rent,Louisville,KY
A00007716,Adrian Vazquez,33,Y,Y,2,MI,MD,Rent,Savannah,GA
A00007098,Joyce Carroll,36,Y,Y,7,LI,Bachelor,Mortgage,Glendale,AZ
A00003503,Denise Mcgaha,61,Y,Y,5,MI,High School,Mortgage,Jeffersontown,KY
A00000524,Heather Ransom,27,Y,Y,2,HI,Bachelor,Rent,Panama City,FL
A00001305,Norman Vasta,64,N,Y,4,MI,Bachelor,Rent,Edgewater,MD
A00003939,Helen Lannon,40,Y,Y,5,HI,Bachelor,Mortgage,Bakersfield,CA
A00007730,Robin Baseler,27,Y,Y,2,LI,Bachelor,Mortgage,Fremont,CA
A00008909,Mariano Pettry,43,Y,Y,4,MI,PhD,Rent,Nashville,TN
A00001171,Sheri Burrows,39,Y,Y,7,HI,High School,Rent,Berkeley,CA
A00009118,Kevin Joseph,42,Y,Y,5,HI,NA,Mortgage,Castro Valley,CA
A00002466,William Kunka,39,Y,Y,2,LI,Bachelor,Mortgage,Panama City,FL
A00001759,Adam Reno,48,Y,Y,2,LI,Bachelor,Rent,Oklahoma City,OK
A00002570,Dorothy Hendricks,53,Y,Y,7,HI,Bachelor,Rent,Glendale,AZ
A00004336,Maryann Staton,44,Y,Y,2,HI,College,Own,Glendale,AZ
A00006573,Connie Robinson,31,Y,Y,7,LI,Masters,Mortgage,Washington,DC
A00005657,John Rubio,56,Y,Y,7,MI,High School,Mortgage,Glendale,AZ
A00003118,Aida Soule,32,Y,N,6,MI,Bachelor,Rent,Panama City Beach,FL
A00008495,Wilma Armstrong,61,Y,Y,5,MI,High School,Mortgage,Savannah,GA
A00009716,Deborah Guerrette,37,Y,N,4,MI,High School,Rent,Manchester,CT
A00004822,Darryl Ayers,44,Y,Y,5,LI,Bachelor,Mortgage,Nashville,TN
A00000147,Juanita Sterner,48,Y,Y,5,HI,Bachelor,Rent,Louisville,KY
A00003152,Joseph Jaramillo,64,Y,Y,4,LI,High School,Mortgage,Louisville,KY
A00001757,Jerome Laborde,26,N,N,5,HI,PhD,Rent,Pueblo,CO
A00006342,Winford Rivers,62,Y,Y,6,HI,Masters,Rent,Savannah,GA
A00003004,Ronald Floto,48,N,Y,7,HI,High School,Own,Hartford,VT
A00001777,Reynaldo Arterbury,59,Y,N,5,MI,High School,Mortgage,Louisville,KY
A00002382,Katie Wentz,47,N,Y,6,HI,Bachelor,Mortgage,Nashville,TN
A00008473,Juan Knowlton,45,Y,Y,2,MI,Bachelor,Rent,Fayetteville,AR
A00009451,Terry Bertram,25,Y,Y,5,MI,Bachelor,Mortgage,Anchorage,AK
A00002420,Marion Graves,34,Y,Y,5,MI,Masters,Own,Pooler,GA
A00004289,Bradley Beiler,47,Y,Y,6,LI,Bachelor,Own,Edmond,OK
A00005676,Nancy Hirsch,31,Y,Y,2,MI,Bachelor,Rent,Oklahoma City,OK
A00007611,Theodore Reagan,36,N,Y,3,HI,Masters,Mortgage,Fremont,CA
A00007909,Eugenie Rossi,54,Y,Y,4,HI,Bachelor,Mortgage,Moore,OK
A00000241,Jewell Standifer,38,Y,Y,7,MI,Masters,Rent,Edmond,OK
A00004380,Victor Ploof,54,Y,Y,2,LI,PhD,Mortgage,Fayetteville,AR
A00003295,Anna Casella,54,Y,Y,7,LI,College,Mortgage,Anchorage,AK
A00008041,Jamie Crisp,38,N,Y,5,MI,NA,Mortgage,Westmore,VT
A00006654,George Shaw,52,Y,Y,3,LI,High School,Mortgage,,MD
A00003006,William Froneberger,46,Y,Y,2,LI,Bachelor,Rent,Southport,FL
A00000133,Thelma Cowan,64,N,Y,6,HI,College,Own,Lynn Haven,FL
A00005548,Nancy Miller,60,Y,Y,3,HI,NA,Mortgage,Savannah,GA
A00007748,Eva Tartaglia,55,N,Y,7,HI,Bachelor,Mortgage,Palmer,MA
A00007253,Cory Ramin,29,Y,N,6,MI,PhD,Own,Oklahoma City,OK
A00009256,Wanda Kato,48,Y,Y,5,MI,High School,Mortgage,Oklahoma City,OK
A00002164,Ashlyn Stokes,63,Y,Y,4,LI,Bachelor,Own,Glendale,AZ
A00006932,Janna Cribbs,25,Y,Y,3,MI,MD,Mortgage,Shelburne,VT
A00007569,Steven Faulk,33,N,Y,5,MI,Bachelor,Rent,Glendale,AZ
A00006682,Andre Whitman,30,Y,N,4,HI,PhD,Rent,Manchester,CT
A00005447,Robert Gaeta,54,N,Y,2,MI,College,Mortgage,Fremont,CA
A00004767,Minnie Lamark,43,N,Y,3,MI,Bachelor,Rent,Berkeley,CA
A00000351,Kyle Murphy,51,N,N,7,LI,High School,Own,Arvada,CO
A00006916,Ian Blow,36,Y,Y,6,MI,Bachelor,Mortgage,Hinesburg,VT
A00008638,Victor Crittle,31,Y,Y,3,LI,High School,Own,Lowell,MA
A00001112,John Lewis,49,Y,Y,7,HI,College,Rent,Bolton,VT
A00007410,Lucius Williams,64,Y,Y,4,MI,Bachelor,Own,Rutland,VT
A00002791,Benjamin Roy,45,Y,Y,3,HI,Bachelor,Rent,Louisville,KY
A00002302,Melody West,27,N,Y,3,LI,College,Mortgage,Oakland,CA
A00003957,Howard Anderson,26,Y,Y,2,HI,Masters,Mortgage,Nashville,TN
A00009757,Henry Fitzpatrick,56,Y,Y,7,MI,Bachelor,Mortgage,Barnard,VT
A00006883,Louise Gagnon,40,Y,Y,3,LI,NA,Mortgage,King City,CA
A00009080,Tommy Williams,38,Y,Y,7,LI,High School,Rent,Del City,OK
A00007775,Chad Knaub,32,N,Y,7,HI,High School,Mortgage,Nashville,TN
A00008030,Thelma Burch,57,Y,N,6,MI,NA,Own,Montgomery,AL
A00004869,Elizabeth Arra,55,Y,Y,4,MI,College,Own,Arvada,CO
A00000310,Esther Dean,25,Y,Y,7,MI,College,Own,Fayetteville,AR
A00004924,Amy Jenkins,54,Y,Y,3,HI,High School,Mortgage,Santa Rosa,CA
A00000665,Mary Scrivner,36,Y,Y,3,MI,High School,Mortgage,Montgomery,AL
A00002280,Henry Franzen,55,Y,Y,5,MI,High School,Own,Montgomery,AL
A00000777,Guadalupe Bassani,53,Y,Y,2,MI,Bachelor,Mortgage,Montgomery,AL
A00006408,Steven Vera,34,N,Y,5,MI,Masters,Mortgage,Savannah,GA
A00009581,Carl Goodman,42,N,Y,6,LI,NA,Own,Glendale,AZ
A00009026,Elizabeth Katechis,45,N,Y,4,HI,Bachelor,Own,Fayetteville,AR
A00003969,Virginia Sauls,46,Y,Y,3,LI,High School,Rent,Anchorage,AK
A00004967,Michael Marshall,54,Y,Y,3,MI,High School,Rent,Washington,DC
A00004821,Diane Perez,61,N,Y,5,HI,Bachelor,Mortgage,Arvada,CO
A00004890,John Silva,40,Y,Y,6,HI,Bachelor,Own,Norman,OK
A00009660,Bradford Judd,39,Y,N,3,HI,Bachelor,Own,Fayetteville,AR
A00007288,Charles Carlson,37,Y,Y,4,LI,Bachelor,Mortgage,Nashville,TN
A00004533,Francisco Lopez,38,Y,Y,3,MI,High School,Own,Peoria,AZ
A00006934,Kenneth Dishong,52,Y,Y,4,MI,Bachelor,Mortgage,Conway,AR
A00004061,Esther Stanley,50,Y,Y,2,MI,Bachelor,Rent,Arvada,CO
A00006141,Anton Hodges,44,Y,Y,4,LI,Masters,Rent,Hartford,VT
A00004872,Robert Watts,61,Y,Y,7,HI,NA,Own,Berkeley,CA
A00000516,Brooke Smith,39,Y,Y,4,HI,Bachelor,Rent,Arvada,CO
A00002631,Travis Welch,61,Y,Y,5,LI,PhD,Rent,Glen Burnie,MD
A00002608,Helen Wisniewski,32,Y,Y,7,MI,Bachelor,Own,Millersville,MD
A00001130,Harry Moynihan,27,N,Y,6,HI,Bachelor,Own,Norman,OK
A00000915,Alan Garrett,37,N,Y,5,MI,Bachelor,Own,Shelburne,VT
A00003655,Robert Krous,35,N,Y,6,LI,High School,Mortgage,Oklahoma City,OK
A00000460,Jeanette Mcauley,53,Y,Y,5,MI,High School,Mortgage,Nashville,TN
A00008123,Dorothy Freeman,47,Y,Y,4,HI,MD,Rent,Savannah,GA
A00008019,Elizabeth Miracle,58,Y,Y,5,MI,MD,Own,Glendale,AZ
A00008588,Georgina Gepner,64,Y,Y,5,LI,Bachelor,Rent,Fayetteville,AR
A00009134,Robert Kennedy,26,Y,Y,2,LI,Masters,Mortgage,Burke,VT
A00001880,Andrew Long,35,N,Y,5,MI,Bachelor,Own,Oakland,CA
A00000266,Charles Jones,33,N,Y,3,HI,College,Rent,Glendale,AZ
A00003755,Pauline Doherty,63,N,Y,5,MI,Bachelor,Rent,Anchorage,AK
A00000062,Stephen Smith,39,Y,Y,3,MI,PhD,Rent,Burke,VT
A00002220,Devin Cunningham,55,Y,Y,6,LI,Bachelor,Rent,Glendale,AZ
A00003456,Lindsay Young,38,Y,Y,6,MI,Masters,Mortgage,Savannah,GA
A00003270,Raymond Book,52,Y,Y,4,HI,Masters,Mortgage,Anchorage,AK
A00006425,Barbara Hayden,47,N,Y,6,HI,MD,Rent,Louisville,KY
A00000866,Aimee Gray,35,N,Y,5,LI,Bachelor,Own,Oklahoma City,OK
A00001951,Stacy Davis,56,Y,Y,6,MI,Bachelor,Rent,Arvada,CO
A00005789,Christina Little,34,Y,Y,6,MI,Bachelor,Mortgage,Carson,CA
A00006911,Mignon Carter,33,N,Y,4,HI,Bachelor,Own,Plantation,KY
A00009814,Bridget Schulz,58,N,Y,3,MI,Masters,Mortgage,Glen Burnie,MD
A00002790,Linda Cox,49,Y,Y,4,HI,Bachelor,Mortgage,Livermore,CA
A00006772,Albert Kendrick,31,Y,Y,7,MI,Bachelor,Mortgage,Montgomery,AL
A00008236,Jada Hite,55,Y,Y,7,MI,Bachelor,Mortgage,Manchester,CT
A00008432,Doris Anderson,48,Y,Y,5,MI,High School,Rent,Arvada,CO
A00000179,Amanda Denney,41,Y,Y,3,MI,Bachelor,Own,Anchorage,AK
A00008079,Beverly Lloyd,60,Y,Y,7,MI,High School,Rent,Wheatland,CA
A00007085,William Bird,40,Y,Y,6,MI,Bachelor,Mortgage,Panama City Beach,FL
A00006303,Kelly Cheung,37,Y,Y,6,LI,Masters,Own,Louisville,KY
A00001793,George Beller,57,Y,Y,6,MI,High School,Rent,Glendale,AZ
A00001967,Katherine Bradley,48,Y,Y,6,LI,High School,Own,Nashville,TN
A00000245,Jean Garner,37,Y,Y,7,MI,Bachelor,Rent,Louisville,KY
A00001164,Brandon Bennett,49,Y,Y,4,MI,High School,Rent,Oklahoma City,OK
A00007311,Francisco Lard,48,N,Y,6,MI,PhD,Rent,Montgomery,AL
A00008348,Allie Schneider,55,Y,Y,4,MI,Bachelor,Mortgage,Westminster,CO
A00003954,Tara Williams,26,Y,Y,6,MI,High School,Own,Calhoun,GA
A00004391,Grace Root,58,Y,Y,3,LI,High School,Mortgage,Severna Park,MD
A00006161,Mark Shelton,31,N,Y,3,HI,College,Mortgage,Pasadena,MD
A00005683,Ginger King,41,Y,Y,5,LI,MD,Rent,Fayetteville,AR
A00002647,Brandon Fugate,43,N,Y,5,LI,Bachelor,Own,Glendale,AZ
A00008575,Thelma Blackmon,43,Y,Y,3,MI,Bachelor,Own,Nashville,TN
A00001894,Melvin Hutchens,47,Y,Y,3,MI,High School,Own,Anchorage,AK
A00005124,Diane Blake,32,N,Y,2,MI,High School,Own,Savannah,GA
A00006852,Tommie Smith,27,N,Y,3,LI,NA,Rent,Arnold,MD
A00002841,Herbert Moreland,28,Y,Y,7,MI,High School,Mortgage,Anchorage,AK
A00009760,Dominique Fetterman,41,N,Y,6,MI,High School,Mortgage,Oklahoma City,OK
A00001239,Scott Long,29,Y,Y,5,MI,Bachelor,Own,Greeley,CO
A00004233,Georgia Stubblefield,35,N,Y,4,LI,Bachelor,Rent,Thunderbolt,GA
A00009948,Imogene Grossman,30,Y,Y,3,HI,College,Mortgage,Dennis,MA
A00001381,Kenneth Mcpherson,25,Y,Y,7,MI,High School,Rent,Fayetteville,AR
A00006044,Nickolas Milligan,62,N,Y,3,LI,Bachelor,Rent,Manchester,CT
A00009928,Melissa Phillips,56,Y,Y,7,LI,High School,Mortgage,Newfane,VT
A00006878,Christopher Hane,58,N,Y,4,HI,High School,Rent,Montgomery,AL
A00008132,Henry Martinez,36,Y,Y,4,MI,Bachelor,Rent,Edmond,OK
A00006700,Teresa Bates,31,Y,Y,4,MI,Masters,Mortgage,Louisville,KY
A00002531,Carmen Hakes,39,N,Y,4,MI,Bachelor,Rent,Louisville,KY
A00007076,Helen Mcdowell,62,Y,Y,6,MI,NA,Own,Glendale,AZ
A00003259,Lisa Trombly,27,Y,Y,2,LI,Bachelor,Mortgage,Arvada,CO
A00008101,Seth Lieder,39,Y,Y,4,MI,Bachelor,Rent,Greeley,CO
A00002359,Carla Tademy,38,Y,Y,5,HI,Bachelor,Own,Washington,DC
A00000614,Viola Lucio,43,Y,Y,5,HI,Bachelor,Rent,Brighton,VT
A00006485,Lori Kirkland,60,Y,Y,3,LI,Bachelor,Own,Arvada,CO
A00001504,Henry Cleckner,58,Y,Y,6,MI,Masters,Own,Deale,MD
A00007617,Stephanie Neri,36,Y,Y,2,HI,Masters,Rent,Louisville,KY
A00005858,Dennis Jones,32,Y,Y,5,LI,Bachelor,Mortgage,Arvada,CO
A00002447,David Fowler,51,Y,Y,5,MI,Bachelor,Rent,Louisville,KY
A00001625,John Welch,51,N,N,5,MI,Bachelor,Rent,Fremont,CA
A00009152,Betty Zurcher,43,Y,Y,7,MI,High School,Rent,Hayward,CA
A00006828,Steven Smith,58,Y,Y,3,MI,Bachelor,Rent,Montgomery,AL
A00008851,Florence Paulk,52,Y,Y,5,HI,High School,Mortgage,Sacramento,CA
A00004223,Joseph Smith,54,N,Y,6,MI,MD,Mortgage,Arvada,CO
A00007673,Austin Osborne,36,N,Y,6,HI,Masters,Rent,Savannah,GA
A00008277,Harvey Laduke,39,Y,Y,2,LI,High School,Rent,Lynn Haven,FL
A00001910,Gail Wood,37,N,Y,4,LI,Bachelor,Rent,Anchorage,AK
A00002929,Adam Runyon,59,Y,Y,6,LI,Bachelor,Own,Arvada,CO
A00001858,Abraham Weikel,35,Y,Y,4,MI,MD,Mortgage,Carson,CA
A00001275,Mary Menendez,42,Y,Y,5,HI,Bachelor,Mortgage,Oklahoma City,OK
A00005481,John Tinsley,40,Y,Y,3,MI,Bachelor,Own,Washington,DC
A00002549,Angela Liptrot,46,N,Y,2,HI,Bachelor,Rent,Moore,OK
A00003867,Norma Royal,52,Y,Y,6,HI,PhD,Mortgage,Savannah,GA
A00000529,Carl Sledge,49,Y,Y,3,MI,High School,Mortgage,Glendale,AZ
A00009214,Karla Waters,45,Y,N,7,HI,Bachelor,Mortgage,Mammoth Lakes,CA
A00009775,Jimmie Duckworth,37,Y,Y,2,LI,Masters,Mortgage,Oklahoma City,OK
A00000406,Curtis Vasquez,41,Y,Y,7,HI,NA,Mortgage,Arvada,CO
A00004324,Mary Strickland,31,N,Y,6,MI,Masters,Rent,Anchorage,AK
A00005466,Margaret Bolen,32,Y,Y,2,MI,NA,Rent,Montgomery,AL
A00007605,Walter Daughtry,36,N,Y,2,MI,Masters,Mortgage,Anchorage,AK
A00003684,Kathy Curry,32,N,Y,4,LI,Bachelor,Mortgage,Glendale,AZ
A00008809,Paulette Bebout,59,Y,N,4,MI,Bachelor,Own,Palmer,MA
A00009235,Eddy Hamilton,52,N,Y,3,MI,Bachelor,Mortgage,Glendale,AZ
A00004440,James Poormon,58,Y,Y,5,HI,High School,Mortgage,San Leandro,CA
A00007187,Phillip Hendershot,51,N,Y,3,MI,Bachelor,Rent,Louisville,KY
A00007448,James Callen,43,Y,Y,7,LI,Bachelor,Rent,Farmington,AR
A00009601,Abbie Markley,49,Y,Y,2,MI,Bachelor,Rent,Oklahoma City,OK
A00005301,Shawnna Cortez,47,Y,Y,5,MI,College,Rent,Arvada,CO
A00006718,David Calnick,50,N,Y,2,LI,PhD,Rent,Severna Park,MD
A00008835,Kent Pate,60,Y,Y,7,MI,Masters,Rent,Arvada,CO
A00007376,Anthony Rice,56,N,Y,4,LI,Bachelor,Mortgage,Oklahoma City,OK
A00001594,Ella Laseter,38,Y,Y,7,LI,Bachelor,Own,Fayetteville,AR
A00003147,Shane Whitener,62,Y,Y,5,MI,Bachelor,Mortgage,Manchester,CT
A00007751,Betty Means,57,Y,Y,2,MI,PhD,Own,Auburn,MA
A00006253,Michael Foster,59,N,Y,3,HI,High School,Rent,Baldwin Park,CA
A00005726,Benjamin Dahl,27,N,Y,5,HI,College,Rent,Baltimore,MD
A00008402,Mercedes Powell,28,Y,Y,6,LI,Bachelor,Own,Readsboro,VT
A00009721,Patricia Spicer,44,Y,Y,3,LI,High School,Own,Nashville,TN
A00005774,Ernest Elletson,34,Y,Y,5,HI,College,Mortgage,Oakland,CA
A00002977,Michele Longbrake,34,N,Y,7,MI,Bachelor,Own,Savannah,GA
A00001632,John Chamblee,60,N,Y,2,MI,High School,Mortgage,Del City,OK
A00007593,Edna Mendoza,51,Y,Y,3,MI,Masters,Own,Manchester,CT
A00006106,John Tucker,55,Y,Y,7,MI,Bachelor,Own,Montgomery,AL
A00008384,Bernard Snyder,53,N,Y,3,MI,College,Mortgage,Nashville,TN
A00007811,Jose Olson,36,Y,Y,5,LI,High School,Rent,Anchorage,AK
A00005849,Kara Williams,42,Y,Y,2,MI,High School,Rent,Washington,DC
A00005861,William Farnsworth,64,N,Y,5,MI,High School,Rent,Chicopee,MA
A00001437,Evelyn Montenegro,50,Y,Y,2,MI,Bachelor,Rent,Glendale,AZ
A00000506,Melvin Lee,37,Y,Y,7,LI,Bachelor,Mortgage,Louisville,KY
A00005538,Robert Windham,32,Y,Y,6,MI,Bachelor,Own,Nashville,TN
A00006940,George Majors,33,Y,Y,3,HI,College,Rent,Glendale,AZ
A00001638,Albert Sarkin,47,Y,N,2,MI,PhD,Own,Manchester,CT
A00005140,Patricia Sjogren,46,N,Y,7,LI,High School,Mortgage,Nashville,TN
A00004132,Janice Hoelscher,56,Y,N,3,MI,Bachelor,Mortgage,Panama City,FL
A00006574,Elenore Campbell,35,N,N,7,HI,High School,Rent,Nashville,TN
A00009033,Barbara Landers,64,Y,Y,4,LI,High School,Rent,Cambridge,MA
A00004664,Maria Wright,47,Y,Y,3,LI,Bachelor,Rent,Moore,OK
A00007072,Barbara Baron,54,Y,Y,7,MI,Bachelor,Rent,Anchorage,AK
A00008948,Evelyn Felix,35,Y,Y,3,MI,Bachelor,Mortgage,Manchester,CT
A00000366,Nathan Nelson,60,Y,N,4,MI,College,Own,McCrory,AR
A00009364,Heather Henderson,29,Y,Y,5,MI,Masters,Own,Norman,OK
A00006055,Jody Dux,64,Y,Y,5,LI,Bachelor,Own,Louisville,KY
A00008306,Javier From,57,Y,Y,2,HI,Bachelor,Mortgage,Arvada,CO
A00006306,John Darden,40,N,Y,7,MI,Bachelor,Own,Tybee Island,GA
A00002914,Carol Stone,58,Y,Y,7,MI,Bachelor,Own,Nashville,TN
A00002422,Lauren Loftin,58,N,Y,4,HI,Bachelor,Own,Nashville,TN
A00002089,Antony Ender,47,N,Y,2,MI,High School,Mortgage,Crownsville,MD
A00009013,Eddie Walker,45,Y,Y,4,MI,High School,Mortgage,Louisville,KY
A00001709,Justin Taveras,49,Y,Y,3,MI,Bachelor,Rent,Savannah,GA
A00002232,Carlos York,48,Y,Y,3,LI,Bachelor,Rent,Montgomery,AL
A00002536,Olga Sheehan,49,N,Y,4,LI,Bachelor,Own,Brighton,VT
A00002792,Dorothy Shafer,55,Y,Y,5,LI,Bachelor,Own,Barre,VT
A00002442,Jason White,45,N,Y,7,LI,College,Own,Annapolis,MD
A00000836,William Lindsey,30,N,Y,5,LI,Bachelor,Mortgage,Louisville,KY
A00004389,Letha Haack,57,Y,Y,3,MI,High School,Own,Pooler,GA
A00002845,Ida Rose,47,Y,Y,3,LI,Bachelor,Mortgage,Lynnfield,MA
A00005344,Patricia Wasilewski,53,Y,Y,6,HI,Bachelor,Own,Burlington,VT
A00003105,Edward Jansen,42,Y,Y,3,MI,College,Rent,Panama City,FL
A00005290,Anthony Johnston,64,Y,Y,3,MI,Masters,Rent,Panama City,FL
A00009557,Teri Enge,28,Y,Y,4,HI,MD,Mortgage,Nashville,TN
A00005430,Ronald Lalonde,63,Y,Y,6,HI,High School,Mortgage,Glendale,AZ
A00000259,Mildred Smith,48,Y,Y,3,LI,Bachelor,Own,Deale,MD
A00004965,Ann Mccarthy,43,Y,Y,7,LI,Bachelor,Mortgage,Fremont,CA
A00004754,Carlton Lipsky,32,N,Y,3,HI,NA,Own,Hayward,CA
A00003347,Megan Finney,33,Y,Y,6,LI,MD,Rent,Louisville,KY
A00005692,Mary Travis,58,Y,Y,3,MI,Bachelor,Mortgage,Washington,DC
A00000644,Ronald Shipman,38,Y,Y,5,LI,Bachelor,Own,Arvada,CO
A00004927,Joan Brasfield,52,N,Y,6,MI,Bachelor,Own,Nashville,TN
A00004949,Paige Greenlaw,26,N,Y,2,LI,Bachelor,Rent,Glendale,AZ
A00009666,Mia Meadows,29,Y,Y,3,MI,MD,Own,Anchorage,AK
A00007068,Harley Smith,28,Y,Y,2,MI,Bachelor,Mortgage,Montgomery,AL
A00007719,Donnie Williams,33,Y,Y,6,LI,Bachelor,Mortgage,Glendale,AZ
A00007871,Robert Knox,59,Y,Y,6,LI,Masters,Rent,Manchester,CT
A00008728,Frank Fields,58,N,Y,7,LI,Bachelor,Own,Goodlettsville,TN
A00004792,Alex Johnson,57,N,Y,5,MI,High School,Rent,Arvada,CO
A00000339,Tommy Mccollom,35,N,N,4,MI,NA,Own,Washington,DC
A00000722,Lydia Burden,43,N,Y,3,HI,PhD,Mortgage,Montgomery,AL
A00008951,Wayne Aleman,46,Y,Y,2,LI,High School,Rent,Oakland,CA
A00001362,Thomas Winship,61,Y,Y,5,MI,Bachelor,Mortgage,Anchorage,AK
A00004662,Nadine Harris,36,N,Y,3,MI,Bachelor,Mortgage,Westmore,VT
A00004933,Christopher Reiber,57,N,Y,6,MI,NA,Mortgage,Manchester,CT
A00008629,Donald Rieck,57,Y,Y,4,LI,NA,Own,Savannah,GA
A00007018,Michael Brandes,62,Y,Y,4,MI,Bachelor,Mortgage,Arvada,CO
A00000314,Damien Holtzman,49,N,Y,5,MI,College,Rent,Louisville,KY
A00002666,Efren Coker,30,Y,Y,4,MI,Bachelor,Mortgage,Washington,DC
A00009945,Celestine Travis,31,Y,Y,2,MI,Bachelor,Rent,Manchester,CT
A00008462,Mary Butts,41,Y,Y,7,LI,High School,Mortgage,Oakland,CA
A00009178,Lloyd Ellis,47,N,Y,5,MI,College,Mortgage,Louisville,KY
A00001976,Tommy Perry,31,Y,Y,6,MI,Bachelor,Rent,Nashville,TN
A00008973,John Gonzales,57,Y,Y,4,LI,High School,Own,Manchester,CT
A00005267,Daisy Olewine,33,Y,Y,3,MI,Bachelor,Mortgage,Groton,CT
A00000700,Alfredo Antonio,47,Y,Y,2,MI,NA,Mortgage,Savannah,GA
A00001776,Alice Arguelles,35,N,Y,3,MI,College,Mortgage,Anchorage,AK
A00002637,Seth Keisler,56,Y,Y,6,MI,PhD,Own,Santa Rosa,CA
A00008408,Constance Platter,25,N,Y,3,MI,High School,Rent,Manchester,CT
A00002903,Marvin Mewborn,60,Y,Y,7,MI,High School,Rent,Groton,CT
A00002090,Margaret Applewhite,57,N,Y,2,HI,Bachelor,Rent,Manchester,CT
A00003373,James Phillips,51,Y,Y,5,MI,High School,Own,Washington,DC
A00009047,Altagracia Burns,46,N,Y,2,HI,College,Own,Panama City,FL
A00003795,Judy Showalter,63,Y,Y,7,MI,NA,Rent,Panama City,FL
A00003971,Anne Dempsey,32,Y,Y,3,MI,Bachelor,Own,Arvada,CO
A00006589,Deborah Le,59,Y,Y,4,MI,Bachelor,Own,Glendale,AZ
A00001644,Tameka Dombkowski,29,Y,Y,4,LI,High School,Mortgage,Montgomery,AL
A00005958,Grady Eisenhower,62,Y,Y,6,LI,Bachelor,Mortgage,Nashville,TN
A00004621,George Harris,55,N,Y,4,LI,MD,Own,Washington,DC
A00005933,Kimberly Lesh,33,Y,Y,3,HI,High School,Rent,Savannah,GA
A00004833,Evelyn Montgomery,55,N,N,3,HI,Bachelor,Mortgage,Glendale,AZ
A00005593,Robert Wickes,41,N,Y,7,MI,High School,Own,Montgomery,AL
A00005029,Margaret Gahagan,38,N,Y,3,HI,College,Mortgage,Manchester,CT
A00006439,Steven Houck,43,Y,Y,4,MI,High School,Rent,Pooler,GA
A00003464,Faye Powers,38,N,Y,2,MI,Bachelor,Own,Alameda,CA
A00007109,William Vaughan,50,N,N,2,MI,High School,Mortgage,Arvada,CO
A00005835,Alisha Sullivan,51,Y,Y,2,MI,High School,Own,Oakland,CA
A00002710,Clifton Fish,52,N,Y,5,LI,Masters,Own,Montgomery,AL
A00009205,Victor Bell,52,Y,Y,5,HI,Bachelor,Mortgage,Arvada,CO
A00009217,Carlos Daley,54,Y,N,4,MI,Bachelor,Mortgage,Wheelock,VT
A00004542,Herbert Hannah,47,Y,Y,5,HI,Bachelor,Rent,Panama City,FL
A00008740,Matthew Anderson,35,Y,Y,4,MI,Bachelor,Rent,Underhill,VT
A00005159,Karen Roberts,39,N,Y,4,LI,NA,Own,Montgomery,AL
A00003411,Nancy Dominquez,48,Y,Y,4,HI,Masters,Own,Edmond,OK
A00009845,Nicole Otis,47,Y,Y,7,HI,Masters,Own,Panama City,FL
A00005501,Kelly Chen,53,N,Y,2,MI,PhD,Own,Oklahoma City,OK
A00001286,Silva Bates,44,Y,Y,3,HI,High School,Rent,Arvada,CO
A00008005,Joan Potts,59,Y,Y,3,LI,Bachelor,Mortgage,Montgomery,AL
A00008129,Randal Klein,59,Y,Y,5,MI,High School,Rent,Savannah,GA
A00001963,Rebecca Haney,27,Y,Y,3,MI,College,Mortgage,Glendale,AZ
A00001749,Dena Saylor,34,N,Y,5,LI,Bachelor,Mortgage,Norman,OK
A00008916,William Gaines,51,Y,Y,6,LI,Bachelor,Rent,Danville,VT
A00006856,Noemi Fairley,30,Y,Y,6,HI,NA,Mortgage,Arvada,CO
A00001372,Deon Coulter,32,Y,Y,3,LI,Bachelor,Mortgage,Manchester,CT
A00008497,Jeremy Ares,48,Y,Y,4,MI,High School,Rent,Manchester,CT
A00000813,Boyd Trajillo,41,Y,Y,4,MI,Bachelor,Rent,Panama City,FL
A00007858,John Park,61,Y,Y,7,MI,Bachelor,Rent,Shelburne,VT
A00007953,Margarita Hall,58,Y,Y,6,LI,Masters,Rent,San Leandro,CA
A00006060,Christine Doung,48,Y,N,4,LI,NA,Rent,Arvada,CO
A00003413,Yvette Zimmerman,28,Y,Y,4,HI,Bachelor,Mortgage,Colchester,VT
A00006128,Debra Oliphant,40,N,Y,5,HI,PhD,Own,Nashville,TN
A00004199,John Bergeron,27,Y,Y,6,MI,MD,Mortgage,Davis,CA
A00002272,Joseph Lynch,50,N,Y,6,MI,Bachelor,Mortgage,Arvada,CO
A00009404,Brigitte Milan,33,Y,Y,6,LI,High School,Own,Washington,DC
A00003869,Paul Jones,42,N,Y,3,HI,Masters,Mortgage,Manchester,CT
A00001094,Douglas Blankenship,39,N,N,5,MI,High School,Rent,Anchorage,AK
A00002646,Sheldon Henry,32,Y,N,4,MI,Masters,Rent,Savannah,GA
A00005352,Mandi Delgado,30,Y,Y,4,HI,College,Mortgage,Washington,DC
A00008515,Lan Eoff,33,Y,Y,2,MI,MD,Own,,CA
A00001732,Kathy Miller,37,Y,Y,2,MI,Masters,Rent,Washington,DC
A00009194,Erika Kimble,35,Y,Y,6,HI,High School,Mortgage,Merrimac,MA
A00001403,Pamela Toon,39,Y,Y,5,LI,Bachelor,Mortgage,Pioneer,CA
A00006370,Helen Gonzalez,55,Y,Y,3,HI,Bachelor,Rent,Savannah,GA
A00006628,Leslie Jawad,39,Y,Y,4,MI,Bachelor,Mortgage,Glendale,AZ
A00009904,Denise Blake,53,Y,Y,6,MI,Bachelor,Own,Louisville,KY
A00003128,Fay Delosh,26,Y,Y,4,LI,Bachelor,Rent,Riverview,FL
A00009645,Joseph Brandenburg,52,Y,Y,3,MI,Bachelor,Rent,Mammoth Lakes,CA
A00005503,Jesse Rawson,30,Y,Y,5,MI,College,Mortgage,Groton,CT
A00007882,Keith Costa,25,Y,Y,3,MI,Masters,Mortgage,Louisville,KY
A00006947,Addie Connor,57,N,Y,5,MI,Masters,Mortgage,Montgomery,AL
A00001998,Steven Grilli,29,Y,Y,5,LI,NA,Own,Hayward,CA
A00009093,Patricia Humann,37,Y,Y,7,MI,Masters,Rent,Fayetteville,AR
A00002051,Sharon Vinton,47,Y,Y,4,MI,High School,Mortgage,Anchorage,AK
A00006620,Issac Bonn,50,Y,Y,7,MI,PhD,Mortgage,Crownsville,MD
A00005499,Jeanne Neumeyer,54,Y,Y,2,MI,Bachelor,Own,Fremont,CA
A00009572,Vivian Kiesel,28,Y,Y,6,MI,High School,Rent,Louisville,KY
A00009234,James Witzke,57,N,Y,3,HI,PhD,Mortgage,Glendale,AZ
A00009678,William Oconnor,58,Y,Y,7,HI,Bachelor,Rent,Washington,DC
A00009223,Louis White,51,N,Y,7,LI,High School,Rent,Annapolis,MD
A00007302,Phillip Johnson,35,N,Y,6,MI,Bachelor,Rent,Washington,DC
A00009108,Glenn Page,44,Y,Y,4,HI,High School,Mortgage,Fayetteville,AR
A00003534,Tracey Lytle,38,N,Y,6,HI,PhD,Mortgage,Westmore,VT
A00000853,Heather Raines,40,Y,Y,3,LI,Bachelor,Own,Washington,DC
A00000114,Nathaniel Transou,39,N,Y,4,LI,High School,Own,Annapolis,MD
A00009110,Michael Foy,64,N,Y,3,MI,NA,Rent,Glendale,AZ
A00004922,Rod Bolden,37,Y,Y,5,MI,High School,Mortgage,Panama City,FL
A00005725,Miranda Masella,47,Y,Y,5,MI,College,Own,Arvada,CO
A00007598,Arthur Susko,44,Y,Y,2,LI,Bachelor,Rent,Anchorage,AK
A00007627,Georgia Neault,62,Y,Y,3,MI,High School,Mortgage,Mount Juliet,TN
A00000969,Martha Dalton,43,N,Y,4,LI,College,Mortgage,Northfield,KY
A00006375,Candice Chappell,48,Y,Y,6,MI,High School,Rent,Nashville,TN
A00009167,Jennifer Foote,43,Y,Y,2,MI,Masters,Own,Arvada,CO
A00008033,William Halcomb,57,Y,Y,2,LI,NA,Rent,Washington,DC
A00000557,Arthur Noman,59,N,Y,6,LI,High School,Rent,Manchester,CT
A00004135,James Schneider,64,N,Y,6,MI,High School,Mortgage,Brookline,MA
A00005968,Susan Collins,49,Y,Y,7,MI,College,Mortgage,Oklahoma City,OK
A00005130,Beulah Cornelius,50,N,Y,2,LI,Masters,Mortgage,Burlington,VT
A00001832,Shaun Santos,39,Y,Y,7,MI,High School,Rent,Whitmore,CA
A00001610,Ann Rogers,58,Y,Y,2,MI,MD,Mortgage,Nashville,TN
A00001124,Reginald Guercio,62,Y,Y,6,HI,High School,Rent,Panama City,FL
A00000934,Sharon Greek,31,N,Y,5,MI,High School,Rent,Panama City Beach,FL
A00003569,Lisa Henriksen,51,Y,Y,7,LI,Bachelor,Mortgage,Panama City Beach,FL
A00003823,Marie Wilson,36,N,Y,2,HI,PhD,Mortgage,Panama City,FL
A00009936,John Sledge,25,N,Y,5,LI,High School,Mortgage,Fayetteville,AR
A00004525,James Bailey,53,Y,Y,5,HI,College,Rent,Panama City,FL
A00001034,Bertha Natoli,25,Y,Y,3,MI,MD,Mortgage,Nashville,TN
A00000299,Pamela Luthi,48,Y,Y,5,MI,MD,Rent,Anchorage,AK
A00007742,Linda White,28,Y,Y,3,MI,Bachelor,Rent,Brookline,MA
A00001719,Matt Mattis,64,Y,N,7,MI,NA,Rent,Anchorage,AK
A00001650,Kathlene Mcnamara,43,N,Y,5,LI,Bachelor,Own,Mountain View,CA
A00004488,Marsha Heaton,64,Y,Y,5,LI,High School,Own,Nashville,TN
A00000001,Kyle Richardson,29,Y,Y,3,MI,High School,Own,Edgewater,MD
A00004375,Robert Torres,33,N,N,7,HI,Bachelor,Mortgage,Blue Lake,CA
A00003445,George Hunt,49,Y,Y,7,HI,College,Mortgage,Savannah,GA
A00003630,Gregory Lien,52,Y,Y,7,HI,PhD,Mortgage,Pismo Beach,CA
A00006693,Paula Redding,29,Y,Y,2,HI,MD,Mortgage,Manchester,CT
A00002827,Terry Castillo,48,N,Y,4,HI,Bachelor,Own,Savannah,GA
A00002691,Jimmie Herbert,50,Y,Y,6,HI,Bachelor,Rent,Fayetteville,AR
A00004948,Darrell Vang,40,Y,Y,2,MI,NA,Own,Louisville,KY
A00000369,Meridith Hoag,32,Y,Y,3,MI,College,Own,Fayetteville,AR
A00000255,Joseph Smith,53,Y,Y,6,LI,PhD,Rent,Hayward,CA
A00001897,Katherine Metzler,44,Y,Y,7,MI,Masters,Mortgage,Fayetteville,AR
A00000878,Lloyd Turner,61,Y,Y,4,LI,Bachelor,Rent,Salinas,CA
A00000051,Nathan Brown,39,N,Y,4,MI,Bachelor,Rent,Savannah,GA
A00008450,Roger Sato,51,Y,Y,5,MI,Masters,Mortgage,Lunenburg,MA
A00006590,Roger Atkinson,43,Y,Y,5,MI,Bachelor,Mortgage,Nashville,TN
A00001041,Earl Rodriguez,46,Y,Y,3,LI,High School,Mortgage,Arvada,CO
A00003567,Irma Navarro,50,N,Y,7,HI,High School,Rent,Arvada,CO
A00005894,Marlene Silberman,29,Y,Y,3,LI,High School,Mortgage,Santa Cruz,CA
A00002375,William Mosier,52,N,Y,4,MI,Bachelor,Mortgage,Arvada,CO
A00002965,Michael Mason,33,Y,Y,4,HI,Bachelor,Own,Glendale,AZ
A00006857,Hunter Hoffer,47,N,Y,7,LI,High School,Rent,Fremont,CA
A00008992,Robin Dixon,55,Y,Y,6,HI,Bachelor,Rent,Glendale,AZ
A00004244,Ben King,27,Y,Y,7,MI,High School,Rent,Arvada,CO
A00001657,Debra Brewer,56,Y,Y,3,MI,High School,Rent,Rutland,VT
A00004929,Eric Foster,56,Y,Y,3,LI,College,Own,Nashville,TN
A00007772,Charles Powers,49,Y,Y,2,HI,Bachelor,Mortgage,Panama City,FL
A00004958,James Tedford,58,Y,Y,6,LI,High School,Own,Billerica,MA
A00003901,Ernest Costello,56,Y,Y,5,LI,High School,Mortgage,Oklahoma City,OK
A00003860,Robert Gresham,37,N,Y,4,MI,High School,Mortgage,Savannah,GA
A00003415,Loren Mckinney,25,Y,Y,5,MI,Bachelor,Rent,Lunenburg,VT
A00009121,Hunter Mary,58,Y,Y,7,LI,College,Own,Montgomery,AL
A00006724,Gregg Bumgarner,44,Y,Y,2,HI,Masters,Rent,Pasadena,MD
A00006876,Corinne Ly,47,Y,Y,6,MI,PhD,Rent,Montgomery,AL
A00004283,Lorraine Taylor,25,Y,Y,6,MI,Bachelor,Mortgage,Arvada,CO
A00002483,Allan King,27,Y,Y,5,HI,Masters,Mortgage,Fayetteville,AR
A00007350,Noelle Mcdonald,26,Y,N,6,LI,Bachelor,Mortgage,Montgomery,AL
A00001476,David Bentley,25,Y,Y,7,HI,Bachelor,Rent,Fayetteville,AR
A00002473,Johana Guadian,44,Y,Y,7,LI,Bachelor,Mortgage,Van Buren,AR
A00001873,Ernestine Rynn,57,N,Y,3,MI,Bachelor,Mortgage,Anchorage,AK
A00002550,Jaclyn Bryand,46,Y,Y,2,MI,High School,Own,Louisville,KY
A00007080,Elizabeth Matteo,53,Y,Y,2,MI,High School,Mortgage,Manchester,CT
A00003361,Robert Sims,31,Y,N,3,MI,Bachelor,Mortgage,Glendale,AZ
A00007361,Erin Gonzales,29,Y,Y,5,MI,High School,Mortgage,Savannah,GA
A00002939,Mark Pickerel,60,Y,Y,7,HI,NA,Own,Arvada,CO
A00006906,Erma Gardner,28,N,Y,3,LI,Bachelor,Mortgage,Dennis,MA
A00005644,Crystal Duffy,53,N,Y,2,HI,Bachelor,Mortgage,Arvada,CO
A00009744,Teresa Vasquez,49,N,Y,6,MI,High School,Own,Louisville,KY
A00007082,Erin Martin,26,Y,Y,2,HI,High School,Rent,Fayetteville,AR
A00006250,Mark Heinen,37,Y,Y,6,LI,Bachelor,Mortgage,Anchorage,AK
A00000302,Chester Countryman,59,Y,Y,7,HI,MD,Own,Manchester,CT
A00006193,Janet Koch,31,Y,Y,7,LI,Bachelor,Own,Anchorage,AK
A00007414,Gloria Kealoha,40,Y,Y,5,MI,College,Own,Savannah,GA
A00004751,John Hill,36,Y,Y,2,MI,NA,Rent,Lynn,MA
A00000156,Ernest Hopkins,33,N,Y,7,MI,High School,Rent,Hayward,CA
A00004436,Paulette Ng,52,Y,Y,6,MI,MD,Own,Panama City,FL
A00001143,Ryan Fox,31,Y,Y,2,MI,Bachelor,Own,Savannah,GA
A00001981,Rebecca Barnes,45,N,N,3,HI,Bachelor,Rent,Louisville,KY
A00007949,Raquel Richardson,62,N,Y,7,LI,High School,Rent,Glendale,AZ
A00000086,Mildred Carey,61,Y,Y,6,LI,NA,Mortgage,Savannah,GA
A00004725,Maria Bush,51,Y,Y,3,LI,High School,Mortgage,Lyndon,VT
A00005345,Miguel Moore,30,Y,N,5,HI,NA,Rent,Nashville,TN
A00004037,Juan Becknell,36,Y,Y,7,MI,Bachelor,Rent,Montgomery,AL
A00000036,Traci Glenn,44,Y,Y,3,MI,Bachelor,Rent,Nashville,TN
A00001435,Harold Franklin,40,Y,Y,3,MI,Masters,Mortgage,West Brattleboro,VT
A00009684,Jeffrey Townsend,62,Y,Y,3,LI,Bachelor,Rent,Washington,DC
A00002177,Ervin Mcdonald,43,Y,Y,2,LI,College,Rent,Hadley,MA
A00000973,Judith Chapman,61,Y,Y,4,HI,College,Mortgage,Louisville,KY
A00001917,David Feagin,60,Y,Y,3,MI,Masters,Rent,Groton,CT
A00000253,Jerry Stevens,57,Y,Y,2,HI,High School,Mortgage,Quincy,MA
A00008885,Heidi Gomez,59,Y,N,7,HI,Bachelor,Own,Panama City Beach,FL
A00001270,David Bryan,59,Y,Y,6,MI,High School,Rent,Glendale,AZ
A00009068,Jolie Canfield,42,Y,Y,3,MI,Bachelor,Mortgage,Linda,CA
A00008750,Christine Daniels,59,N,Y,3,HI,Bachelor,Rent,Oklahoma City,OK
A00001293,Michael Beech,42,N,Y,7,LI,Bachelor,Mortgage,Fayetteville,AR
A00005793,Frances Wright,57,Y,N,2,HI,Bachelor,Own,Manchester,CT
A00005648,Christoper Parkes,38,N,N,2,MI,Bachelor,Mortgage,Fayetteville,AR
A00008205,Jeanne Bridges,36,Y,Y,7,MI,High School,Own,Washington,DC
A00002152,Leona Maye,28,N,Y,6,LI,Bachelor,Rent,Oklahoma City,OK
A00001378,Pasquale Polhemus,26,Y,Y,4,MI,Bachelor,Rent,Millersville,MD
A00000779,Jeffrey Johnson,38,N,Y,7,MI,PhD,Own,Millersville,MD
A00002119,James Stonecipher,37,Y,Y,5,MI,Bachelor,Rent,Walpole,MA
A00001660,Francine Schwartz,41,Y,Y,7,MI,Bachelor,Mortgage,Madera,CA
A00008563,Philip Johnson,43,Y,Y,2,MI,Bachelor,Own,Montgomery,AL
A00008080,Nancy Hemrich,49,Y,N,2,LI,PhD,Own,Panama City,FL
A00003882,Rose Silvio,43,N,Y,7,MI,Bachelor,Mortgage,Fayetteville,AR
A00004994,Madeline Smalls,46,Y,Y,6,LI,High School,Own,Anchorage,AK
A00009969,Rachelle Brewer,31,N,Y,7,MI,High School,Rent,Pioneer,CA
A00007601,Jean Floyd,32,N,Y,4,MI,Bachelor,Mortgage,Montgomery,AL
A00006171,Kathleen Tandy,49,Y,Y,3,HI,Bachelor,Mortgage,Washington,DC
A00005174,Charles Pierson,52,N,Y,7,LI,NA,Mortgage,Washington,DC
A00007165,Lisa Kuszynski,32,N,Y,6,MI,Bachelor,Mortgage,Pleasanton,CA
A00005240,David Rainer,29,Y,Y,6,HI,Bachelor,Rent,Oklahoma City,OK
A00006084,Muriel Ennen,57,N,Y,4,MI,High School,Own,Glendale,AZ
A00000724,Harold Penalosa,58,N,Y,3,MI,Masters,Rent,Farmington,AR
A00006774,Rita Mendoza,44,N,N,2,MI,Bachelor,Own,Saint Matthews,KY
A00009174,Emma Webb,55,Y,N,7,LI,High School,Rent,Oklahoma City,OK
A00007656,Matthew Fincham,37,Y,Y,7,LI,Bachelor,Own,Pasadena,MD
A00003578,Ricky Hedges,36,Y,Y,3,MI,High School,Own,Anchorage,AK
A00004707,Eufemia Irizarry,25,Y,Y,7,MI,Bachelor,Rent,Medford,MA
A00002028,Chris Deleon,53,Y,Y,5,LI,Bachelor,Rent,Oakland,CA
A00008028,Connie Osei,26,Y,Y,3,HI,College,Rent,Panama City,FL
A00005138,Wallace Allison,55,N,Y,4,HI,High School,Own,Brentwood,TN
A00005929,Anthony Shackford,34,Y,Y,2,LI,Bachelor,Mortgage,San Jose,CA
A00003301,Dennis Coffee,55,Y,Y,6,LI,Masters,Own,Manchester,CT
A00007500,Leroy Fletcher,30,Y,Y,3,HI,Bachelor,Own,Arvada,CO
A00004446,Carrie Alexander,32,N,Y,6,MI,Masters,Rent,Anchorage,AK
A00001704,Krishna Parker,64,Y,Y,3,MI,High School,Own,Anchorage,AK
A00000655,Kayla Charles,34,N,Y,4,HI,College,Rent,Fayetteville,AR
A00008972,Sharon Lyons,46,Y,Y,2,MI,College,Mortgage,Nashville,TN
A00005529,Joanna Hue,49,Y,Y,5,MI,PhD,Mortgage,Montgomery,AL
A00002746,Gary Perry,30,Y,Y,4,MI,College,Mortgage,Louisville,KY
A00003230,Mary Ladd,40,N,Y,6,LI,Bachelor,Rent,Anchorage,AK
A00005966,Maryann Roberts,58,N,Y,5,LI,Bachelor,Rent,Livermore,CA
A00001767,Orlando Hill,33,Y,Y,3,HI,Bachelor,Mortgage,Smartsville,CA
A00006380,Barbara Heck,54,Y,Y,7,MI,High School,Mortgage,Calhoun,GA
A00004460,Gayle Daniels,59,Y,Y,6,MI,College,Rent,Gambrills,MD
A00006054,Clark Wilde,62,Y,Y,5,MI,MD,Rent,Mammoth Lakes,CA
A00004246,Dean Drayton,39,Y,Y,2,MI,Masters,Rent,Oklahoma City,OK
A00001444,Gene Turner,38,N,Y,6,HI,Bachelor,Rent,Panama City,FL
A00008689,Delores Hall,45,Y,Y,7,MI,High School,Mortgage,Montgomery,AL
A00007092,Lucius Contreras,47,Y,Y,4,LI,Bachelor,Own,Panama City,FL
A00009475,Michael Gross,39,N,Y,2,LI,Bachelor,Own,Nashville,TN
A00002705,Betty Rodriguez,37,Y,Y,6,MI,College,Mortgage,Anchorage,AK
A00003605,Dennis Rye,25,Y,Y,3,LI,Bachelor,Own,Montgomery,AL
A00003011,Lisa Garcia,44,Y,Y,7,HI,High School,Rent,Oklahoma City,OK
A00001283,Erika Symons,27,N,Y,4,LI,Bachelor,Own,Brentwood,TN
A00008112,Celina Roman,38,Y,Y,5,HI,NA,Mortgage,Louisville,KY
A00000024,Harold Smith,26,N,Y,3,LI,Masters,Mortgage,Anchorage,AK
A00001717,Tarsha Fornes,45,Y,Y,3,HI,High School,Mortgage,Glen Burnie,MD
A00005297,Becky Bacon,26,N,Y,7,LI,Bachelor,Mortgage,Glen Burnie,MD
A00005058,Tabitha Janick,50,Y,Y,4,MI,High School,Mortgage,Midwest City,OK
A00007768,Corene Booker,49,Y,Y,6,MI,High School,Own,Washington,DC
A00005728,Neil Sanchez,53,N,N,4,HI,Bachelor,Mortgage,Watertown,MA
A00005221,Gregory Saenz,42,Y,Y,6,MI,Bachelor,Mortgage,Manchester,CT
A00005601,Susan Brule,27,N,Y,5,LI,Masters,Rent,Alameda,CA
A00005336,Anna Combs,58,Y,Y,6,HI,Masters,Rent,Dummerston,VT
A00008517,Elizabeth Chaplin,43,Y,Y,3,HI,Bachelor,Own,Louisville,KY
A00003359,Gladys Ingber,32,Y,Y,2,MI,Bachelor,Mortgage,Savannah,GA
A00002241,Tracy Acevedo,45,Y,Y,5,HI,High School,Rent,Washington,DC
A00008404,Pat Hunsberger,45,N,Y,4,MI,Bachelor,Own,Washington,DC
A00006035,Lorrie Gardner,27,Y,Y,6,MI,Bachelor,Mortgage,Montgomery,AL
A00002502,Scott Welling,58,Y,Y,4,MI,College,Rent,Fayetteville,AR
A00003037,Marilyn Creed,63,N,Y,3,MI,Bachelor,Mortgage,Washington,DC
A00003151,Portia Gilliland,53,Y,Y,3,MI,Masters,Mortgage,Chester,VT
A00005722,Terri Soriano,30,Y,N,7,MI,MD,Mortgage,Crownsville,MD
A00000085,Rachael Bell,34,N,Y,6,MI,College,Rent,Oklahoma City,OK
A00000175,Julia Blanton,56,Y,Y,5,LI,Masters,Own,Manchester,CT
A00004232,Branden Hall,44,N,Y,3,MI,High School,Rent,Montgomery,AL
A00003726,Constance Eggleston,59,Y,Y,5,HI,Bachelor,Rent,Panama City,FL
A00004666,Michael Leblanc,41,Y,Y,3,LI,High School,Own,Glendale,AZ
A00000617,Silas Young,25,Y,Y,6,HI,Bachelor,Own,Glen Burnie,MD
A00007870,Tangela Doyle,42,Y,Y,4,MI,High School,Own,Manchester,CT
A00004874,Carlos Peele,63,Y,Y,7,MI,NA,Rent,Woodland,CA
A00005166,Sara Mitchum,36,N,Y,5,MI,Masters,Mortgage,Glen Burnie,MD
A00002395,Jeanetta Rottman,32,Y,Y,5,LI,NA,Rent,Reading,MA
A00009291,Raymond Hedden,55,Y,Y,7,LI,Bachelor,Own,Arvada,CO
A00008742,Jeffery Gray,29,Y,N,3,LI,Bachelor,Rent,Glendale,AZ
A00009154,Madeline Ham,61,Y,Y,7,MI,NA,Own,Montgomery,AL
A00009772,Fred Moilanen,47,Y,Y,5,MI,Masters,Mortgage,Montgomery,AL
A00008405,Bobby Fisher,36,Y,Y,7,MI,High School,Own,Pooler,GA
A00009966,Brian Ruble,33,Y,Y,4,LI,Masters,Rent,Montgomery,AL
A00000957,Patricia King,58,N,Y,4,MI,NA,Own,Arvada,CO
A00008549,David Parkison,43,N,Y,4,MI,College,Rent,Anchorage,AK
A00004843,Heidi Leon,27,N,Y,2,MI,High School,Mortgage,Linthicum Heights,MD
A00006506,Margie Lariviere,63,Y,Y,7,HI,Bachelor,Rent,Annapolis,MD
A00005907,Cynthia Worker,52,Y,Y,3,LI,Masters,Own,Pleasanton,CA
A00000727,Robert Fritz,33,Y,Y,6,HI,High School,Own,Roseville,CA
A00007846,Justin Lee,47,Y,Y,7,LI,MD,Mortgage,Panama City Beach,FL
A00003053,Derek David,51,Y,Y,5,MI,Bachelor,Rent,Mountain View,CA
A00009029,Willie Verch,56,Y,Y,7,MI,Bachelor,Own,Manchester,CT
A00009478,Julius Chartier,55,Y,Y,3,HI,High School,Mortgage,Somerville,MA
A00009310,Ralph Bilsborough,60,Y,Y,4,MI,High School,Rent,Groton,CT
A00006334,Brent Funchess,53,N,Y,5,HI,Bachelor,Own,Washington,DC
A00006017,Virginia Schwarz,52,N,Y,3,HI,College,Rent,Peoria,AZ
A00005577,Robert Armstead,31,Y,Y,3,HI,PhD,Own,Glen Burnie,MD
A00007763,Kristin Rios,30,Y,Y,2,HI,Bachelor,Own,Montgomery,AL
A00007110,Elizabeth Miranda,29,Y,Y,2,MI,College,Own,Louisville,KY
A00009000,Linda Peterson,50,Y,Y,5,LI,PhD,Rent,Farmington,AR
A00001406,Ernestine Leonard,41,N,Y,5,LI,Bachelor,Own,Castro Valley,CA
A00004755,Mary Bolton,43,N,Y,5,MI,Masters,Mortgage,Youngstown,FL
A00009575,Gwendolyn Watson,29,N,Y,2,LI,Bachelor,Rent,Fayetteville,AR
A00007603,Elmer Hall,50,Y,Y,6,MI,Bachelor,Rent,Arvada,CO
A00004421,Charles Cardiel,25,Y,N,4,HI,NA,Rent,Savannah,GA
A00000667,Joseph Mowles,35,Y,Y,4,HI,College,Rent,Oakland,CA
A00006670,Don Conner,59,Y,Y,5,HI,NA,Own,Panama City Beach,FL
A00007567,Dawn Sandoval,54,N,Y,4,HI,Bachelor,Mortgage,Arvada,CO
A00004029,Theresa Denton,62,N,Y,3,LI,High School,Own,Peoria,AZ
A00001018,Earlene Blue,25,Y,Y,5,HI,Bachelor,Rent,Arvada,CO
A00003024,Joel Brown,31,Y,Y,6,MI,Masters,Rent,Glen Burnie,MD
A00009831,Vicki Means,26,Y,Y,5,HI,Bachelor,Mortgage,Glendale,AZ
A00003790,James Cook,61,Y,Y,2,MI,Masters,Rent,Montgomery,AL
A00008904,Lin Knight,55,Y,N,3,LI,Bachelor,Own,Fayetteville,AR
A00001706,Rosemary Scott,37,Y,Y,2,LI,NA,Own,Louisville,KY
A00000618,Dorothy Seel,47,Y,Y,7,MI,Bachelor,Rent,Savannah,GA
A00006629,Opal Hernandez,29,N,Y,5,MI,Bachelor,Mortgage,Glendale,AZ
A00008917,Rachel Rogers,38,Y,Y,2,HI,Bachelor,Mortgage,Washington,DC
A00003443,Jim Mcleod,42,N,Y,6,MI,Bachelor,Rent,Montgomery,AL
A00002989,Rena Clark,57,Y,N,5,MI,Bachelor,Own,Edmond,OK
A00006410,Daniel Kinslow,59,N,Y,4,LI,Masters,Mortgage,Glendale,AZ
A00005143,Gregory Hardaway,47,Y,Y,4,LI,PhD,Own,Savannah,GA
A00001232,Crystal Coburn,51,N,Y,2,HI,Bachelor,Mortgage,Saint Albans City,VT
A00001817,William Farley,60,Y,Y,3,LI,Bachelor,Own,Anchorage,AK
A00000012,Robert Greeson,33,Y,Y,6,HI,High School,Own,Manchester,CT
A00008237,Joseph Fisher,50,N,Y,2,HI,Masters,Own,Glendale,AZ
A00007971,Alesia Radcliffe,61,Y,Y,5,MI,Bachelor,Rent,Nashville,TN
A00004293,Jose Hutchinson,54,Y,Y,2,HI,MD,Mortgage,Manchester,CT
A00001277,Mary Leach,34,Y,Y,3,MI,Bachelor,Own,Fremont,CA
A00004650,Patricia Stella,38,Y,Y,6,MI,Bachelor,Rent,Cupertino,CA
A00007749,Juanita Mcconnell,37,Y,Y,5,HI,Masters,Mortgage,Nashville,TN
A00000003,Peggy House,25,N,Y,4,HI,Bachelor,Mortgage,Aurora,CO
A00009380,Louis Griffin,54,N,Y,3,MI,High School,Mortgage,Manchester,CT
A00006546,Jerry Adkins,49,Y,Y,7,MI,Masters,Mortgage,Arvada,CO
A00002224,Katherine Mushtaq,42,Y,Y,3,HI,Bachelor,Mortgage,Anchorage,AK
A00001785,Niesha Coard,48,Y,Y,7,LI,Bachelor,Own,Washington,DC
A00007038,Leatha Nicholas,39,Y,Y,3,MI,NA,Rent,Poultney,VT
A00009388,Jewell Church,41,Y,Y,7,LI,Bachelor,Mortgage,Savannah,GA
A00009670,Ina Hughes,33,Y,Y,4,HI,Bachelor,Own,Glendale,AZ
A00003530,Mary Escalera,51,N,Y,3,MI,High School,Rent,San Leandro,CA
A00008026,Michele Thompson,39,Y,Y,6,MI,High School,Own,Louisville,KY
A00002247,Cynthia Lott,47,Y,Y,3,HI,PhD,Mortgage,Montgomery,AL
A00005970,Rebecca Maldonado,37,Y,Y,4,HI,Masters,Mortgage,Washington,DC
A00009017,Annie Rockett,57,N,Y,2,MI,Bachelor,Rent,Anchorage,AK
A00007163,Robert Holmes,49,N,Y,5,LI,Bachelor,Own,Livermore,CA
A00000846,Joseph Blassingame,43,N,Y,6,HI,High School,Mortgage,Boulder,CO
A00002168,Deborah Wilson,51,Y,N,3,LI,Bachelor,Rent,Brentwood,TN
A00004470,Daniel Brown,28,Y,N,6,MI,Bachelor,Mortgage,Glendale,AZ
A00008283,Donna Johnson,55,N,Y,6,HI,PhD,Own,Stowe,VT
A00001048,Vernon Salisbury,47,N,N,3,MI,Bachelor,Rent,Manchester,CT
A00000500,Curtis Eldridge,33,Y,Y,2,HI,High School,Rent,Montgomery,AL
A00006696,Angie Preister,48,Y,Y,2,HI,Masters,Mortgage,Revere,MA
A00004225,Susan Estes,25,Y,Y,7,MI,Masters,Mortgage,Lincoln,CA
A00005918,Leonard Jordan,38,Y,N,2,MI,High School,Rent,Montgomery,AL
A00004655,Mary Merritt,39,Y,Y,2,LI,MD,Mortgage,Nashville,TN
A00005534,Larry Peters,50,Y,Y,2,LI,Bachelor,Mortgage,Glendale,AZ
A00005656,Shirley Boltz,25,N,Y,7,MI,College,Own,Montgomery,AL
A00004535,Martin Floyd,55,N,Y,7,LI,NA,Mortgage,Panama City Beach,FL
A00007040,Nick Rowley,60,Y,Y,7,MI,College,Mortgage,Newark,CA
A00009636,Donnie Peterson,59,N,Y,7,HI,MD,Rent,Panama City Beach,FL
A00007536,Christopher Stull,27,Y,Y,6,HI,Bachelor,Own,,VT
A00002621,Marion Clement,25,N,Y,2,LI,High School,Mortgage,Fayetteville,AR
A00002396,Thomas Allen,52,N,Y,7,MI,Masters,Mortgage,Manchester,CT
A00009112,Peggy Mildren,64,N,Y,2,HI,High School,Mortgage,,VT
A00003561,Maria Rahm,30,Y,Y,5,HI,High School,Rent,Arvada,CO
A00000172,Ernest Jolissaint,44,Y,Y,5,LI,High School,Mortgage,Severn,MD
A00006999,Marian Carlson,54,Y,Y,7,LI,Masters,Mortgage,Louisville,KY
A00001010,Kayla Williams,38,Y,Y,7,MI,Masters,Own,Anchorage,AK
A00007342,Erica Hamson,58,Y,Y,5,MI,Bachelor,Own,Arvada,CO
A00004730,Robert Rowold,63,Y,Y,5,MI,Bachelor,Own,Fayetteville,AR
A00005972,Iris Playford,50,N,Y,2,HI,Bachelor,Own,Annapolis,MD
A00004159,William Lau,54,Y,Y,7,MI,High School,Rent,Washington,DC
A00008269,Eric Hall,40,Y,Y,3,LI,College,Rent,Pasadena,MD
A00002975,Cora Green,47,Y,Y,2,LI,Bachelor,Rent,Norman,OK
A00003932,Stanley Stapleton,33,Y,Y,2,LI,College,Mortgage,Oklahoma City,OK
A00003876,Norman Lucas,44,N,Y,2,MI,Bachelor,Rent,Manchester,CT
A00008928,Raymond Zarek,60,Y,Y,3,HI,Bachelor,Mortgage,Anchorage,AK
A00005776,Henry Catron,31,Y,Y,5,HI,PhD,Own,Glendale,AZ
A00008831,Clarence Bookhardt,54,Y,Y,4,MI,Bachelor,Rent,Nashville,TN
A00001645,William Kittinger,34,Y,N,7,MI,Bachelor,Mortgage,Salinas,CA
A00000283,Joyce Nance,49,Y,Y,4,MI,Bachelor,Own,Brooklyn Park,MD
A00002682,Roger Montes,47,Y,Y,6,MI,High School,Rent,Berkeley,CA
A00003227,Mary Cheatwood,49,Y,N,6,MI,High School,Own,Aurora,CO
A00005133,Matthew Hernandez,29,Y,Y,5,HI,MD,Own,Washington,DC
A00006933,Elodia Sommerfield,58,Y,Y,7,LI,Bachelor,Own,Wheatland,CA
A00004847,Ina Herod,58,Y,Y,7,MI,NA,Mortgage,Arvada,CO
A00002649,Ellen Cover,62,Y,Y,7,MI,PhD,Rent,Fayetteville,AR
A00004143,David Cabler,41,N,Y,6,MI,Bachelor,Own,Springfield,VT
A00004251,Noel Arno,51,Y,Y,6,HI,Bachelor,Mortgage,Panama City,FL
A00003460,Janae Ceaser,40,Y,Y,6,LI,Masters,Mortgage,Nashville,TN
A00000660,Clint Vollmar,41,Y,Y,3,MI,MD,Own,Louisville,KY
A00003305,Nadine Pasquale,60,N,Y,5,HI,High School,Own,Nashville,TN
A00008531,Donald Sparkman,43,Y,Y,3,MI,College,Own,Berkeley,CA
A00003502,Melissa Grace,61,Y,Y,4,MI,NA,Rent,Rutland,VT
A00000483,Lynn Doughty,57,N,Y,4,MI,PhD,Mortgage,Savannah,GA
A00008310,Shannon Alexandra,63,Y,Y,3,MI,PhD,Rent,Anchorage,AK
A00003632,Dorothea Edmonds,40,Y,Y,7,LI,Masters,Rent,Anchorage,AK
A00009585,Dorothy Spalding,27,Y,Y,5,MI,Bachelor,Own,Arvada,CO
A00003603,Drew Callahan,60,Y,Y,2,LI,MD,Mortgage,Washington,DC
A00008070,Richard Mitchell,56,Y,Y,6,MI,High School,Rent,Aptos,CA
A00006917,George Peter,49,N,Y,3,MI,High School,Own,Arvada,CO
A00008122,Ora Mcdougle,27,Y,Y,6,MI,Bachelor,Rent,Louisville,KY
A00002948,Edward Fell,56,Y,Y,4,MI,Masters,Own,Savannah,GA
A00008779,Leah Applegate,38,Y,Y,6,LI,Masters,Mortgage,Nashville,TN
A00003838,Tonita Marler,52,Y,Y,3,LI,Bachelor,Mortgage,Glendale,AZ
A00002477,Ronald Peters,40,Y,Y,4,HI,Bachelor,Own,Foresthill,CA
A00001812,Patrice Willis,46,Y,Y,2,LI,Bachelor,Rent,Severna Park,MD
A00007190,Elenora Mcvay,62,Y,Y,2,MI,Bachelor,Mortgage,Louisville,KY
A00009416,Christopher Gardner,61,N,Y,2,HI,Bachelor,Mortgage,Louisville,KY
A00007960,Maryann Mccarter,39,Y,N,4,LI,MD,Own,Sun City Center,FL
A00007682,Tim Dagostino,38,N,Y,7,LI,Masters,Mortgage,Hayward,CA
A00005980,Amanda Grubbs,41,N,Y,5,MI,Bachelor,Own,Glendale,AZ
A00002063,Gary Stiffler,31,Y,N,6,LI,PhD,Mortgage,Washington,DC
A00000306,John Crigger,33,Y,Y,3,MI,High School,Mortgage,Washington,DC
A00009351,Monica Mease,58,N,Y,3,LI,High School,Rent,Montgomery,AL
A00009977,Judith Ray,55,Y,Y,3,LI,Bachelor,Mortgage,Hayward,CA
A00005547,Joe Penya,34,Y,Y,6,MI,Bachelor,Own,Noble,OK
A00009753,James Prewitt,30,Y,Y,4,MI,Bachelor,Mortgage,Glendale,AZ
A00004266,Diana Lee,57,N,Y,7,LI,Bachelor,Mortgage,Nashville,TN
A00007242,Gertrude Burleson,56,N,Y,6,HI,Masters,Own,Medford,MA
A00006372,Russell Burtt,55,Y,Y,6,HI,High School,Own,Crofton,MD
A00006203,Keith Burke,43,Y,Y,6,LI,Bachelor,Mortgage,Panama City,FL
A00005390,Anna Griffin,54,N,Y,7,LI,Bachelor,Mortgage,Needham,MA
A00009381,Dennis Adams,54,N,Y,4,MI,High School,Rent,Shelburne,VT
A00009917,Cory Lakes,52,N,Y,7,HI,NA,Mortgage,Fayetteville,AR
A00002611,Rose Gant,46,N,Y,7,MI,High School,Mortgage,Arvada,CO
A00005442,Beth Hickman,41,Y,Y,2,LI,MD,Rent,Arvada,CO
A00008355,Darius Cundiff,26,Y,Y,2,MI,Bachelor,Mortgage,Arvada,CO
A00009517,Aurea Mcafee,25,N,Y,6,HI,MD,Rent,Rutland,VT
A00000696,Lisa Woodall,33,N,Y,6,MI,Masters,Own,Anchorage,AK
A00006270,Ann Confer,57,N,Y,6,HI,High School,Rent,Pueblo West,CO
A00000145,Robin Reiley,44,Y,Y,4,MI,Masters,Own,Montgomery,AL
A00002323,Steven Kopicko,48,Y,Y,3,LI,Bachelor,Own,Arvada,CO
A00009131,David Simmons,31,Y,Y,6,HI,MD,Rent,Pike Road,AL
A00009835,Louie Mcclellan,42,Y,Y,6,MI,High School,Mortgage,Nashville,TN
A00005013,Diana Whetzel,29,Y,Y,4,HI,High School,Own,Easthampton,MA
A00004762,Leif Barnes,35,Y,Y,7,MI,High School,Mortgage,Colchester,VT
A00008390,Elizabeth Willie,25,Y,Y,4,MI,Bachelor,Rent,Union City,CA
A00003061,Randy Zarate,62,N,Y,7,LI,PhD,Own,Boxborough,MA
A00004675,Trevor Daniels,44,Y,Y,5,HI,Bachelor,Rent,Manchester,CT
A00003098,Dennis Wilson,44,N,Y,4,HI,PhD,Mortgage,Braintree,MA
A00006155,Frances Sullivan,45,Y,Y,7,LI,High School,Rent,Pooler,GA
A00001848,David Duncan,58,Y,Y,2,LI,PhD,Rent,Hayward,CA
A00006972,Beverly Cook,60,Y,N,3,HI,Bachelor,Own,Glen Burnie,MD
A00005294,Theresa Harding,52,N,Y,3,HI,College,Rent,Savannah,GA
A00000520,Tammy Crissler,29,Y,Y,3,LI,College,Rent,Washington,DC
A00001244,Roosevelt Eubanks,48,Y,Y,3,MI,High School,Mortgage,Washington,DC
A00007012,Gina Smith,53,Y,Y,6,MI,High School,Own,Guthrie,OK
A00007381,Dawn Holtrop,50,Y,Y,3,MI,Masters,Mortgage,Washington,DC
A00007924,Ella Bracy,39,Y,Y,6,MI,College,Own,Glendale,AZ
A00006816,Robert Quattlebaum,43,N,Y,4,HI,MD,Mortgage,Arvada,CO
A00005516,Margaret Bartz,47,Y,N,3,MI,MD,Own,Pasadena,MD
A00007693,Kimberly Lesher,53,Y,Y,5,LI,Bachelor,Rent,Arvada,CO
A00000906,Michael Cordova,64,Y,Y,2,HI,Masters,Mortgage,Oklahoma City,OK
A00001003,Warren Miller,42,Y,Y,7,MI,Bachelor,Mortgage,Panama City,FL
A00006082,Ernest Rutherford,32,Y,Y,2,LI,PhD,Mortgage,Manchester,CT
A00002491,Anthony Whitaker,32,Y,Y,5,LI,Bachelor,Mortgage,Anchorage,AK
A00007805,Leo Darnstaedt,56,Y,Y,4,HI,Bachelor,Own,Manchester,CT
A00000127,John Sommer,60,Y,Y,7,HI,Masters,Mortgage,Manchester,CT
A00008254,Marva Carter,54,N,Y,4,MI,High School,Rent,Nashville,TN
A00004482,James Faust,40,Y,Y,5,MI,MD,Mortgage,Spencer,OK
A00008803,Elaine Earl,32,N,Y,2,HI,MD,Rent,Montgomery,AL
A00003267,Daniel Benninger,27,Y,Y,5,MI,Bachelor,Rent,Washington,DC
A00001200,Rhonda Farrell,59,N,Y,7,MI,High School,Mortgage,Oklahoma City,OK
A00008318,Ruth Magana,58,N,Y,5,MI,High School,Rent,Vershire,VT
A00002274,Trista Barnett,25,Y,N,4,LI,High School,Own,Boulder,CO
A00008510,Jason Boudreau,28,Y,Y,4,MI,MD,Own,Anchorage,AK
A00004812,Greg Johnson,53,N,Y,5,MI,High School,Mortgage,Nashville,TN
A00000976,Joseph Morris,32,Y,Y,6,MI,Bachelor,Own,Arvada,CO
A00003522,Edwin Gordon,50,Y,Y,6,LI,Bachelor,Own,Union City,CA
A00003772,June Queal,27,N,Y,5,MI,Masters,Mortgage,Pooler,GA
A00003073,Lydia Cash,25,Y,Y,2,HI,Bachelor,Own,Livermore,CA
A00001707,Debra Zeigler,37,Y,Y,5,HI,Bachelor,Mortgage,Anchorage,AK
A00000975,Carin Jackson,30,N,Y,7,HI,Bachelor,Mortgage,Panama City,FL
A00002922,Marcy Theden,46,N,Y,6,LI,High School,Rent,Arlington,MA
A00009264,Scott Dineen,35,Y,Y,3,HI,High School,Mortgage,Anchorage,AK
A00002670,Jimmy Binegar,44,Y,Y,5,MI,Bachelor,Mortgage,Olivehurst,CA
A00001443,Lillie Medina,49,Y,Y,2,HI,MD,Rent,Manchester,CT
A00005295,Leonard Holland,44,N,Y,6,MI,High School,Rent,Oklahoma City,OK
A00004387,Brenda Curry,49,Y,Y,2,HI,Bachelor,Rent,Fayetteville,AR
A00001176,Mae Parker,55,N,Y,7,LI,Bachelor,Rent,Montgomery,AL
A00000757,Zachary Steen,64,Y,Y,4,HI,PhD,Mortgage,Montgomery,AL
A00007634,Raymond Little,27,Y,Y,6,LI,Bachelor,Own,Louisville,KY
A00005794,Mae Hughes,27,Y,Y,6,HI,High School,Rent,San Leandro,CA
A00000828,Eileen Alba,64,N,Y,6,LI,High School,Mortgage,Fayetteville,AR
A00009621,Daniel Evangelista,44,N,Y,5,LI,Bachelor,Mortgage,Glendale,AZ
A00000125,Matthew Newsom,28,Y,Y,2,HI,Bachelor,Own,Annapolis,MD
A00005404,Diana Meade,52,Y,Y,6,HI,Bachelor,Rent,Riva,MD
A00004047,Joan Rauth,33,N,Y,4,HI,Bachelor,Own,Savannah,GA
A00006983,Anisha Crandall,38,N,Y,6,LI,High School,Mortgage,Nashville,TN
A00006673,Walter Little,40,Y,Y,7,LI,Bachelor,Mortgage,Panama City,FL
A00006029,Patrick Hauman,45,N,Y,3,MI,PhD,Own,Manchester,CT
A00003555,Paula Noel,52,Y,Y,3,LI,Masters,Mortgage,Fayetteville,AR
A00006694,Ryan Gordon,61,Y,Y,7,MI,Bachelor,Rent,Oakland,CA
A00001535,Dean Slowik,46,Y,N,2,MI,Bachelor,Rent,Union City,CA
A00003315,Ashley Sutton,42,Y,Y,5,MI,Bachelor,Mortgage,Morro Bay,CA
A00005299,Maricruz Hagood,29,Y,N,4,LI,Bachelor,Own,Nashville,TN
A00006993,Caroline Fazio,37,N,Y,7,LI,College,Mortgage,Fayetteville,AR
A00005285,Sharon Vallejos,29,Y,Y,2,MI,Bachelor,Own,Nashville,TN
A00008193,John Sinka,31,Y,Y,6,MI,High School,Own,Port Charlotte,FL
A00002239,Elizabeth Allen,61,N,Y,4,MI,College,Mortgage,Arvada,CO
A00002439,Leda Gerber,49,Y,N,6,MI,Bachelor,Mortgage,Fayetteville,AR
A00004149,Hector Arakaki,42,Y,Y,6,MI,High School,Rent,Fairlee,VT
A00004329,Meghan Hernandez,43,Y,Y,5,MI,High School,Mortgage,Fayetteville,AR
A00005359,John Cruz,55,N,Y,4,LI,PhD,Rent,Hayward,CA
A00005018,Anthony Showe,30,Y,Y,6,HI,Bachelor,Rent,Fayetteville,AR
A00002588,Joey Goodrich,45,Y,Y,3,LI,High School,Own,Oakland,CA
A00005464,Matthew Wilkins,39,Y,Y,7,HI,College,Rent,Wolcott,VT
A00003418,Gordon Elswick,60,Y,Y,5,MI,MD,Rent,Savannah,GA
A00008969,Helen Mudd,55,Y,Y,2,LI,College,Rent,Edgewater,MD
A00008046,Edward New,54,Y,Y,3,MI,NA,Rent,Louisville,KY
A00004997,Rachel Banks,28,Y,Y,7,LI,College,Mortgage,Fayetteville,AR
A00000461,Terry Strang,47,N,Y,3,MI,PhD,Mortgage,Rancho Cordova,CA
A00000021,Robin Harris,41,N,Y,5,MI,Bachelor,Rent,Arvada,CO
A00004333,Alane Thomas,48,Y,Y,2,LI,High School,Mortgage,Montgomery,AL
A00001548,Kathy Bryant,49,Y,Y,4,MI,Bachelor,Mortgage,Manchester,CT
A00006099,James Arnold,51,N,Y,5,LI,College,Own,Panama City,FL
A00009803,Edith Conley,45,Y,Y,4,MI,Bachelor,Own,Manchester,CT
A00005455,Numbers Leverett,33,Y,Y,4,HI,Bachelor,Own,Oak Bluffs,MA
A00006385,Mary Street,55,Y,Y,7,MI,College,Rent,Arvada,CO
A00003002,Thomas Borich,48,N,Y,5,HI,NA,Own,Fayetteville,AR
A00001180,Evelyne Brown,26,N,Y,6,MI,High School,Mortgage,Billerica,MA
A00002600,Justin Britt,36,Y,Y,6,MI,High School,Own,Louisville,KY
A00003109,Elvia Kaplan,50,N,Y,3,LI,PhD,Mortgage,Pasadena,MD
A00009222,Valerie Snively,57,Y,Y,3,HI,Bachelor,Own,Worcester,MA
A00003756,Tracie Wilson,28,Y,Y,3,LI,High School,Mortgage,Winchester,MA
A00009039,Dean Sansotta,64,Y,Y,5,MI,College,Mortgage,Montgomery,AL
A00000869,Melissa Love,62,N,Y,4,MI,Masters,Own,Savannah,GA
A00003329,Paris Gatesy,41,Y,N,4,MI,Bachelor,Mortgage,Lyndon,VT
A00005999,James Wheeler,59,Y,Y,5,HI,Bachelor,Own,Savannah,GA
A00001737,Bobbie Butler,50,Y,Y,2,MI,Masters,Mortgage,Nashville,TN
A00007166,Kareem Smith,43,N,Y,2,HI,College,Rent,Pooler,GA
A00003466,Libby Rivera,45,Y,Y,7,MI,PhD,Rent,Glendale,AZ
A00000034,Florence Mcroberts,40,Y,Y,4,HI,Bachelor,Rent,Fayetteville,AR
A00001119,Lauren Hartrick,44,Y,Y,4,HI,College,Own,Fayetteville,AR
A00002136,William Youree,60,Y,N,4,LI,Bachelor,Rent,Essex,VT
A00003087,Natalie Golden,64,Y,Y,2,HI,College,Own,Panama City,FL
A00006887,Byron Ferrara,62,Y,Y,2,MI,Bachelor,Own,Savannah,GA
A00006337,Carmen Hall,58,Y,Y,6,HI,Bachelor,Mortgage,The Village,OK
A00008461,Anita Devito,39,Y,Y,7,MI,Bachelor,Own,Oklahoma City,OK
A00005349,Melvin Seaborn,51,N,Y,4,LI,Bachelor,Mortgage,Montgomery,AL
A00009725,William Jennings,56,Y,Y,2,LI,Bachelor,Mortgage,Arvada,CO
A00001938,Donald Gin,41,Y,N,6,MI,High School,Rent,Panama City Beach,FL
A00008589,Julia Chandler,54,N,Y,4,MI,High School,Rent,Glendale,AZ
A00008294,Elizabeth Bax,61,Y,Y,4,MI,Masters,Own,South Hadley,MA
A00001290,Tim Pavone,40,N,Y,2,MI,NA,Own,Oklahoma City,OK
A00003724,Michael Westcott,54,Y,Y,5,MI,College,Own,Anchorage,AK
A00008409,John Hunter,30,N,Y,3,HI,High School,Mortgage,Savannah,GA
A00006773,Patrick Goad,41,N,Y,5,MI,High School,Own,Montgomery,AL
A00007403,Wilmer Robertson,47,Y,Y,2,MI,High School,Mortgage,Oklahoma City,OK
A00004239,Tracy Calhoun,32,Y,Y,7,MI,Bachelor,Own,Nashville,TN
A00002951,Christopher Nock,25,Y,Y,5,MI,Masters,Rent,Anchorage,AK
A00005532,Joan Malm,58,Y,Y,2,HI,Bachelor,Own,Glendale,AZ
A00002040,Kevin Milton,27,Y,Y,3,LI,PhD,Mortgage,Pasadena,MD
A00007773,Ann Gill,51,Y,Y,5,LI,Bachelor,Mortgage,Savannah,GA
A00000952,Cherie Regalado,57,Y,Y,7,HI,Bachelor,Own,Washington,DC
A00008672,Michael Certain,26,Y,Y,7,MI,Bachelor,Rent,Jeffersontown,KY
A00000844,James Rodgers,48,Y,Y,2,MI,Bachelor,Rent,Fayetteville,AR
A00001545,John Mayhugh,28,N,Y,5,MI,MD,Rent,Arvada,CO
A00007077,Lori Leedy,27,N,Y,3,MI,Bachelor,Mortgage,Manchester,CT
A00000415,Jerry Hogan,49,Y,Y,2,LI,NA,Mortgage,Savannah,GA
A00004708,Julie Replogle,61,N,Y,4,LI,College,Rent,Pasadena,MD
A00000620,Jason Clanton,57,Y,N,7,LI,High School,Mortgage,Glendale,AZ
A00004208,Maryann Walter,50,Y,N,7,HI,Bachelor,Own,Washington,DC
A00004887,Andrew Bell,64,Y,Y,5,MI,Bachelor,Mortgage,Anchorage,AK
A00006300,Mark Munnis,57,Y,Y,4,LI,Bachelor,Mortgage,Arvada,CO
A00000014,Louis Yang,26,Y,Y,4,HI,Masters,Rent,Louisville,KY
A00006309,Dewey Forbes,29,N,N,6,LI,College,Mortgage,Arvada,CO
A00008487,Betty Alvarez,27,Y,Y,5,LI,MD,Own,Glendale,AZ
A00007942,Ashley Gaytan,62,N,Y,4,MI,Masters,Mortgage,Anchorage,AK
A00003071,Gregory Conner,57,N,N,7,LI,MD,Own,Arvada,CO
A00005651,Daniel Wong,32,Y,Y,7,LI,High School,Mortgage,Arvada,CO
A00000879,John Martin,51,Y,Y,4,MI,High School,Own,Highgate,VT
A00003313,Charlotte Riggleman,62,Y,Y,2,MI,MD,Rent,Manchester,CT
A00008572,Annette Mccaslin,45,Y,Y,2,MI,Bachelor,Mortgage,Edmond,OK
A00002140,Laura Wright,48,N,Y,7,MI,High School,Rent,Glendale,AZ
A00006703,Matthew Grace,60,N,Y,6,LI,High School,Mortgage,Nashville,TN
A00002289,Edward Ford,64,N,N,6,MI,Masters,Rent,Barre,VT
A00000867,Vanessa Jones,54,Y,Y,5,HI,Bachelor,Own,Berkeley,CA
A00003065,Ruben Barclay,46,Y,Y,5,MI,High School,Own,Oakland,CA
A00000939,Paul Craig,57,N,Y,3,MI,High School,Own,Brooklyn Park,MD
A00008373,Juanita Merten,45,Y,Y,5,MI,Bachelor,Rent,Oklahoma City,OK
A00004354,Molly Hamel,45,Y,Y,4,MI,Bachelor,Own,Conway,AR
A00009597,Marie Hayes,46,Y,Y,4,MI,Masters,Mortgage,Mountain View,CA
A00000679,Joseph Meadows,38,N,Y,6,LI,Bachelor,Mortgage,Washington,DC
A00003213,Mary Harrington,51,Y,Y,6,LI,High School,Mortgage,Nashville,TN
A00006472,Gina Butler,36,N,Y,2,LI,Bachelor,Rent,Pooler,GA
A00004517,Shirley Porter,53,N,Y,6,MI,High School,Own,Manchester,CT
A00003156,Anna Sanders,63,N,Y,2,HI,Masters,Rent,Manchester,CT
A00007299,Barbara Levin,37,Y,Y,3,LI,High School,Rent,Waltham,MA
A00002617,Jennefer Shields,27,Y,Y,2,MI,High School,Mortgage,Springfield,MA
A00000276,Penny Pickel,51,Y,Y,5,MI,MD,Own,Arvada,CO
A00005480,Deanna Morris,29,Y,Y,2,LI,College,Rent,Fayetteville,AR
A00002100,Tanika Yeiser,32,N,N,6,MI,MD,Rent,Montgomery,AL
A00000392,Timothy Cage,41,N,Y,4,HI,College,Mortgage,Oakland,CA
A00007066,Mary Huffman,35,Y,Y,4,LI,High School,Rent,Linthicum Heights,MD
A00008021,Charles Johnson,54,Y,Y,2,MI,College,Rent,Arvada,CO
A00002877,Bernard Fonua,33,N,Y,7,HI,High School,Rent,Montgomery,AL
A00002292,Tim Rojo,26,Y,Y,3,HI,Bachelor,Own,Livermore,CA
A00003611,Albert Andrews,64,Y,Y,2,MI,High School,Own,Oakhurst,CA
A00005073,Peter Keane,62,N,Y,2,MI,PhD,Own,Baltimore,MD
A00004969,Marvin Scott,31,Y,Y,5,HI,College,Mortgage,Glen Burnie,MD
A00003800,Thomas Hickson,50,Y,Y,4,MI,High School,Own,Fayetteville,AR
A00007778,Jennifer Townsend,35,N,N,2,LI,High School,Mortgage,Anchorage,AK
A00006207,Cathy Hadley,54,Y,Y,6,MI,High School,Mortgage,Nashville,TN
A00001409,Peter Palmer,29,Y,Y,2,LI,High School,Rent,Fayetteville,AR
A00002760,Tammy Li,59,Y,Y,4,MI,Masters,Own,Manchester,CT
A00004464,Octavio Woods,52,Y,Y,5,LI,College,Rent,Stratton,VT
A00007831,John Tomassi,60,Y,N,3,HI,Bachelor,Mortgage,Deale,MD
A00005746,Rhonda Benjamin,31,Y,Y,5,HI,Bachelor,Rent,Nashville,TN
A00009111,Gerard Duncan,38,Y,N,6,LI,College,Own,Pawlet,VT
A00007385,Paul Harris,53,Y,Y,4,MI,Bachelor,Own,Pooler,GA
A00007047,Ruthie Shea,41,N,Y,2,HI,High School,Own,Savannah,GA
A00008305,Robert Simpson,41,Y,Y,7,MI,PhD,Rent,Panama City Beach,FL
A00005916,Naomi Hoover,56,Y,Y,7,LI,College,Rent,Arvada,CO
A00008108,Donald Gaucin,37,Y,Y,4,MI,High School,Own,Reading,VT
A00006994,Donald Villarreal,38,Y,Y,5,MI,High School,Mortgage,Louisville,KY
A00002735,Karlene Minucci,34,N,Y,2,MI,College,Own,Oakland,CA
A00003232,Georgette Jones,57,Y,Y,6,HI,PhD,Mortgage,Louisville,KY
A00009923,Misty Vega,61,Y,Y,7,MI,High School,Own,Louisville,KY
A00009352,Kathy Barkhimer,54,Y,N,4,HI,Bachelor,Own,Berkeley,CA
A00003453,Lloyd Rowley,47,Y,Y,7,MI,College,Own,Aquinnah,MA
A00007380,Raymond Pound,38,Y,Y,6,HI,High School,Rent,Louisville,KY
A00007126,Cynthia Lollar,57,N,Y,5,MI,High School,Mortgage,Thunderbolt,GA
A00006192,Carolyn Krebbs,28,Y,Y,4,LI,Masters,Mortgage,Glendale,AZ
A00004766,Gladys Webb,38,N,Y,7,HI,College,Own,Nashville,TN
A00002593,James Levine,31,Y,Y,3,LI,Bachelor,Rent,Norton,MA
A00005004,Cassi Cousin,49,Y,Y,3,MI,MD,Mortgage,Nashville,TN
A00007901,Arlene Perego,44,N,Y,2,MI,College,Mortgage,Louisville,KY
A00005990,Grace Munyon,42,N,Y,6,MI,High School,Mortgage,Savannah,GA
A00006954,Katelyn Cianciola,29,Y,Y,6,LI,High School,Rent,Montgomery,AL
A00006020,Judith Frazier,52,Y,Y,2,MI,College,Rent,Bourne,MA
A00009717,James Monath,31,Y,Y,7,MI,College,Mortgage,Montgomery,AL
A00000437,Kenneth Haynesworth,29,N,Y,5,MI,Bachelor,Rent,Nashville,TN
A00000155,Victor Fagg,34,Y,Y,6,MI,PhD,Own,Savannah,GA
A00007425,Karl White,45,N,Y,4,LI,College,Rent,Louisville,KY
A00007783,Sabrina Weathersby,26,Y,Y,6,MI,Bachelor,Own,Panama City,FL
A00005342,Judy Solian,44,Y,Y,3,MI,NA,Mortgage,Arvada,CO
A00004408,Doris Mercado,57,Y,Y,6,MI,MD,Own,Arvada,CO
A00000940,Carl Irwin,50,Y,Y,5,MI,Bachelor,Mortgage,Manchester,CT
A00004998,Dewey Newell,38,Y,Y,5,MI,Bachelor,Own,Fountain,FL
A00005311,Candy Kym,26,Y,Y,7,HI,NA,Own,Gambrills,MD
A00002565,Eula Dini,53,Y,Y,6,MI,NA,Own,Nashville,TN
A00008570,Davida Martin,28,Y,N,3,LI,Bachelor,Rent,Norman,OK
A00009250,Harriet Vashaw,56,Y,Y,4,HI,Bachelor,Rent,Nashville,TN
A00005129,Margaret Abbott,33,Y,Y,4,MI,High School,Rent,Duxbury,MA
A00003911,Dewey Ortega,54,Y,Y,7,MI,Bachelor,Rent,Louisville,KY
A00007821,Dylan Sarracino,32,Y,Y,4,LI,College,Own,Oakland,CA
A00004398,Flora Chamberlain,29,N,Y,2,LI,Bachelor,Rent,Washington,DC
A00005026,Misty Fanney,62,N,Y,6,LI,High School,Mortgage,Arvada,CO
A00009209,Kimberly Godine,32,Y,Y,4,HI,MD,Mortgage,Washington,DC
A00004506,Dale Miller,26,Y,Y,6,HI,Bachelor,Mortgage,Montgomery,AL
A00005641,Herbert Teel,62,Y,Y,3,MI,Bachelor,Mortgage,Piedmont,CA
A00000720,Anthony Larkin,35,Y,Y,6,MI,PhD,Mortgage,Louisville,KY
A00004870,Joseph Wong,37,Y,Y,6,LI,NA,Own,Oakland,CA
A00002236,Jessica Montgomery,34,Y,Y,5,MI,High School,Rent,Pasadena,MD
A00007939,Christine Rubio,25,Y,Y,5,MI,Bachelor,Mortgage,Arvada,CO
A00000881,Barry Bell,28,Y,Y,5,MI,Bachelor,Rent,Savannah,GA
A00002676,John Taylor,37,Y,Y,4,MI,MD,Rent,Fremont,CA
A00002756,David Sommer,37,N,Y,4,LI,College,Own,Washington,DC
A00004741,Stephan Lewis,43,Y,Y,2,MI,High School,Mortgage,Whitmore,CA
A00003543,William Dent,42,Y,Y,5,LI,Bachelor,Own,Castro Valley,CA
A00007541,Roger Mabrey,50,N,Y,5,HI,Bachelor,Own,Montgomery,AL
A00008711,Katerine Lewis,31,Y,Y,3,LI,High School,Rent,Davidsonville,MD
A00006360,Phillip Fields,60,N,Y,2,MI,Bachelor,Mortgage,Windsor,VT
A00007027,William Martin,36,Y,N,4,MI,Bachelor,Rent,Nashville,TN
A00003830,Ola Benack,46,Y,Y,6,MI,NA,Mortgage,Washington,DC
A00002102,Dorothy Mckenzie,26,Y,Y,5,HI,Bachelor,Own,Arvada,CO
A00006538,Matthew Carnevale,31,Y,Y,5,MI,High School,Own,Nashville,TN
A00004494,Theodore Mccoy,43,N,Y,2,MI,High School,Mortgage,Mountain View,CA
A00008159,Tanesha Dickinson,40,Y,Y,2,MI,Bachelor,Rent,Fayetteville,AR
A00009292,Jasmine Lewis,38,Y,Y,7,HI,Bachelor,Own,Livermore,CA
A00003080,Marlene Mcgill,62,Y,Y,2,MI,High School,Own,Nashville,TN
A00008440,Kenneth Zellers,34,Y,Y,5,MI,Masters,Mortgage,Castaic,CA
A00000084,James Jones,64,Y,N,2,HI,Bachelor,Mortgage,Anchorage,AK
A00002831,Richard Stewart,33,Y,Y,3,MI,College,Mortgage,Manchester,CT
A00006198,Bettie Cook,52,Y,Y,7,HI,Masters,Mortgage,Fayetteville,AR
A00009612,Dreama Scurry,52,N,Y,2,HI,College,Mortgage,Nashville,TN
A00002883,Robert Desatnik,41,Y,Y,3,MI,Bachelor,Mortgage,Nashville,TN
A00009586,Jerome Hall,61,Y,Y,7,LI,Bachelor,Rent,Manchester,CT
A00000796,Margaret Meritt,32,N,Y,6,MI,Bachelor,Own,Washington,DC
A00007796,Lauren Gearhart,40,N,Y,3,MI,College,Mortgage,Montgomery,AL
A00009605,Willie Mcintosh,43,Y,Y,5,LI,High School,Rent,Washington,DC
A00003296,Tracy Smith,28,N,Y,7,MI,Bachelor,Rent,Washington,DC
A00002886,Carrie Long,45,Y,Y,2,HI,Bachelor,Own,Cupertino,CA
A00002429,Robert Young,30,Y,Y,5,MI,Bachelor,Mortgage,Melrose,MA
A00003180,Linda Ament,62,Y,Y,6,MI,College,Own,Pleasanton,CA
A00006968,Wayne Burback,42,N,Y,5,LI,PhD,Mortgage,Oklahoma City,OK
A00000229,Jennifer Sibley,44,Y,Y,4,HI,Bachelor,Mortgage,Norman,OK
A00006387,William Buie,25,Y,Y,2,LI,Bachelor,Own,Anchorage,AK
A00002436,Wilma Woody,43,Y,Y,6,MI,NA,Mortgage,Manchester,CT
A00008613,Lucia Broughton,39,N,Y,6,MI,Bachelor,Mortgage,Annapolis,MD
A00000397,Omar Gay,44,N,Y,4,LI,Masters,Mortgage,Arvada,CO
A00001827,Roland Auten,33,Y,Y,4,MI,College,Mortgage,Manchester,CT
A00007899,Susan Ridgeway,61,Y,Y,7,LI,Bachelor,Rent,Louisville,KY
A00004268,Jackie Maness,50,Y,Y,4,LI,Bachelor,Mortgage,Louisville,KY
A00000238,Reginald Block,46,Y,Y,4,LI,High School,Rent,Fayetteville,AR
A00008368,Mark Braswell,54,N,Y,4,LI,Bachelor,Mortgage,Glendale,AZ
A00008127,Lula Woodruff,37,Y,Y,7,LI,NA,Rent,Millersville,MD
A00008512,Jennifer Brown,37,Y,Y,6,MI,Bachelor,Mortgage,Manchester,CT
A00008579,Karen Moga,39,Y,Y,5,MI,High School,Mortgage,Fall River,MA
A00004627,Earl Shepherd,42,Y,Y,3,LI,College,Rent,Manchester,CT
A00006569,Dale Thompson,28,Y,Y,2,MI,High School,Mortgage,Washington,DC
A00001303,Brian Phillips,31,N,Y,7,LI,College,Mortgage,Nashville,TN
A00005212,Judy Biller,63,Y,Y,2,MI,Bachelor,Mortgage,Fayetteville,AR
A00003327,Douglas Carrillo,64,Y,N,2,LI,Masters,Mortgage,Glen Burnie,MD
A00000914,Chris Jackson,64,Y,Y,2,HI,NA,Own,Hayward,CA
A00004027,Anne Forsythe,46,N,Y,3,MI,Bachelor,Own,Montgomery,AL
A00005340,Patrick Williams,35,N,N,7,HI,Bachelor,Rent,Fountain,FL
A00007416,Jeff Stengle,50,Y,Y,2,HI,High School,Rent,Anchorage,AK
A00000890,Eileen Keys,51,Y,Y,2,MI,Bachelor,Rent,Edgewater,MD
A00009417,George Haines,43,Y,Y,6,MI,Bachelor,Rent,Savannah,GA
A00009745,Richard Guiterrez,48,Y,Y,2,LI,Bachelor,Rent,Arvada,CO
A00005583,Kevin Mann,53,Y,Y,6,MI,Bachelor,Own,Fayetteville,AR
A00009692,Richard May,59,Y,Y,5,MI,College,Own,Montgomery,AL
A00001337,Mary Wilson,37,Y,Y,4,HI,Bachelor,Rent,Washington,DC
A00006181,Clifford Burch,40,Y,Y,4,HI,PhD,Own,Cupertino,CA
A00008241,Clement Vail,34,Y,Y,7,MI,High School,Own,Fayetteville,AR
A00004614,Marianne Mitchell,31,Y,Y,5,MI,Bachelor,Mortgage,Moore,OK
A00005524,Nicole Karp,50,N,N,2,MI,NA,Mortgage,Peoria,AZ
A00001581,Brent Lusk,64,N,Y,5,LI,Bachelor,Own,Brookline,MA
A00001733,Cora Marrara,34,Y,Y,2,MI,High School,Rent,Litchfield Park,AZ
A00005543,Rhonda Walker,31,N,N,4,MI,Bachelor,Own,Brentwood,TN
A00000270,Timothy Baldino,34,Y,Y,2,HI,MD,Mortgage,Garden City,GA
A00006713,Madelyn Gordon,49,Y,Y,2,MI,Bachelor,Mortgage,Louisville,KY
A00002726,Angela White,45,Y,Y,4,MI,High School,Own,Louisville,KY
A00007803,Patrick Smith,52,N,Y,7,MI,Bachelor,Own,Edmond,OK
A00009372,Doris Morales,37,Y,Y,7,MI,High School,Mortgage,Mountain Village,CO
A00002293,Robin Goodwin,26,Y,Y,3,MI,College,Own,Manchester,CT
A00000013,Vivian Wallace,45,Y,Y,5,LI,NA,Mortgage,Arvada,CO
A00000439,Donna Cain,62,N,Y,2,MI,Bachelor,Rent,Savannah,GA
A00008118,Roger Dodson,41,Y,N,6,MI,College,Own,Gambrills,MD
A00006680,Beth Joseph,39,Y,Y,2,LI,College,Own,Panama City,FL
A00006085,Paul Richardson,52,Y,Y,6,MI,High School,Mortgage,Pooler,GA
A00006657,Karen James,29,Y,Y,7,MI,MD,Own,Washington,DC
A00008749,Joellen Thompson,61,Y,Y,7,LI,Masters,Mortgage,Fremont,CA
A00004433,William Finkbeiner,30,Y,Y,3,MI,High School,Mortgage,Louisville,KY
A00000473,Kimberly Doucette,36,N,Y,7,MI,Bachelor,Own,Glendale,AZ
A00001326,Chad Mcintyre,60,Y,Y,4,MI,High School,Rent,Edmond,OK
A00002394,Myrna Hemrich,56,N,Y,6,MI,NA,Mortgage,Odenton,MD
A00002276,Nettie Davis,35,Y,Y,2,LI,Bachelor,Mortgage,Jessup,MD
A00007859,Carol Harbin,47,Y,Y,5,HI,High School,Own,Fremont,CA
A00006159,David Handley,61,Y,Y,5,MI,Masters,Mortgage,Savannah,GA
A00007427,Shaun Stubblefield,48,Y,Y,7,HI,Bachelor,Mortgage,Oklahoma City,OK
A00009880,Louise Fitzpatrick,26,Y,Y,6,MI,College,Own,Arvada,CO
A00007988,Felicita Stoughton,31,N,Y,7,LI,High School,Own,Savannah,GA
A00000877,Jeremy Riccio,52,Y,Y,7,LI,Bachelor,Mortgage,Fayetteville,AR
A00006009,Marion Talley,35,Y,Y,6,MI,Bachelor,Mortgage,Hanover,MD
A00000548,Laura Nelson,64,Y,Y,6,HI,College,Own,Riverview,FL
A00006836,James Dubay,30,N,Y,2,MI,High School,Rent,Panama City,FL
A00004169,Anna Alba,39,Y,N,6,MI,Bachelor,Mortgage,Fayetteville,AR
A00004690,Katie Perez,47,N,Y,6,LI,High School,Mortgage,Groton,CT
A00008357,Terry Richard,49,Y,Y,4,LI,High School,Mortgage,Glendale,AZ
A00002633,Edith Brown,28,Y,Y,4,MI,MD,Own,Savannah,GA
A00006262,Geri Rodgers,31,Y,Y,2,MI,College,Mortgage,Manchester,CT
A00002275,Anthony Ayala,36,N,Y,3,MI,Masters,Rent,Berkeley,CA
A00003018,William Brown,52,N,Y,3,HI,Bachelor,Mortgage,Anchorage,AK
A00000365,Ivan Tobin,37,N,N,3,MI,High School,Mortgage,Oklahoma City,OK
A00005675,Guadalupe Mcintyre,32,Y,Y,2,MI,Bachelor,Mortgage,Anchorage,AK
A00005394,Stephen Smith,60,Y,Y,5,MI,Bachelor,Mortgage,Aquinnah,MA
A00008163,Maude Philo,45,N,Y,5,MI,High School,Own,Fayetteville,AR
A00004722,Kate Camacho,63,Y,Y,2,MI,College,Mortgage,Danville,VT
A00001671,John Mcdonald,54,Y,Y,6,MI,MD,Own,Savannah,GA
A00004097,Estella Carroll,56,Y,Y,3,HI,College,Mortgage,Montgomery,AL
A00009687,Jennifer Luke,48,Y,Y,4,HI,High School,Rent,Manchester,CT
A00007313,Anita Martin,63,N,Y,3,HI,College,Own,Fayetteville,AR
A00003287,Anthony Yurko,52,N,Y,6,HI,Bachelor,Rent,Charlton,MA
A00005149,Rickey Danger,48,N,Y,7,HI,High School,Mortgage,Louisville,KY
A00001494,Marie Groom,33,Y,N,3,HI,MD,Own,Manchester,CT
A00001224,Margaret Bobeck,63,Y,Y,3,HI,MD,Own,Manchester,CT
A00005291,George Gamino,42,N,Y,2,MI,Bachelor,Own,Edgewater,MD
A00001125,Sabrina Inman,56,Y,Y,3,LI,Masters,Rent,Manchester,CT
A00006132,Shawn Vargas,35,Y,Y,3,LI,High School,Mortgage,Montgomery,AL
A00002127,Debra Carter,38,Y,Y,6,LI,Bachelor,Mortgage,Springfield,VT
A00003805,Samuel Lahay,43,Y,Y,3,HI,Bachelor,Mortgage,Glen Burnie,MD
A00008644,Edna Houser,26,Y,Y,2,LI,Masters,Mortgage,Manchester,CT
A00009407,Florence Shields,34,Y,Y,2,HI,Bachelor,Rent,Nashville,TN
A00004364,Scott Vargas,30,N,Y,6,HI,High School,Rent,Louisville,KY
A00000413,Diane Smith,35,Y,Y,7,LI,Bachelor,Rent,Washington,DC
A00000701,Maria Crotty,49,N,Y,3,MI,High School,Own,Anchorage,AK
A00001013,Jessie Wesley,27,N,Y,6,MI,Bachelor,Own,San Leandro,CA
A00009702,Linda Snider,47,N,Y,6,LI,Bachelor,Rent,Fort Collins,CO
A00001619,Dale Large,30,Y,Y,5,MI,High School,Mortgage,Mount Tabor,VT
A00009924,Pamela Thomas,39,N,Y,3,HI,High School,Mortgage,Choctaw,OK
A00001574,Amber Finley,44,N,Y,2,HI,Bachelor,Mortgage,Montgomery,AL
A00006751,Steven Lee,47,Y,Y,4,MI,Bachelor,Rent,Montgomery,AL
A00003711,Veronica Chirinos,27,N,Y,6,HI,MD,Mortgage,Thunderbolt,GA
A00002874,David Henderson,40,N,Y,6,MI,High School,Rent,Panama City Beach,FL
A00009507,Harold Grigg,53,Y,Y,2,LI,Masters,Rent,Louisville,KY
A00000797,Adam Hart,44,Y,Y,2,MI,PhD,Own,Oakland,CA
A00005400,James Warren,26,Y,Y,5,LI,High School,Mortgage,Washington,DC
A00004996,James Heintz,46,Y,Y,3,LI,Bachelor,Mortgage,Nashville,TN
A00002273,Jessie Schleusner,40,Y,Y,5,HI,High School,Own,Nashville,TN
A00004286,Dawn Fairweather,28,Y,Y,4,MI,College,Own,Litchfield Park,AZ
A00008598,Julie Henry,58,Y,Y,3,MI,Bachelor,Mortgage,Savannah,GA
A00009832,Ora Dunlop,39,N,Y,2,LI,Masters,Own,Fayetteville,AR
A00002347,Rachael Flinders,39,Y,Y,5,MI,Bachelor,Own,Fayetteville,AR
A00009963,Ethel Peterson,60,Y,Y,7,MI,Bachelor,Own,Wheat Ridge,CO
A00003702,Sandra Buzard,32,Y,Y,5,MI,College,Own,Anchorage,AK
A00002415,Billy Jones,43,Y,Y,4,LI,Masters,Rent,Glendale,AZ
A00001170,Natalie Spiller,48,Y,Y,4,HI,Bachelor,Rent,Oakland,CA
A00005668,Tisha Pogozelski,29,Y,N,3,MI,Masters,Mortgage,Castro Valley,CA
A00000857,Bruce Bagdon,33,Y,Y,3,MI,Bachelor,Mortgage,Savannah,GA
A00009472,Milton Norman,55,Y,Y,5,LI,College,Rent,Beverly Hills,FL
A00000567,Patrick Holien,41,Y,Y,2,HI,High School,Own,Manchester,CT
A00005757,Lenora Oconor,51,N,Y,6,MI,High School,Mortgage,Panama City,FL
A00001881,Tina Steward,27,Y,Y,7,LI,Masters,Rent,Washington,DC
A00002138,Earl Ben,61,Y,Y,4,MI,Masters,Mortgage,Winchester,MA
A00008013,Mary Hogan,62,Y,N,3,MI,Bachelor,Rent,Montgomery,AL
A00005351,Sandra Freeman,37,Y,N,7,LI,High School,Mortgage,Burke,VT
A00007636,Robin Bild,27,Y,Y,5,HI,Bachelor,Own,Savannah,GA
A00008823,Howard Lamberton,63,Y,Y,3,LI,High School,Rent,Fitchburg,MA
A00006221,Marjorie Nailer,28,Y,Y,3,MI,Bachelor,Own,Oakland,CA
A00002700,Helen Miller,55,N,Y,2,MI,PhD,Rent,Savannah,GA
A00003432,Leslie Williams,63,Y,Y,2,LI,High School,Rent,Nashville,TN
A00006580,Jon Barr,47,Y,Y,2,MI,PhD,Own,Westford,VT
A00000436,Mary Andreozzi,46,Y,Y,7,LI,High School,Own,Anchorage,AK
A00009411,Penny Nolen,55,Y,Y,3,LI,High School,Rent,Anchorage,AK
A00007096,Angela Weaver,44,N,Y,3,HI,PhD,Mortgage,Arvada,CO
A00000430,Amanda Johnson,45,Y,Y,7,MI,High School,Rent,Panama City,FL
A00002108,Roxanne Potts,44,Y,Y,7,HI,PhD,Mortgage,Glen Burnie,MD
A00006437,Jane Lamark,35,Y,Y,7,MI,High School,Mortgage,Oklahoma City,OK
A00002111,James Blocker,42,Y,Y,3,LI,High School,Rent,Freetown,MA
A00007644,David Book,54,Y,Y,6,HI,High School,Own,Pike Road,AL
A00004982,Charles Roland,45,Y,Y,3,MI,High School,Rent,Washington,DC
A00009314,Shelia Cutts,49,N,Y,7,LI,College,Mortgage,Fremont,CA
A00002898,Hoa Coburn,25,Y,Y,3,LI,Bachelor,Mortgage,Montgomery,AL
A00009019,Larry Grey,43,Y,Y,7,MI,Bachelor,Mortgage,Glendale,AZ
A00004172,Jody Martin,36,Y,Y,4,LI,College,Mortgage,Nashville,TN
A00004063,Michael Pinsky,53,Y,Y,5,MI,High School,Rent,Washington,DC
A00005913,Karla Thomason,45,Y,Y,5,LI,Bachelor,Mortgage,Louisville,KY
A00000562,Aaron Morris,32,Y,Y,6,MI,Bachelor,Rent,Oklahoma City,OK
A00007794,William Mcclain,50,Y,Y,5,MI,College,Rent,Louisville,KY
A00000801,Marisol Potter,54,Y,Y,7,LI,Bachelor,Mortgage,Oakland,CA
A00001782,Helen Thammavongsa,37,N,Y,5,HI,Bachelor,Mortgage,Arvada,CO
A00004185,Victor Padel,49,N,Y,3,HI,NA,Mortgage,Anchorage,AK
A00008578,Nicole Rech,31,Y,Y,7,LI,Masters,Own,Manchester,CT
A00008143,Richard Bolanos,62,Y,Y,6,LI,Bachelor,Own,Nashville,TN
A00009600,Winston Lindner,34,N,Y,3,MI,College,Mortgage,Farmington,AR
A00009961,Patrica Reay,46,N,Y,7,HI,MD,Own,Savannah,GA
A00006063,Howard Schleicher,30,Y,Y,6,MI,MD,Own,Hayward,CA
A00008085,Tiffany Cotrell,55,Y,Y,7,HI,High School,Own,Cambridge,MA
A00002582,James Siddiqui,27,Y,Y,4,HI,Bachelor,Own,Santa Clara,CA
A00008516,Bradley Hendrie,28,Y,Y,3,LI,Bachelor,Own,Anchorage,AK
A00000407,Dina Millerd,48,Y,Y,5,MI,Bachelor,Mortgage,Williston,VT
A00007947,Leslie Eudy,44,Y,Y,6,MI,NA,Own,Pasadena,MD
A00009337,Edmund Eide,51,N,Y,4,LI,College,Mortgage,Oakland,CA
A00001905,Alison Harper,31,Y,Y,4,MI,NA,Own,Shelburne,VT
A00009705,Eugene Duckett,42,Y,Y,2,HI,High School,Rent,West Sacramento,CA
A00005939,Barbara Reyes,43,N,Y,4,MI,Bachelor,Mortgage,Savannah,GA
A00004473,Thomas Williams,36,Y,Y,2,HI,MD,Own,Panama City,FL
A00008777,Marjorie Crosslin,44,N,Y,4,MI,Bachelor,Own,Odenton,MD
A00008181,Vera Curtis,60,Y,Y,2,HI,Bachelor,Own,Savannah,GA
A00003774,Lynn Baker,42,Y,Y,4,MI,NA,Rent,Arvada,CO
A00007891,Lynn Lee,58,Y,Y,5,HI,Bachelor,Own,Arvada,CO
A00001932,Dustin Nievas,60,Y,N,7,MI,Bachelor,Mortgage,Manchester,CT
A00006602,Zita Sutton,33,N,Y,6,MI,Bachelor,Own,Montgomery,AL
A00000495,Jason Hyett,44,Y,Y,5,MI,High School,Rent,Fayetteville,AR
A00006561,Louis Wright,54,Y,Y,5,MI,Bachelor,Own,Panama City,FL
A00003371,Karen Trafton,35,N,N,3,MI,Bachelor,Rent,Washington,DC
A00006411,Fausto Schwass,51,Y,Y,4,LI,Bachelor,Own,Deale,MD
A00007841,Paula Hall,28,Y,Y,7,LI,Bachelor,Own,Fayetteville,AR
A00005938,Peggy Olson,34,N,Y,6,MI,Masters,Own,Louisville,KY
A00002428,Carolyn Contreras,58,Y,Y,3,MI,High School,Mortgage,Montgomery,AL
A00000120,Alix Price,55,Y,Y,5,HI,Bachelor,Rent,Panama City,FL
A00000943,James Riffe,59,Y,Y,3,MI,Masters,Rent,Lynn Haven,FL
A00007440,Mary Roes,38,Y,Y,7,LI,Bachelor,Own,Nashville,TN
A00001021,William Nelson,52,Y,Y,5,MI,College,Rent,Fayetteville,AR
A00007866,Joseph Clapper,36,Y,N,4,MI,MD,Mortgage,Manchester,CT
A00008387,Martin Gamboa,48,N,Y,6,HI,NA,Rent,Alameda,CA
A00009158,Angela Zahar,52,N,Y,2,MI,Bachelor,Mortgage,Glendale,AZ
A00000346,Alicia Moroz,36,Y,Y,6,LI,High School,Rent,Manchester,CT
A00007436,Jennie Dye,31,N,Y,6,LI,High School,Rent,Nashville,TN
A00005093,Victoria Ross,57,N,Y,2,HI,Bachelor,Rent,North Beach,MD
A00000851,Anthony Lemons,28,Y,Y,7,MI,Bachelor,Rent,Arvada,CO
A00009823,Rosa Renfro,62,Y,Y,7,MI,High School,Rent,Montgomery,AL
A00006460,Patrick Crawford,44,Y,Y,7,MI,Masters,Rent,Severn,MD
A00004118,Julius Whitman,34,N,Y,5,LI,NA,Own,Manchester,CT
A00003623,Amy Self,51,Y,Y,3,MI,Bachelor,Own,Lynn Haven,FL
A00000733,Robert Atwood,40,Y,Y,5,LI,Bachelor,Rent,Manchester,CT
A00005405,Kevin Jeffery,45,Y,Y,7,HI,College,Own,Fremont,CA
A00006051,Ryan Robinson,39,Y,Y,4,HI,MD,Mortgage,Nashville,TN
A00007106,Alan Berrier,37,Y,Y,5,MI,Masters,Mortgage,Laurel,MD
A00001875,Mary Timchula,46,N,Y,7,LI,College,Mortgage,Athol,MA
A00007736,Dale Wilson,53,Y,Y,2,LI,High School,Mortgage,Nashville,TN
A00000616,Lisa Jackson,25,Y,Y,5,MI,High School,Own,Manchester,CT
A00007371,Vikki Mckenzie,54,Y,Y,7,MI,PhD,Mortgage,Oakland,CA
A00006153,John Ingram,38,Y,Y,2,MI,High School,Rent,Panama City Beach,FL
A00002875,Pearl Norwood,53,Y,Y,2,HI,Masters,Own,Southport,FL
A00008359,Inez Howell,48,N,Y,3,LI,MD,Own,Punta Gorda,FL
A00004238,Rose Black,50,Y,N,3,HI,Bachelor,Own,Fountain,FL
A00007324,Nicholas Maurey,35,Y,Y,7,MI,Bachelor,Own,Fall River,MA
A00002207,Cynthia Stevenson,57,N,Y,7,MI,Bachelor,Rent,Arvada,CO
A00000635,Jon Nelson,42,Y,Y,4,MI,Bachelor,Mortgage,Manchester,CT
A00008262,William Moody,31,Y,N,3,HI,Bachelor,Rent,Washington,DC
A00006116,Janie Hollin,54,Y,N,5,MI,MD,Mortgage,Manchester,CT
A00000707,Manuel Sprague,27,Y,Y,6,MI,Bachelor,Mortgage,Nashville,TN
A00001155,Stephanie Chappell,33,Y,Y,7,MI,Masters,Rent,Washington,DC
A00008898,Robert Glisson,30,Y,Y,3,MI,Bachelor,Rent,Berkeley,CA
A00001102,Valerie Noel,54,Y,Y,2,LI,Bachelor,Own,Washington,DC
A00003403,Bessie Lieu,53,Y,Y,5,MI,High School,Rent,Nashville,TN
A00006835,Michael Smith,42,Y,Y,5,MI,Masters,Own,San Leandro,CA
A00004462,Johnny Gonzales,58,N,Y,6,MI,High School,Rent,Anchorage,AK
A00000643,Bobbi Terry,28,Y,Y,5,MI,MD,Own,Fayetteville,AR
A00004606,Bryant Willis,42,Y,Y,2,LI,Bachelor,Mortgage,Anchorage,AK
A00005605,Nadine Coronado,46,Y,N,6,MI,Bachelor,Rent,Panama City,FL
A00009890,Thomas Kubota,34,N,Y,5,MI,MD,Rent,Nashville,TN
A00001686,Lavern Sanders,32,Y,Y,4,LI,High School,Rent,,VT
A00002642,John Sajovic,56,N,Y,5,LI,MD,Own,Manchester,CT
A00000069,John Parson,26,N,Y,3,HI,Bachelor,Own,Manchester,CT
A00005225,Paul Rosales,39,N,Y,6,MI,High School,Mortgage,Manchester,CT
A00006459,Dennis Gowers,29,Y,Y,4,MI,PhD,Rent,Annapolis,MD
A00008595,Shirley Brooks,54,Y,Y,3,MI,Bachelor,Rent,Savannah,GA
A00001257,Darlene Wingo,53,Y,Y,6,LI,High School,Own,Fayetteville,AR
A00008160,Debora Wilbanks,40,Y,N,4,LI,Bachelor,Mortgage,Panama City,FL
A00009448,Linda Tolbert,57,Y,Y,3,MI,PhD,Rent,Savannah,GA
A00004817,David Gottfried,28,Y,Y,5,MI,Bachelor,Own,Fayetteville,AR
A00003821,David Mcintyre,32,N,Y,3,MI,High School,Mortgage,Washington,DC
A00001153,Jonas Myers,60,N,Y,2,LI,Bachelor,Mortgage,Pooler,GA
A00005911,Virginia Reeves,43,Y,Y,6,MI,Masters,Mortgage,Savannah,GA
A00004882,Cassandra Maas,40,Y,Y,2,HI,High School,Rent,Arvada,CO
A00006877,Charles Mantini,64,Y,Y,7,MI,Bachelor,Rent,Worcester,MA
A00001781,Joann Gordon,45,N,Y,6,MI,Bachelor,Mortgage,Glen Burnie,MD
A00001298,Christina Fernandez,44,Y,Y,7,MI,High School,Own,Washington,DC
A00003515,Micheal Livesay,60,Y,N,7,LI,PhD,Own,Montgomery,AL
A00009503,Frank Todd,58,Y,N,3,MI,Masters,Own,Midwest City,OK
A00006744,Roslyn Mauldin,61,N,Y,2,MI,Bachelor,Mortgage,Thunderbolt,GA
A00007339,Roger Renolds,32,Y,Y,6,LI,Bachelor,Own,Alameda,CA
A00003389,Rebecca Alvarez,56,Y,Y,4,LI,College,Mortgage,,MD
A00007224,Terri Daquino,57,Y,Y,4,LI,College,Mortgage,Glendale,AZ
A00005067,Antonio Stonecipher,51,Y,N,4,MI,MD,Mortgage,Manchester,CT
A00003692,Robert Hower,57,Y,Y,7,HI,Bachelor,Rent,Woodford,VT
A00008808,Sally Stroud,48,Y,Y,5,MI,NA,Rent,Anchorage,AK
A00007389,Debora Whitley,47,Y,Y,2,LI,Bachelor,Mortgage,Anchorage,AK
A00007595,Matthew Kesselman,59,Y,Y,3,MI,Bachelor,Rent,Edmond,OK
A00002858,Rhonda Moore,49,Y,Y,3,LI,Bachelor,Mortgage,Anchorage,AK
A00002511,Lavern Cabrera,28,Y,Y,4,LI,PhD,Own,Severna Park,MD
A00005269,Patricia Stafford,59,Y,Y,7,MI,Masters,Mortgage,Panama City,FL
A00009369,Christine Joyce,49,Y,Y,6,MI,High School,Rent,Hayward,CA
A00008167,Christopher Peters,30,N,N,7,MI,Bachelor,Mortgage,Washington,DC
A00002563,Lori Ferguson,26,Y,Y,5,HI,High School,Rent,Montgomery,AL
A00004556,Maryjane Forrest,27,Y,Y,2,MI,High School,Mortgage,Anchorage,AK
A00000910,Brittany Aubuchon,56,Y,Y,5,MI,College,Own,Washington,DC
A00001140,Susanne Clark,60,Y,Y,3,LI,Bachelor,Own,Manchester,CT
A00002739,Eric Ward,57,N,Y,4,MI,High School,Rent,Pueblo,CO
A00004848,Ervin Hightower,37,Y,Y,4,MI,High School,Own,Washington,DC
A00009617,Christopher Mccord,48,Y,Y,6,HI,Bachelor,Rent,Anchorage,AK
A00003495,Sophie Garcia,52,Y,Y,4,LI,College,Own,Manchester,CT
A00007967,Susan Kasper,63,Y,Y,5,LI,Bachelor,Rent,Nashville,TN
A00000379,Amber Paul,47,Y,Y,4,MI,High School,Own,Fremont,CA
A00000770,George Cooper,48,Y,Y,5,HI,Bachelor,Mortgage,Mexico Beach,FL
A00001677,Daniel Robinson,47,Y,Y,6,MI,College,Rent,Manchester,CT
A00001377,Berta Pennington,48,N,Y,3,MI,Bachelor,Mortgage,Manchester,CT
A00009553,Nora Rightmire,29,N,Y,2,MI,Bachelor,Rent,Louisville,KY
A00007676,Rudolph Stevens,43,Y,Y,5,LI,Bachelor,Own,Montgomery,AL
A00009773,Helen Eversole,40,Y,Y,5,LI,Bachelor,Rent,Chelsea,MA
A00008624,Patricia Weddle,43,Y,Y,4,MI,PhD,Own,Midwest City,OK
A00004988,Richard Carlson,64,Y,Y,4,LI,Bachelor,Own,Savannah,GA
A00006143,Charles Richardson,29,N,Y,6,MI,College,Mortgage,Montgomery,AL
A00003480,Shelia Barsness,29,Y,N,5,MI,High School,Rent,Union City,CA
A00005350,Ana Mcconnell,27,Y,Y,7,HI,Bachelor,Rent,Montgomery,AL
A00002518,Pauline Thomas,54,N,Y,4,MI,High School,Rent,Medford,MA
A00008180,William Davis,63,N,Y,5,LI,Masters,Mortgage,Savannah,GA
A00005249,Jose Reynolds,41,Y,Y,2,MI,Bachelor,Rent,Anchorage,AK
A00009149,Dennis Burrus,32,Y,Y,5,MI,Masters,Rent,Washington,DC
A00000929,Tony Fraser,52,Y,Y,4,LI,Bachelor,Mortgage,Arvada,CO
A00006429,Erika Bryant,25,Y,Y,4,HI,High School,Mortgage,Glen Burnie,MD
A00001864,Justin Lay,37,Y,Y,4,HI,College,Own,Oklahoma City,OK
A00009870,Larry Fullerton,58,Y,Y,3,HI,PhD,Mortgage,Louisville,KY
A00006235,Robert Kase,54,Y,Y,3,LI,Bachelor,Mortgage,Panama City,FL
A00000603,Kenneth Rogers,61,Y,Y,5,MI,High School,Own,Midwest City,OK
A00007708,Peter Bozych,44,Y,N,7,MI,High School,Own,Washington,DC
A00008933,David Harford,44,Y,Y,5,HI,High School,Own,Nashville,TN
A00008414,Bessie Mohr,34,N,Y,7,MI,High School,Rent,Nashville,TN
A00000760,Antoinette Wiggins,53,N,Y,5,LI,Masters,Own,Glendale,AZ
A00008802,Julie Rinehart,62,N,N,3,LI,Bachelor,Rent,Antioch,CA
A00002282,Linda Parton,36,N,N,3,MI,High School,Own,Goodlettsville,TN
A00000077,Frances Terry,53,Y,Y,3,HI,Bachelor,Mortgage,Glen Burnie,MD
A00009247,Pamela Mcquinn,56,Y,Y,3,HI,PhD,Mortgage,Anchorage,AK
A00003804,Roy Rayburn,32,Y,Y,4,MI,Bachelor,Rent,Montgomery,AL
A00000552,Matthew Hendley,57,Y,N,6,MI,PhD,Mortgage,Atascadero,CA
A00006129,James Kleis,26,N,Y,6,LI,Bachelor,Rent,Washington,DC
A00001547,Jose Turner,27,Y,Y,5,HI,Bachelor,Mortgage,Edmond,OK
A00006455,John Smith,37,Y,Y,4,HI,College,Mortgage,Annapolis,MD
A00006710,Hazel Young,32,Y,Y,3,MI,High School,Mortgage,Arvada,CO
A00009879,Walter Edmunds,45,Y,Y,3,MI,Bachelor,Mortgage,Fayetteville,AR
A00004667,David Beaudette,26,Y,Y,5,MI,Bachelor,Mortgage,Nashville,TN
A00006046,Anna Mitchel,34,Y,Y,7,LI,Bachelor,Rent,Hayward,CA
A00007407,Alva Brown,56,Y,Y,7,LI,Bachelor,Mortgage,Panama City Beach,FL
A00001928,Theresa Crozier,50,Y,Y,6,MI,High School,Mortgage,Anchorage,AK
A00005207,William Crittenden,41,Y,Y,2,LI,Masters,Rent,Oklahoma City,OK
A00005107,Tim Warren,38,N,N,4,MI,High School,Own,Fremont,CA
A00002857,Charles Perdomo,45,N,Y,6,MI,Bachelor,Rent,Fayetteville,AR
A00001044,Melissa Shaw,47,Y,Y,3,MI,NA,Mortgage,Fremont,CA
A00003770,Bridget Dick,32,N,Y,5,MI,High School,Own,Pasadena,MD
A00006604,Maxwell Stamdifer,64,Y,Y,6,LI,High School,Own,Anchorage,AK
A00002285,William Johnson,31,Y,Y,4,MI,PhD,Own,Anchorage,AK
A00003438,Lane Koontz,52,Y,Y,3,MI,PhD,Mortgage,Edgewater,MD
A00009620,Christian Bucher,30,N,Y,3,MI,Bachelor,Rent,Montgomery,AL
A00009293,Ann Allen,27,Y,N,2,MI,NA,Mortgage,Louisville,KY
A00009522,James Weiskopf,55,N,Y,6,MI,Bachelor,Own,Union City,CA
A00001612,Michael Banks,46,N,Y,3,MI,Bachelor,Own,Nashville,TN
A00008224,Marcus Caballero,61,Y,Y,7,MI,High School,Rent,Washington,DC
A00003265,Bertha Lee,36,Y,Y,7,HI,Bachelor,Rent,Essex,VT
A00008752,Morgan Goodridge,37,Y,Y,2,MI,Masters,Rent,Fayetteville,AR
A00001576,Thomas Reichert,37,Y,Y,4,MI,MD,Rent,Waltham,MA
A00003033,Angela Grimm,38,Y,Y,3,HI,High School,Mortgage,Washington,DC
A00000321,Robert Salazar,38,Y,Y,6,LI,College,Own,Dennis,MA
A00009577,Ralph Rockett,40,Y,Y,6,MI,PhD,Rent,Oakland,CA
A00008424,Paula Stephens,53,N,Y,4,MI,Bachelor,Mortgage,Washington,DC
A00002475,Debra Kowalchuk,28,Y,Y,3,MI,College,Own,Louisville,KY
A00009782,Ella Barksdale,42,Y,Y,5,MI,Bachelor,Own,Savannah,GA
A00008940,Jenifer Holland,44,Y,N,6,HI,College,Own,Washington,DC
A00004021,Leslie Healy,27,N,Y,2,MI,High School,Rent,Nashville,TN
A00000594,Dane Aragon,45,Y,Y,4,HI,Masters,Mortgage,Edmond,OK
A00009798,Phillip Soares,40,Y,Y,7,MI,High School,Rent,Union City,CA
A00003056,Margie Walton,32,Y,Y,6,MI,Bachelor,Own,Lincoln,CA
A00000826,Mary Greene,64,Y,Y,3,MI,Bachelor,Rent,Glendale,AZ
A00005769,Elizabeth Stack,52,N,Y,2,HI,College,Rent,Panama City,FL
A00008094,John Henderson,51,Y,Y,4,MI,Bachelor,Own,Arvada,CO
A00005687,Carol Green,57,Y,Y,4,HI,Bachelor,Own,Annapolis,MD
A00009886,Philip Coleman,42,Y,Y,4,MI,PhD,Own,Plymouth,VT
A00006689,Joseph Johnson,55,Y,Y,6,LI,Bachelor,Own,Nashville,TN
A00004290,Joan Smith,52,Y,Y,4,HI,College,Own,Nashville,TN
A00008989,Nancy Davis,50,Y,Y,2,HI,Bachelor,Rent,Panama City,FL
A00009200,Helen Johnson,45,N,Y,3,HI,Bachelor,Rent,Nashville,TN
A00004921,James Marks,58,N,Y,4,LI,Bachelor,Mortgage,Washington,DC
A00000745,Mary Campbell,60,Y,Y,2,HI,College,Own,Louisville,KY
A00000811,Kent Sanders,62,N,Y,6,LI,High School,Mortgage,Manchester,CT
A00005414,James Brunetto,55,Y,Y,4,LI,High School,Rent,Livermore,CA
A00001497,Dorthy Lenhardt,29,Y,Y,4,MI,High School,Rent,Fremont,CA
A00007835,Nancy Williams,29,Y,Y,4,HI,College,Rent,Fayetteville,AR
A00008593,Kathleen Thompson,41,Y,Y,7,LI,High School,Rent,Arvada,CO
A00003676,Richard Hepburn,46,Y,Y,5,MI,High School,Mortgage,Fayetteville,AR
A00004066,Michael Hosler,31,Y,Y,5,HI,High School,Rent,Pooler,GA
A00003089,Stephanie Stuber,51,Y,Y,4,HI,High School,Own,Louisville,KY
A00002832,Maria Queen,45,Y,Y,4,MI,High School,Rent,Annapolis,MD
A00006636,Virginia Aburto,38,Y,Y,4,MI,Bachelor,Own,Anchorage,AK
A00002744,Dustin Willert,58,Y,Y,2,LI,Bachelor,Rent,Manchester,CT
A00009046,Caleb Davis,44,Y,Y,6,MI,Masters,Mortgage,Washington,DC
A00004198,Martin Parrott,43,Y,Y,2,HI,Bachelor,Mortgage,Savannah,GA
A00008156,Mike Jackson,52,Y,Y,6,LI,Bachelor,Own,Savannah,GA
A00000074,Clyde Presswood,42,N,Y,4,LI,Bachelor,Mortgage,Bourne,MA
A00009563,Miguel Eckman,46,N,Y,4,MI,College,Mortgage,Swanton,VT
A00001417,Susan Varos,60,Y,Y,2,MI,Masters,Mortgage,Louisville,KY
A00007005,Steven Outen,27,Y,N,5,LI,Bachelor,Mortgage,Manchester,CT
A00002386,Susan Woodson,33,Y,N,4,LI,High School,Rent,Oklahoma City,OK
A00005602,Jimmie Olson,49,N,Y,2,MI,NA,Own,Manchester,CT
A00004558,William Slosek,36,Y,Y,6,LI,Bachelor,Own,Savannah,GA
A00005462,Regan Burgener,58,Y,Y,6,MI,High School,Own,San Leandro,CA
A00008718,Marta Gay,54,Y,Y,5,LI,Masters,Own,Louisville,KY
A00005831,Merlin Gunning,34,Y,Y,6,MI,Bachelor,Own,Washington,DC
A00002590,Corey Webster,37,Y,Y,3,MI,High School,Own,Panama City,FL
A00009983,Stephen Zielinski,34,Y,Y,3,MI,High School,Own,Webster,MA
A00000719,Esperanza Thompson,52,Y,Y,5,HI,NA,Mortgage,Manchester,CT
A00002551,Becky Ledezma,33,Y,Y,7,MI,High School,Mortgage,Panama City,FL
A00006255,Edward Miller,28,N,Y,5,MI,PhD,Rent,Fort Collins,CO
A00002797,Della Harjo,42,Y,Y,6,HI,College,Rent,Arvada,CO
A00005293,Edward Whitehead,50,N,N,3,MI,PhD,Rent,Fayetteville,AR
A00001086,Jeffrey Noel,53,Y,Y,6,LI,Bachelor,Rent,Fayetteville,AR
A00007044,Caleb Keel,36,Y,Y,4,MI,High School,Rent,Fayetteville,AR
A00007241,John Kellerman,52,Y,Y,4,LI,Bachelor,Rent,Glendale,AZ
A00004236,Jane Rivera,33,Y,Y,3,MI,College,Own,Hingham,MA
A00009594,Catherine Vincent,34,Y,N,5,HI,College,Own,Anchorage,AK
A00007853,Marc Bell,51,Y,Y,3,MI,High School,Rent,Oklahoma City,OK
A00004906,Nicholas Saylor,44,Y,Y,2,LI,High School,Own,Sacramento,CA
A00009720,Brenda Mcvay,32,Y,Y,4,MI,High School,Own,Medford,MA
A00006837,Lauren Lott,60,N,Y,5,MI,Bachelor,Mortgage,Nashville,TN
A00005479,David Beck,57,N,Y,5,HI,Bachelor,Own,Edgewater,MD
A00003825,Gloria Green,35,Y,Y,2,HI,Bachelor,Mortgage,Nashville,TN
A00006315,James Shelton,25,Y,Y,3,LI,Bachelor,Rent,Antioch,CA
A00005895,Linda Johnson,27,N,Y,2,LI,Bachelor,Mortgage,Pooler,GA
A00003204,Gracie Horne,55,Y,Y,7,MI,Bachelor,Rent,Santa Rosa,CA
A00000753,Ira Boyne,57,Y,N,6,LI,High School,Mortgage,Manchester,CT
A00007681,Cheryl Fletcher,34,N,Y,2,MI,High School,Own,Glendale,AZ
A00001161,Barbara Smalls,53,Y,Y,6,HI,PhD,Mortgage,Hubbardston,MA
A00006025,Selma Huseman,62,Y,Y,4,MI,High School,Rent,Glen Burnie,MD
A00003017,Julia Ungerecht,33,Y,Y,5,MI,Bachelor,Own,Anchorage,AK
A00007374,Jerome Smith,28,Y,Y,4,MI,NA,Own,Anchorage,AK
A00007802,Stephen Martello,28,Y,Y,2,HI,Bachelor,Mortgage,Anchorage,AK
A00007721,Doris Macon,57,Y,Y,7,HI,Bachelor,Rent,Panama City,FL
A00008380,Eugene Bone,58,N,Y,7,MI,High School,Rent,Arvada,CO
A00007929,Jerry Anklam,61,Y,Y,5,HI,Bachelor,Own,Washington,DC
A00002937,Frank Duran,44,Y,Y,4,MI,Masters,Rent,Savannah,GA
A00003631,Maria Sears,62,Y,Y,4,MI,Masters,Rent,Arvada,CO
A00007472,David Heifner,43,Y,Y,5,MI,NA,Rent,Louisville,KY
A00003197,Cynthia Parish,47,N,Y,7,MI,PhD,Rent,Fayetteville,AR
A00000654,Arline Warner,41,N,Y,7,MI,High School,Mortgage,Eureka,CA
A00001216,Mary Reed,37,Y,Y,4,MI,Bachelor,Own,Telluride,CO
A00003446,Joseph Frese,53,Y,Y,6,MI,Bachelor,Mortgage,San Leandro,CA
A00000835,Ila Douglas,50,Y,Y,3,MI,Bachelor,Mortgage,Fremont,CA
A00001410,Bessie Thomas,61,N,Y,6,MI,High School,Own,Fremont,CA
A00002984,Christopher Kuehne,64,Y,Y,2,LI,High School,Rent,Nashville,TN
A00009440,Jesse Carson,32,Y,Y,7,LI,High School,Rent,Manchester,CT
A00003283,Patrick Mcneal,32,Y,Y,6,LI,Bachelor,Mortgage,Hartland,VT
A00008895,Stephanie Munch,26,N,Y,6,MI,Masters,Mortgage,Montgomery,AL
A00008576,Jesse Degnan,36,Y,Y,5,HI,PhD,Mortgage,Washington,DC
A00007423,Charles Oge,62,Y,Y,2,LI,Bachelor,Mortgage,Oklahoma City,OK
A00000107,David Colon,29,Y,Y,4,LI,Masters,Rent,Savannah,GA
A00007844,Jennifer Benson,50,Y,Y,4,LI,High School,Rent,Walpole,MA
A00009354,Ambrose Gardella,42,Y,Y,4,LI,High School,Mortgage,Mexico Beach,FL
A00004243,Deshawn Austin,53,Y,Y,6,MI,NA,Rent,Pasadena,MD
A00005603,Dana Rodriguez,27,N,Y,5,MI,High School,Mortgage,Alameda,CA
A00008460,Kenneth Pate,37,N,Y,2,MI,High School,Own,Anchorage,AK
A00009193,Kevin Davis,63,Y,Y,2,HI,Bachelor,Own,Anchorage,AK
A00005371,William Kidd,62,N,Y,7,LI,Bachelor,Rent,Santa Rosa,CA
A00002623,Lucie Clemons,28,Y,Y,5,LI,College,Mortgage,Palm Bay,FL
A00005770,Kenneth Wilson,33,N,N,3,LI,High School,Mortgage,Barnstable,MA
A00001819,Michelle Robinson,50,N,Y,7,HI,Bachelor,Mortgage,Montgomery,AL
A00008221,Cecile Bell,36,Y,Y,7,MI,College,Mortgage,Nashville,TN
A00003344,Anthony Rice,52,N,N,5,MI,Bachelor,Rent,Fayetteville,AR
A00000154,Charles Reynolds,45,Y,Y,7,MI,Masters,Own,Nashville,TN
A00003995,Douglas Marcum,57,Y,Y,2,MI,High School,Rent,Fayetteville,AR
A00004674,Inez Richardson,36,Y,Y,5,MI,Bachelor,Own,Montgomery,AL
A00007945,Timothy Broadfoot,51,Y,Y,4,LI,High School,Own,Riverview,FL
A00005670,Bryon Renner,29,Y,Y,2,LI,Bachelor,Mortgage,Manchester,CT
A00007107,Brandi Ney,64,N,Y,4,HI,Bachelor,Own,Anchorage,AK
A00007631,Vera Sanders,52,Y,N,6,HI,Bachelor,Own,Panama City,FL
A00008868,David Carey,48,Y,Y,2,HI,High School,Own,Bloomingdale,GA
A00009298,Lauri Whitacre,58,Y,N,5,HI,Bachelor,Rent,Millersville,MD
A00006675,Donna Tomlinson,30,Y,Y,7,MI,Bachelor,Own,Washington,DC
A00004979,Marie Reese,30,Y,Y,2,LI,High School,Own,Nashville,TN
A00006464,Guy Connolly,32,Y,Y,3,HI,Masters,Mortgage,Agawam,MA
A00007048,John Neagle,37,N,Y,2,MI,Bachelor,Own,Montgomery,AL
A00004062,William Talbot,50,Y,Y,7,MI,College,Mortgage,Fremont,CA
A00001708,Virginia Thomas,46,Y,Y,2,LI,Bachelor,Own,Concord,CA
A00008383,John Shaw,47,Y,Y,3,MI,Bachelor,Mortgage,Wheat Ridge,CO
A00007744,Donald Robbins,49,Y,Y,4,LI,NA,Rent,Arvada,CO
A00006943,John Ross,56,Y,Y,5,MI,Bachelor,Own,Glendale,AZ
A00001696,Nancy Gaunce,48,Y,Y,5,HI,College,Mortgage,Foxborough,MA
A00006182,Kimberly Kocher,30,Y,Y,3,MI,High School,Own,Port Charlotte,FL
A00007839,Ellen Hollander,50,Y,Y,3,LI,High School,Rent,Louisville,KY
A00002270,Douglas Berrios,60,Y,Y,2,MI,MD,Mortgage,Panama City,FL
A00006415,Gloria Cook,51,Y,Y,2,LI,Bachelor,Own,Washington,DC
A00001329,Gretchen Singleton,39,N,Y,6,MI,Masters,Own,Washington,DC
A00004716,Helen Box,38,Y,N,2,HI,High School,Own,Pooler,GA
A00007155,Velia Tomlin,51,N,Y,7,MI,College,Own,Nashville,TN
A00000872,Alice Lee,39,Y,Y,7,MI,Bachelor,Rent,Fremont,CA
A00002972,Franklin Rape,46,Y,Y,2,HI,Bachelor,Mortgage,Washington,DC
A00008914,Danny Butz,42,Y,Y,3,HI,Bachelor,Own,Anchorage,AK
A00002328,Michelle Delarosa,48,Y,Y,2,MI,High School,Own,Saint Albans City,VT
A00005515,Frank Finney,59,Y,N,5,MI,NA,Mortgage,Fayetteville,AR
A00001522,Terri Ledbetter,39,Y,Y,5,MI,College,Own,Manchester,CT
A00004191,Amy Masterson,27,Y,Y,2,MI,Bachelor,Rent,Washington,DC
A00001607,Maria Crumbley,60,Y,Y,2,HI,Masters,Rent,Montgomery,AL
A00003324,Ruth Duncan,27,Y,Y,4,LI,High School,Mortgage,Mountain View,CA
A00003289,Shane Tolbert,31,Y,Y,5,MI,PhD,Mortgage,Anchorage,AK
A00006311,Maria Blodgett,30,N,Y,2,LI,College,Mortgage,Louisville,KY
A00003358,Georgette Hamilton,60,Y,Y,7,MI,Bachelor,Mortgage,Louisville,KY
A00007658,Patricia Poncedeleon,45,Y,Y,3,MI,Bachelor,Rent,Arvada,CO
A00003243,Phillip Dodson,58,Y,Y,2,HI,Bachelor,Own,Montgomery,AL
A00001178,Scott Hartzell,33,Y,Y,7,LI,Bachelor,Own,Oakland,CA
A00001242,James Mathis,31,N,Y,3,HI,PhD,Mortgage,Arnold,MD
A00005934,Carl Omalley,52,N,Y,6,MI,High School,Own,Washington,DC
A00005358,Teddy Geller,57,Y,Y,7,LI,College,Rent,Anchorage,AK
A00001165,Tim Farmer,29,Y,Y,7,MI,High School,Rent,Washington,DC
A00001126,Helen Trott,41,Y,Y,6,HI,Bachelor,Rent,Nashville,TN
A00000475,Mathew Fennel,41,Y,Y,6,HI,MD,Rent,Washington,DC
A00003210,Anthony Hampton,30,Y,Y,3,HI,High School,Rent,Oklahoma City,OK
A00000469,Carlos Zamora,35,Y,Y,5,MI,High School,Mortgage,Union City,CA
A00000799,Josh Youree,55,Y,Y,5,MI,High School,Own,Fremont,CA
A00007895,Carla Vancleave,26,Y,Y,4,LI,NA,Rent,Essex,VT
A00008464,Robert Sledge,52,Y,Y,3,MI,Bachelor,Own,San Leandro,CA
A00005090,Mason Pfost,39,N,N,5,MI,Bachelor,Rent,Wilbraham,MA
A00003111,Ma Prestwich,48,N,Y,4,MI,Bachelor,Mortgage,Fayetteville,AR
A00005712,Francisco Franke,25,N,N,4,MI,Masters,Mortgage,Nashville,TN
A00001797,Marvel Crook,33,Y,Y,3,HI,NA,Rent,Washington,DC
A00006705,Tammy Babecki,49,Y,Y,5,LI,Bachelor,Mortgage,Lynn Haven,FL
A00008763,Charles Dudley,25,N,Y,2,LI,College,Rent,Oklahoma City,OK
A00008587,Shannon Pham,63,N,Y,2,MI,Bachelor,Mortgage,Marlborough,MA
A00006588,Matthew Edwards,31,N,Y,3,MI,Bachelor,Mortgage,San Lorenzo,CA
A00007753,Myra Lannier,38,Y,Y,3,MI,High School,Own,Glendale,AZ
A00005850,Donald Gray,63,Y,Y,2,MI,High School,Own,Oklahoma City,OK
A00004811,Joshua Cole,62,Y,Y,6,MI,NA,Rent,Glendale,AZ
A00009230,Abel Burkett,40,N,Y,5,LI,High School,Rent,Moore,OK
A00006465,Tyler Han,44,Y,Y,2,MI,Bachelor,Rent,Montgomery,AL
A00005975,Michael Walker,29,Y,Y,6,MI,Bachelor,Mortgage,Montgomery,AL
A00004241,Margaret Smith,44,Y,Y,7,MI,College,Rent,Fayetteville,AR
A00004472,Barbara Hayes,28,Y,Y,5,MI,High School,Rent,Medway,MA
A00007114,Bob Leatherwood,35,Y,Y,4,HI,High School,Mortgage,Castro Valley,CA
A00006317,Elaine Best,46,Y,Y,5,HI,PhD,Rent,Union City,CA
A00004005,Betty Ferraraccio,38,Y,Y,7,MI,Masters,Rent,San Leandro,CA
A00002524,Martha Reed,44,Y,Y,4,MI,Bachelor,Mortgage,Fayetteville,AR
A00007885,Tanya Steverson,60,Y,Y,7,MI,High School,Mortgage,Arvada,CO
A00009780,Sandra Oliveras,43,Y,Y,6,HI,PhD,Mortgage,Arvada,CO
A00004201,Martha Johnson,48,N,Y,5,LI,High School,Mortgage,Manchester,CT
A00008661,Garrett Seymore,39,Y,N,5,MI,Bachelor,Rent,Tewksbury,MA
A00007127,Claire Turkin,53,Y,Y,6,HI,High School,Own,Manchester,CT
A00001788,Dewey Anderson,29,N,Y,6,MI,College,Own,Medford,MA
A00001213,Lilliam Grimm,40,Y,N,5,HI,College,Mortgage,Arvada,CO
A00007705,Mathew Sims,56,N,Y,3,MI,Bachelor,Rent,Savannah,GA
A00005638,Betty Bowman,56,Y,Y,3,LI,College,Mortgage,Hayward,CA
A00002050,Helen Brooks,41,Y,N,6,MI,High School,Own,Glendale,AZ
A00004577,Dan Barnes,35,N,Y,5,MI,College,Rent,Annapolis,MD
A00000288,Michael Kinney,49,Y,N,7,LI,PhD,Own,Washington,DC
A00007495,Selena Lomago,30,Y,Y,5,MI,MD,Own,Glendale,AZ
A00000375,Jeremy Purnell,26,Y,Y,7,LI,Bachelor,Rent,Thunderbolt,GA
A00008275,Daryl Micale,38,Y,Y,3,LI,High School,Rent,Lawrence,MA
A00007782,Mary Geller,38,Y,Y,4,MI,Bachelor,Mortgage,Fayetteville,AR
A00006057,Rose Nolte,51,N,Y,5,MI,Bachelor,Own,Glendale,AZ
A00010000,Guadalupe Bayles,34,Y,N,4,MI,PhD,Own,Savannah,GA
A00000096,Sheri Dufrene,55,Y,Y,7,MI,High School,Mortgage,Groton,VT
A00006924,Christi Lyons,51,Y,Y,3,LI,Bachelor,Own,Edmond,OK
A00008667,Irene Mccarthy,58,Y,Y,5,MI,Bachelor,Own,Panama City Beach,FL
A00007384,Misty Vaughn,62,Y,Y,3,LI,High School,Rent,Nashville,TN
A00000936,Robert Frias,35,N,Y,6,LI,PhD,Own,Fayetteville,AR
A00001060,Marvin Rentfro,45,N,Y,4,LI,Masters,Rent,Arvada,CO
A00009265,Marshall Worm,45,N,Y,4,MI,High School,Mortgage,Manchester,CT
A00005314,Mary Carmona,59,Y,Y,5,MI,High School,Mortgage,Washington,DC
A00006794,Gloria Knutson,62,Y,Y,3,LI,High School,Rent,Swanton,VT
A00006258,Kari Evans,30,Y,Y,6,MI,Bachelor,Rent,Louisville,KY
A00002564,Melina Stuck,26,Y,Y,7,HI,Bachelor,Rent,Fayetteville,AR
A00009148,Marshall Davis,61,Y,Y,2,LI,High School,Rent,Pasadena,MD
A00008044,Olga Caudle,39,Y,Y,6,MI,Bachelor,Mortgage,Panama City,FL
A00001550,Anthony Conley,36,Y,Y,4,LI,PhD,Own,Glendale,AZ
A00009403,Joseph Wingate,25,Y,Y,2,LI,Bachelor,Mortgage,Tybee Island,GA
A00008691,Richard Deeds,60,Y,Y,6,MI,High School,Mortgage,Wheelock,VT
A00004682,Eddie Mcdonald,57,Y,Y,7,MI,Bachelor,Rent,Panama City,FL
A00008977,Laura Rummel,42,N,Y,2,MI,PhD,Rent,Montgomery,AL
A00003720,Clarence Ginn,53,Y,Y,6,MI,Bachelor,Rent,Savannah,GA
A00006076,Joseph Armstrong,53,Y,Y,3,MI,High School,Rent,Glendale,AZ
A00002083,Eric Eastlick,64,Y,Y,6,LI,Bachelor,Rent,Pike Road,AL
A00006545,Tandy Thomas,42,Y,Y,5,MI,Bachelor,Rent,Manchester,CT
A00005705,Nichole Ramirez,44,Y,Y,2,MI,Bachelor,Rent,Eureka,CA
A00006740,Mary Osuna,56,Y,N,2,MI,High School,Mortgage,Savannah,GA
A00003851,Rebecca Washburn,38,N,Y,6,MI,High School,Mortgage,Louisville,KY
A00000582,Amanda Miller,25,N,Y,6,LI,PhD,Own,Fayetteville,AR
A00006904,Douglas Angelocci,25,Y,Y,7,HI,High School,Own,Braintree,MA
A00006382,Awilda Benigno,54,N,Y,4,MI,High School,Rent,Fayetteville,AR
A00007235,Lawrence Russell,41,N,Y,5,MI,Bachelor,Mortgage,Elk Grove,CA
A00009842,Jason Cearns,43,N,N,5,MI,MD,Mortgage,Louisville,KY
A00005419,Brandon Wilson,28,Y,Y,3,HI,High School,Rent,Fayetteville,AR
A00003441,Neal Whitson,39,N,Y,2,MI,NA,Mortgage,Louisville,KY
A00006391,Dorothy King,26,Y,Y,3,HI,College,Rent,Fayetteville,AR
A00000408,Victor Carbone,48,Y,Y,6,LI,Bachelor,Mortgage,Baltimore,MD
A00005853,Marilyn Bullinger,61,Y,Y,2,LI,Bachelor,Rent,Lunenburg,VT
A00001841,Karen Price,27,N,N,7,MI,Masters,Rent,Panama City,FL
A00007928,David Holdsworth,57,Y,Y,2,HI,NA,Mortgage,Savannah,GA
A00005153,Robert Book,40,Y,Y,3,HI,High School,Rent,Anchorage,AK
A00003545,John Cox,59,N,Y,2,HI,Masters,Mortgage,Youngstown,FL
A00008865,Patty Deloatch,25,Y,Y,5,LI,High School,Rent,Dedham,MA
A00006520,Elizabeth Chavarria,42,Y,Y,7,HI,High School,Rent,Oklahoma City,OK
A00004828,Matt Yokum,47,Y,Y,3,MI,Bachelor,Rent,Montgomery,AL
A00006462,Edward Hayes,39,N,Y,2,MI,College,Rent,Pasadena,MD
A00009817,Michael Crane,59,Y,Y,7,HI,College,Own,Berkeley,CA
A00007196,Walter Ostermann,45,Y,Y,4,MI,High School,Mortgage,Arvada,CO
A00004267,Grace Barton,48,Y,N,6,MI,High School,Rent,Washington,DC
A00003353,Betty Harper,49,N,Y,3,MI,High School,Rent,Walpole,MA
A00004844,Goldie Iraheta,39,Y,Y,2,HI,College,Mortgage,Cambridge,MA
A00002664,Mary Staley,48,Y,Y,4,MI,High School,Rent,Fayetteville,AR
A00000534,Tracey Sloan,35,Y,Y,6,HI,High School,Mortgage,Arvada,CO
A00004218,Monica Nimmons,25,Y,Y,2,LI,High School,Own,Panama City Beach,FL
A00007588,Connie Abel,63,Y,Y,3,HI,High School,Mortgage,Montgomery,AL
A00001513,Alice Herrera,60,Y,Y,5,MI,Bachelor,Mortgage,Tyndall Air Force Base,FL
A00007897,George Davis,38,N,Y,4,HI,Bachelor,Own,West Sacramento,CA
A00009349,Willie Robison,55,N,N,7,MI,High School,Own,Madera,CA
A00003101,Rene Thompson,28,N,Y,7,LI,High School,Rent,Washington,DC
A00002333,Bonita Yockey,59,Y,Y,5,MI,High School,Mortgage,Savannah,GA
A00006164,Elisa Farkas,44,N,Y,7,MI,Bachelor,Mortgage,Nashville,TN
A00004516,Wesley George,57,N,Y,4,HI,College,Rent,Manchester,CT
A00008679,Albert Matthes,51,Y,Y,4,LI,Bachelor,Mortgage,Arvada,CO
A00005762,Wayne Garcia,64,Y,Y,6,MI,NA,Own,Manchester,CT
A00007487,Ladonna Bohne,31,N,Y,2,MI,High School,Mortgage,Oakland,CA
A00007771,Penney Martinez,47,Y,Y,5,MI,High School,Own,Manchester,CT
A00003143,Ellen Buck,62,Y,Y,2,LI,Masters,Rent,Mesa,AZ
A00001473,Diane Durkin,33,Y,Y,2,MI,Bachelor,Mortgage,Berkeley,CA
A00004991,Andy Williams,40,N,Y,2,MI,Bachelor,Mortgage,Louisville,KY
A00003687,Leslie Chapman,26,Y,Y,2,HI,Bachelor,Mortgage,Oroville,CA
A00003685,Richard Capps,26,Y,Y,4,LI,MD,Own,West River,MD
A00003364,Ronald Henderlite,63,N,Y,7,MI,Bachelor,Rent,Barre,VT
A00002942,Lois Brumley,54,Y,Y,6,LI,NA,Mortgage,Glendale,AZ
A00000434,Dawn Lux,60,N,Y,3,HI,PhD,Mortgage,Arvada,CO
A00000006,Sadie Andrews,27,Y,Y,5,MI,Masters,Mortgage,Glendale,AZ
A00009125,Gerald Conway,59,Y,Y,3,LI,Masters,Own,Arvada,CO
A00006810,Linda Carter,57,Y,Y,7,HI,MD,Own,Anchorage,AK
A00003307,Doris Johnson,63,Y,Y,4,MI,NA,Own,San Leandro,CA
A00006364,Tina Maruschak,49,Y,Y,2,HI,High School,Own,Wheatland,CA
A00005148,David Minter,56,Y,Y,2,MI,High School,Own,Barre,VT
A00009799,Jerry Thomas,62,N,Y,7,MI,College,Own,Montgomery,AL
A00005328,Henry Sousa,31,Y,Y,7,LI,Bachelor,Own,Hayward,CA
A00002480,Ann Ruiz,62,Y,N,5,HI,High School,Mortgage,Washington,DC
A00008439,Mary Bentz,60,Y,Y,4,HI,Bachelor,Rent,Shelburne,VT
A00009449,Ngoc Kotas,49,Y,Y,2,MI,College,Own,Glendale,AZ
A00002973,Kristen Deblauw,30,Y,Y,4,MI,High School,Mortgage,Montgomery,AL
A00004740,Bianca Kilday,35,Y,Y,5,MI,College,Own,Boulder,CO
A00008109,Elsie Oneil,59,N,Y,4,MI,High School,Mortgage,Washington,DC
A00006981,Gary Houston,29,N,Y,6,MI,High School,Mortgage,Nashville,TN
A00009183,Jim Cheatom,44,Y,N,5,MI,Bachelor,Rent,Manchester,CT
A00001606,Morris Butler,62,Y,Y,6,MI,Bachelor,Rent,Fortuna,CA
A00005119,Earl Fort,62,Y,Y,6,LI,College,Mortgage,Brookline,MA
A00005987,Shane Newman,52,Y,N,5,MI,NA,Mortgage,Montgomery,AL
A00004509,Anna Solorio,55,Y,Y,5,LI,College,Rent,Goodlettsville,TN
A00009704,Rachel Mccoy,54,N,Y,2,LI,Bachelor,Own,Arvada,CO
A00000533,George Denney,62,Y,Y,3,HI,PhD,Rent,Peoria,AZ
A00003229,Monica Roof,25,N,Y,2,MI,Bachelor,Own,Panama City,FL
A00001159,David Hartle,34,N,Y,7,MI,College,Mortgage,Washington,DC
A00009368,Donnie Bruyere,42,Y,Y,6,LI,Bachelor,Rent,Washington,DC
A00006898,Brian Albrecht,36,N,Y,4,HI,Bachelor,Rent,Capitola,CA
A00003799,David Roybal,62,Y,Y,7,MI,NA,Own,Nashville,TN
A00002634,Scott Melton,41,Y,Y,3,LI,High School,Mortgage,Roseville,CA
A00003051,Joe Capps,29,Y,Y,4,MI,High School,Mortgage,Washington,DC
A00004012,Albert Dixon,62,Y,Y,3,MI,Bachelor,Own,Fitchburg,MA
A00000149,Gail Mauldin,63,N,Y,2,MI,Bachelor,Mortgage,Manchester,CT
A00004975,Mitchell Schultz,56,Y,Y,5,HI,NA,Own,Arvada,CO
A00000334,Charlotte Cordoba,39,N,Y,4,HI,NA,Own,Fayetteville,AR
A00004160,Derek Petermann,60,Y,Y,2,MI,PhD,Mortgage,Glen Burnie,MD
A00007560,Regina Turrie,47,Y,Y,3,MI,High School,Rent,Manchester,CT
A00006735,Matthew Siefkes,45,Y,Y,5,HI,Bachelor,Mortgage,Panama City,FL
A00000202,Matthew Salisbury,56,Y,Y,5,HI,High School,Mortgage,Mesa,AZ
A00001948,Geneva Thomas,42,N,Y,6,HI,Masters,Own,Anchorage,AK
A00002378,Racheal Ledwell,46,N,Y,3,HI,NA,Rent,Nashville,TN
A00007405,Henry Fritsch,46,Y,Y,7,LI,NA,Mortgage,Quincy,MA
A00001150,Richard Brown,45,Y,Y,5,MI,College,Mortgage,Savannah,GA
A00007506,Christa Nance,45,Y,Y,6,MI,High School,Mortgage,Savannah,GA
A00002753,Edward Rogers,44,N,Y,5,LI,Bachelor,Mortgage,Louisville,KY
A00001771,Jackie Smith,42,Y,Y,7,MI,High School,Mortgage,Montgomery,AL
A00009907,Vesta Daner,42,Y,N,3,MI,NA,Own,Brookline,MA
A00004004,Janet Duran,33,Y,Y,7,MI,High School,Mortgage,Essex,VT
A00007314,Melanie Collier,50,Y,Y,7,MI,Bachelor,Mortgage,Savannah,GA
A00000946,Patricia Busby,55,Y,Y,2,MI,MD,Mortgage,Louisville,KY
A00001026,Claire Zamora,38,Y,Y,7,MI,Bachelor,Own,Salisbury,MA
A00008264,Claire Childress,37,Y,Y,5,LI,Bachelor,Own,Panama City,FL
A00000041,Brittany James,35,Y,Y,2,LI,College,Mortgage,Fayetteville,AR
A00000782,Anne Polanco,42,Y,Y,4,HI,High School,Rent,Fayetteville,AR
A00005451,Bobby Holbrook,54,Y,Y,3,HI,Bachelor,Rent,Louisville,KY
A00006318,John Moore,60,Y,Y,4,HI,MD,Rent,Moretown,VT
A00006096,Donald Carver,40,Y,Y,3,HI,High School,Own,Oakland,CA
A00002257,Shelley Adams,55,Y,Y,2,HI,Bachelor,Rent,Montgomery,AL
A00008985,Stacy Dellosso,44,Y,Y,4,MI,Bachelor,Mortgage,Glendale,AZ
A00007799,Matthew Covey,52,Y,N,5,LI,Masters,Own,Brookline,MA
A00005072,Felicia Naval,36,Y,Y,6,LI,PhD,Own,Glendale,AZ
A00002885,Roger Brown,55,Y,Y,5,MI,Masters,Rent,Anchorage,AK
A00001727,Elizabeth Hunter,62,N,N,4,HI,Bachelor,Rent,Washington,DC
A00004112,Elbert Felix,57,Y,Y,3,HI,Masters,Own,Fayetteville,AR
A00003613,Walter Thibodeaux,52,N,Y,4,MI,College,Own,Fayetteville,AR
A00003486,Robert Stoute,28,Y,Y,7,MI,Bachelor,Rent,Montgomery,AL
A00000666,Carrie Burwell,37,Y,Y,2,MI,College,Mortgage,Edmond,OK
A00006314,Charlene Steppig,63,Y,Y,5,HI,High School,Rent,Arvada,CO
A00002006,Carol Magana,50,Y,Y,3,MI,College,Mortgage,Glendale,AZ
A00003402,Lillie Madsen,34,Y,Y,7,HI,Bachelor,Mortgage,Moore,OK
A00001736,Bryan Cash,44,Y,Y,6,HI,High School,Rent,Louisville,KY
A00005771,Jennifer Shupe,53,Y,Y,6,MI,High School,Rent,Montgomery,AL
A00004493,Donna Ross,50,Y,Y,3,HI,Bachelor,Own,Sacramento,CA
A00002515,Nancy Fern,43,N,N,3,LI,Masters,Rent,Walpole,MA
A00004295,Mitchell Guillermo,56,Y,Y,2,MI,Bachelor,Mortgage,Glendale,AZ
A00003149,Keith Martel,60,Y,Y,6,HI,High School,Rent,Arvada,CO
A00007784,Gregg Humphreys,30,N,Y,7,LI,High School,Rent,San Lorenzo,CA
A00001350,Jeannine Mcconnell,49,Y,Y,2,MI,Bachelor,Mortgage,Manchester,CT
A00005756,Gina Moorehouse,38,Y,Y,2,HI,High School,Rent,Cupertino,CA
A00001552,Gretchen Early,63,Y,Y,5,LI,High School,Own,Oklahoma City,OK
A00003690,Nydia Bowser,58,N,Y,6,MI,Masters,Mortgage,Panama City Beach,FL
A00009477,Terry Tibbert,36,Y,Y,6,LI,Bachelor,Own,Louisville,KY
A00005594,Frank Walker,43,Y,Y,5,MI,College,Own,Castaic,CA
A00001439,Gary Winter,26,N,Y,2,LI,High School,Mortgage,Louisville,KY
A00003990,Mary Kimes,53,Y,Y,2,HI,High School,Own,Smartsville,CA
A00001822,George Schmidt,54,Y,Y,7,MI,Bachelor,Mortgage,Edmond,OK
A00009588,Charles Jones,52,Y,Y,5,MI,College,Mortgage,Fayetteville,AR
A00008038,Albert Sosa,48,Y,Y,2,MI,High School,Rent,Greensboro,VT
A00007257,Jose Illiano,64,Y,Y,5,MI,PhD,Own,Montgomery,AL
A00005513,Jean Haught,56,Y,Y,4,MI,Bachelor,Rent,Washington,DC
A00000728,Ruby Ziglar,51,Y,Y,4,HI,High School,Rent,Fremont,CA
A00009213,John Langston,55,Y,Y,4,HI,College,Rent,Anchorage,AK
A00003272,Jennifer Watson,58,N,Y,6,MI,Bachelor,Rent,Manchester,CT
A00002640,Stephanie Bozek,62,Y,Y,5,MI,NA,Rent,Rutland,VT
A00003382,Melissa Honeycutt,51,N,Y,7,MI,MD,Mortgage,Hayward,CA
A00006510,Stacy Stewart,59,N,Y,4,LI,College,Own,Annapolis,MD
A00002229,Lester Bullins,56,Y,Y,4,MI,Bachelor,Mortgage,Pooler,GA
A00003193,Raymond Robertson,29,N,Y,6,MI,High School,Mortgage,Glendale,AZ
A00001002,Holly Herring,36,N,Y,4,LI,MD,Rent,Anchorage,AK
A00003937,Evelyn Mattera,47,Y,Y,2,LI,Masters,Rent,Anchorage,AK
A00004370,Betty Mendelson,52,N,Y,3,MI,High School,Own,Westminster,CO
A00007162,James Poling,26,Y,Y,4,HI,Bachelor,Rent,Montgomery,AL
A00004031,Evelyn Hill,55,Y,Y,5,MI,High School,Rent,Davidsonville,MD
A00004505,Jonas Kubiak,35,Y,Y,4,MI,High School,Rent,Montgomery,AL
A00007896,Dave Henningsen,53,Y,Y,2,LI,Bachelor,Rent,Moretown,VT
A00001831,Vickie Sikes,57,Y,Y,4,HI,High School,Own,Panama City,FL
A00005827,Adam Warf,53,Y,Y,6,MI,Bachelor,Rent,Glendale,AZ
A00008686,Jessica Willis,37,Y,Y,3,HI,Bachelor,Mortgage,Watertown,MA
A00002329,Farah Green,41,N,Y,3,MI,Bachelor,Mortgage,Grass Valley,CA
A00008266,Maxine Brooks,48,Y,Y,2,MI,College,Mortgage,Montgomery,AL
A00007994,Robert Smith,64,Y,N,7,HI,Bachelor,Own,Washington,DC
A00007501,Roger Lambert,61,Y,Y,5,MI,Bachelor,Rent,Glendale,AZ
A00006936,Samuel Raines,64,Y,Y,5,MI,Bachelor,Own,Hartland,VT
A00003639,Dorothy Rodriquez,63,Y,Y,4,MI,Bachelor,Rent,Glendale,AZ
A00003672,Carter Perry,41,Y,Y,6,MI,Bachelor,Rent,Lynn Haven,FL
A00001613,Micheal Kher,37,Y,Y,7,HI,Bachelor,Rent,Savannah,GA
A00004651,Shirley Wermers,25,Y,Y,3,HI,College,Rent,Savannah,GA
A00003442,Jeffrey Gundlach,57,N,Y,2,MI,College,Mortgage,Annapolis,MD
A00009124,Misty Bowman,49,Y,Y,4,MI,Bachelor,Mortgage,Panama City,FL
A00007402,Harold Jones,32,Y,N,5,LI,Bachelor,Own,Nashville,TN
A00006645,Kenneth Foster,34,Y,Y,2,MI,Bachelor,Mortgage,Chico,CA
A00000337,Melinda Ledesma,50,Y,Y,3,LI,Bachelor,Own,Escondido,CA
A00000963,Kelly Holder,61,Y,Y,3,MI,Bachelor,Own,Louisville,KY
A00006012,Darlene Leigland,29,N,Y,6,LI,High School,Rent,Savannah,GA
A00002627,Susan Jones,49,Y,Y,2,LI,PhD,Rent,Arvada,CO
A00007100,Jorge Jones,64,Y,Y,5,LI,High School,Own,Panama City,FL
A00003174,Richard Lawrence,35,Y,Y,7,HI,Masters,Rent,Barre,VT
A00003668,Edward Norris,52,N,Y,4,MI,High School,Mortgage,Panama City,FL
A00004142,Monica Jarvis,61,Y,Y,6,LI,High School,Own,Washington,DC
A00000035,Maryann Covarrubias,36,Y,Y,7,LI,High School,Mortgage,Williston,VT
A00000138,Roberto Trudel,47,Y,Y,5,MI,Bachelor,Mortgage,Savannah,GA
A00002262,Jorge Silva,32,N,Y,2,LI,Bachelor,Rent,Nashville,TN
A00000688,Robert Jennings,39,N,N,3,LI,Masters,Own,Manchester,CT
A00002694,Joel Leister,49,N,Y,7,LI,Bachelor,Rent,Glendale,AZ
A00003654,Jason Smith,56,Y,Y,5,MI,College,Rent,Savannah,GA
A00008470,Therese Leon,47,N,Y,7,LI,Bachelor,Own,Thunderbolt,GA
A00002448,Charlene Howard,27,Y,Y,2,MI,Masters,Own,Peoria,AZ
A00006666,Herman Headrick,34,N,N,4,HI,High School,Own,Louisville,KY
A00007449,Helen Sanchez,56,Y,Y,6,MI,Bachelor,Own,Boulder,CO
A00004745,Cecilia Gustafson,29,Y,Y,6,LI,College,Mortgage,Pismo Beach,CA
A00008212,Albert Thompson,27,Y,Y,5,HI,Masters,Mortgage,Pooler,GA
A00000454,Wayne Timme,63,Y,N,3,HI,Bachelor,Own,West River,MD
A00005070,Susan Odonnell,47,Y,Y,4,MI,PhD,Rent,Nashville,TN
A00004597,Tyler Callaway,42,N,Y,7,MI,High School,Mortgage,Washington,DC
A00001593,George Connor,50,Y,Y,7,HI,High School,Rent,Annapolis,MD
A00002993,Gary Francis,63,Y,Y,7,MI,High School,Mortgage,Panama City Beach,FL
A00003378,Barbara Rice,58,Y,Y,3,LI,High School,Own,Manchester,CT
A00002212,Anita Anderson,27,Y,Y,7,HI,Bachelor,Own,Manchester,CT
A00001256,Michael Volo,36,Y,Y,7,HI,Bachelor,Own,Fremont,CA
A00003758,Carolyn Banks,30,Y,Y,5,MI,PhD,Rent,Anchorage,AK
A00002896,Travis Dunn,39,Y,Y,5,MI,PhD,Mortgage,Louisville,KY
A00002945,Krista Rude,27,N,Y,3,LI,High School,Own,Washington,DC
A00009305,Ronnie Lenox,50,Y,Y,2,MI,Bachelor,Own,Louisville,KY
A00000528,Juanita Jones,37,Y,Y,2,MI,Bachelor,Mortgage,Orange,CA
A00003993,Christopher Forbes,50,Y,Y,4,HI,Bachelor,Mortgage,Savannah,GA
A00004050,Bruce Wright,31,Y,Y,2,MI,High School,Rent,Louisville,KY
A00007095,Amanda Wheeler,53,Y,Y,5,MI,PhD,Own,Montgomery,AL
A00009462,Norman Austin,43,Y,Y,5,MI,High School,Own,Washington,DC
A00007491,Stacy Herod,58,N,Y,4,MI,PhD,Rent,Glendale,AZ
A00009062,John Harrelson,58,N,Y,2,HI,Bachelor,Mortgage,Fayetteville,AR
A00006652,Elvira Steverson,40,Y,Y,3,MI,Masters,Mortgage,Nashville,TN
A00005181,Emily Woodby,54,N,Y,7,MI,Bachelor,Rent,Arvada,CO
A00008454,William Stanley,57,Y,Y,3,HI,High School,Mortgage,Woodford,VT
A00004763,Richard Bentley,36,Y,Y,2,HI,High School,Mortgage,Ardmore,OK
A00007777,Jeffery Pennington,26,Y,Y,4,LI,Bachelor,Rent,Glen Burnie,MD
A00000560,Christopher Milliken,47,Y,Y,4,MI,College,Rent,Panama City,FL
A00000182,Jonathan Guzman,36,Y,Y,5,MI,Bachelor,Own,Montgomery,AL
A00006894,George Greene,53,N,Y,5,MI,Bachelor,Own,Colchester,VT
A00008602,Eliza Schwab,49,Y,Y,3,MI,College,Mortgage,Edmond,OK
A00000256,Percy Carpenter,64,Y,Y,4,MI,PhD,Own,Huntington,VT
A00009084,Virginia Haugen,47,Y,Y,6,HI,High School,Own,Savannah,GA
A00007486,Lisa Shea,50,Y,Y,6,LI,Bachelor,Mortgage,Glendale,AZ
A00003200,Maegan Medrano,48,Y,Y,6,HI,Bachelor,Mortgage,Manchester,CT
A00007006,Jackie Winston,57,Y,Y,3,MI,College,Mortgage,Lynn Haven,FL
A00008715,Elbert Thomas,48,Y,Y,6,HI,Bachelor,Mortgage,Anchorage,AK
A00002872,Michael Crampton,54,Y,Y,6,LI,PhD,Rent,Montgomery,AL
A00001314,Darrell Billington,32,Y,Y,6,HI,Bachelor,Mortgage,Glen Burnie,MD
A00004602,Patricia Losee,30,N,N,4,MI,Bachelor,Mortgage,Washington,DC
A00008055,Edward Chisam,47,Y,Y,7,LI,Bachelor,Rent,Hanover,MD
A00005584,Clarence Gooch,30,Y,Y,3,MI,Bachelor,Rent,Brookline,MA
A00002853,Elton Jones,52,Y,N,7,LI,High School,Mortgage,Manchester,CT
A00000401,Gregory Steier,39,Y,Y,2,MI,NA,Own,Louisville,KY
A00000551,Diane Junkin,37,N,Y,3,MI,Masters,Mortgage,Montgomery,AL
A00006366,Gloria Gienger,63,N,N,6,MI,Bachelor,Own,Anchorage,AK
A00007390,Holly Griffiths,42,N,Y,7,MI,Bachelor,Rent,Fremont,CA
A00001274,April Johnson,53,Y,Y,4,MI,High School,Rent,Panama City,FL
A00004108,Ruby Fagg,59,Y,Y,6,LI,High School,Rent,Washington,DC
A00002231,Bernard Orr,54,Y,Y,3,MI,High School,Own,Fremont,CA
A00001310,Daniel Mensalvas,32,Y,Y,5,MI,Bachelor,Own,Pleasanton,CA
A00009908,Andrew Clark,51,Y,Y,4,LI,High School,Own,Lynn Haven,FL
A00002807,Byron Estes,47,Y,Y,6,MI,Bachelor,Rent,Nashville,TN
A00004827,Diane Mahan,62,N,Y,6,MI,College,Rent,Glendale,AZ
A00006289,Brian Farrell,27,Y,Y,3,HI,High School,Rent,Livermore,CA
A00005003,Dick Edwards,42,Y,Y,4,HI,Bachelor,Own,Manchester,CT
A00006971,Alan Covey,47,Y,Y,5,MI,High School,Mortgage,Severna Park,MD
A00005855,Billie Solis,37,N,Y,7,MI,Masters,Mortgage,Oklahoma City,OK
A00000263,James Clark,32,Y,Y,6,MI,Bachelor,Mortgage,Chico,CA
A00006149,Sarah Nunez,43,Y,Y,5,MI,High School,Mortgage,Norman,OK
A00006759,Bill Moore,62,Y,Y,2,MI,Bachelor,Rent,Pleasanton,CA
A00007612,Catherine Clark,60,N,Y,5,LI,Masters,Mortgage,Panama City,FL
A00007570,Deirdre Dejardin,34,Y,Y,2,LI,PhD,Mortgage,Lynn Haven,FL
A00008936,Jerry Purcell,31,Y,Y,7,HI,Bachelor,Rent,Washington,DC
A00009061,Timothy Miller,28,Y,Y,4,MI,High School,Mortgage,Panama City,FL
A00002355,Tricia Rees,35,N,Y,7,LI,Masters,Rent,Fayetteville,AR
A00007510,Elaine Plumlee,56,Y,Y,5,HI,High School,Own,,VT
A00006865,Christina Perigo,42,Y,Y,3,LI,Bachelor,Mortgage,Washington,DC
A00002267,Beverly Jordan,29,Y,Y,7,MI,College,Mortgage,Panama City Beach,FL
A00006900,John Neill,43,Y,Y,4,MI,High School,Mortgage,Fayetteville,AR
A00007546,Percy Bailey,42,Y,Y,5,HI,Bachelor,Rent,Fayetteville,AR
A00003621,George Berry,58,N,Y,2,LI,Bachelor,Rent,Montgomery,AL
A00002145,Robert Patterson,31,Y,N,6,LI,Bachelor,Mortgage,Glendale,AZ
A00002801,Anna Nelson,54,Y,Y,2,MI,Masters,Mortgage,Montgomery,AL
A00005333,Wanda Massey,28,Y,Y,2,MI,Bachelor,Rent,Palm Bay,FL
A00004367,Lauren Gerlach,34,N,Y,2,HI,Bachelor,Rent,Crofton,MD
A00003673,Janis Witaszek,37,N,Y,5,HI,College,Rent,Nashville,TN
A00007880,Sharlene Gray,47,Y,Y,7,MI,High School,Own,Fayetteville,AR
A00004144,Alfred Demelis,28,N,Y,6,MI,Bachelor,Own,Washington,DC
A00005190,Phyllis Finley,55,N,Y,3,MI,Bachelor,Mortgage,Arvada,CO
A00004678,Gilbert Horton,58,Y,Y,5,MI,MD,Rent,Louisville,KY
A00002911,Donna Ortiz,36,Y,Y,6,LI,College,Rent,Montgomery,AL
A00003638,Kathleen Barham,58,Y,Y,7,LI,MD,Own,Anchorage,AK
A00009463,Jack Baggett,34,N,Y,2,MI,High School,Mortgage,Montgomery,AL
A00008395,Ernest Lucas,47,N,Y,2,MI,High School,Own,Louisville,KY
A00000482,William Wade,26,Y,N,7,MI,College,Rent,Essex,VT
A00002360,Julie Brown,35,Y,Y,3,MI,Bachelor,Own,Panama City,FL
A00003892,Reynaldo Hopper,63,N,Y,7,MI,High School,Rent,Glendale,AZ
A00000669,Ray Kelly,56,Y,Y,6,LI,Masters,Own,Panama City,FL
A00009912,Ebony Cooper,35,Y,Y,3,LI,College,Own,Washington,DC
A00007335,Judith Mcelwain,40,N,Y,4,HI,College,Mortgage,Savannah,GA
A00009596,Rick Mendez,54,N,Y,7,HI,Bachelor,Rent,Middleton,MA
A00002399,Edgar Bowers,45,N,Y,6,MI,Masters,Rent,Arvada,CO
A00009673,Kip Gunderson,32,Y,Y,2,LI,Bachelor,Rent,Fayetteville,AR
A00007220,Jessie Steffenhagen,31,N,Y,2,HI,Bachelor,Mortgage,Pelham,AL
A00004677,Harvey Graham,45,Y,Y,3,MI,Bachelor,Mortgage,Manchester,CT
A00007128,Vernita Moreno,33,Y,Y,4,LI,Masters,Mortgage,Glendale,AZ
A00009885,Barbara Barnhart,44,Y,Y,5,MI,Bachelor,Mortgage,Edmond,OK
A00001728,Herman Vasquez,51,Y,Y,4,MI,High School,Own,Soda Springs,CA
A00002747,Harold Dow,38,Y,Y,7,HI,Bachelor,Mortgage,Fayetteville,AR
A00009139,Tera Martinez,44,N,Y,7,LI,College,Rent,Barnard,VT
A00003064,Robert Hamblin,33,Y,Y,7,LI,NA,Rent,Westminster,CO
A00008257,Betty Kelly,37,Y,Y,7,HI,Bachelor,Rent,Grass Valley,CA
A00006277,Peter Schneider,36,Y,N,3,MI,Bachelor,Own,Carson,CA
A00001471,Bradford Tobey,58,N,N,4,HI,Bachelor,Mortgage,Nashville,TN
A00002128,Melissa Fox,32,N,Y,4,LI,High School,Rent,Oakland,CA
A00008817,Carolyn Chatman,37,Y,N,5,LI,College,Rent,Savannah,GA
A00009470,Burton Johnson,64,Y,Y,5,LI,Bachelor,Mortgage,Union City,CA
A00003331,Randy Wells,58,N,Y,2,LI,MD,Own,Brimfield,MA
A00008063,Frances Rivera,28,Y,Y,3,MI,High School,Rent,Anchorage,AK
A00009120,Jaclyn Santiago,56,Y,Y,3,MI,College,Mortgage,Fayetteville,AR
A00003891,Mollie Degraffenreid,46,Y,Y,6,MI,High School,Own,Carson,CA
A00001097,Annie Puffinburger,44,Y,Y,4,LI,Bachelor,Own,Washington,DC
A00000023,Sandra Brito,29,Y,Y,2,HI,Masters,Mortgage,Glendale,AZ
A00002842,Lillian Hopes,46,Y,Y,2,MI,Bachelor,Mortgage,Lowell,VT
A00003226,Roy Read,55,Y,Y,2,LI,Bachelor,Rent,Nashville,TN
A00007765,William Gibler,54,Y,Y,4,MI,Bachelor,Own,Newton,MA
A00002650,William Redmond,36,Y,Y,5,MI,High School,Mortgage,Glendale,AZ
A00001884,Deangelo Hall,26,Y,Y,4,MI,Masters,Rent,Glendale,AZ
A00000425,Meredith Miller,27,Y,Y,2,MI,Bachelor,Rent,Nashville,TN
A00004082,Renee Brown,32,Y,N,4,MI,Bachelor,Own,Louisville,KY
A00005178,Alfred Curry,37,Y,Y,5,MI,Bachelor,Mortgage,Arvada,CO
A00003806,David Lipscomb,56,Y,Y,5,MI,Masters,Mortgage,Concord,CA
A00003759,Jonathan English,42,Y,Y,4,MI,NA,Own,Livermore,CA
A00007746,Winston Ritchie,62,Y,Y,4,LI,MD,Mortgage,Saint Albans City,VT
A00005042,Raymond Goodrich,55,Y,Y,4,LI,High School,Rent,Panama City Beach,FL
A00005410,Jesse Macek,64,Y,Y,6,LI,MD,Own,Montgomery,AL
A00008314,James Mccurdy,61,Y,Y,5,MI,High School,Rent,Savannah,GA
A00002974,Casey Chase,51,Y,Y,2,HI,High School,Mortgage,Panama City Beach,FL
A00005375,Carol Rigney,54,Y,Y,5,LI,College,Mortgage,Fayetteville,AR
A00008843,Leonard Gannon,46,N,N,2,HI,Bachelor,Own,Quincy,MA
A00002324,Lawrence Miller,37,N,Y,3,LI,College,Rent,Montgomery,AL
A00007776,Troy Coughlin,33,Y,Y,2,MI,Bachelor,Own,Anchorage,AK
A00002034,David Eggen,30,Y,N,5,LI,Bachelor,Rent,Mesa,AZ
A00008753,Joshua Campa,32,Y,Y,7,MI,Bachelor,Rent,Glendale,AZ
A00000772,Debra Ryan,43,Y,Y,3,HI,PhD,Rent,Oakland,CA
A00001489,Diana Jarvis,42,Y,Y,7,MI,Masters,Own,King City,CA
A00004699,Julia Douglas,49,Y,Y,7,LI,High School,Mortgage,Quincy,MA
A00003986,Edwardo Welsh,29,Y,Y,5,LI,College,Own,Manchester,CT
A00009561,Julian Cacciatori,42,Y,Y,5,MI,High School,Own,Savannah,GA
A00005123,April Sproul,60,N,Y,2,MI,High School,Mortgage,Poultney,VT
A00004512,Lawrence Mccraken,41,N,Y,7,MI,Masters,Mortgage,Washington,DC
A00006265,Nancy Moseley,58,N,Y,4,LI,High School,Own,Washington,DC
A00001260,Linda Santos,61,Y,Y,3,MI,High School,Mortgage,Fremont,CA
A00001384,Rosa Romero,38,N,Y,6,MI,College,Mortgage,Manchester,CT
A00009686,Albert Burgess,35,Y,N,5,HI,High School,Rent,Arvada,CO
A00001223,Tammy Jaworowski,54,Y,Y,3,HI,Bachelor,Own,Fremont,CA
A00006729,Charles Grove,52,Y,N,5,MI,Bachelor,Own,Washington,DC
A00007557,Arielle Tremblay,53,N,Y,5,LI,Bachelor,Mortgage,Athol,MA
A00002906,Willie Bewley,39,Y,Y,6,HI,Bachelor,Own,Berkeley,CA
A00004087,Diane Gennaro,62,Y,Y,4,MI,Bachelor,Rent,Fremont,CA
A00003130,Rona Hanson,37,Y,Y,7,MI,High School,Own,Anchorage,AK
A00001949,Heather Johnson,35,N,N,2,MI,Bachelor,Own,Plymouth,VT
A00005167,Rebekah Goering,55,Y,Y,3,LI,College,Mortgage,Moretown,VT
A00005785,Glenn Peters,52,N,Y,4,HI,Bachelor,Mortgage,Arvada,CO
A00007496,Kenneth Johnson,62,N,Y,6,LI,Masters,Rent,Oklahoma City,OK
A00007990,Deborah Osborn,50,N,Y,2,MI,Bachelor,Own,Louisville,KY
A00000197,Jason Gregory,31,N,Y,4,LI,High School,Rent,Bristol,VT
A00004484,Iris Boyles,39,N,Y,7,HI,NA,Own,Fayetteville,AR
A00004703,Andrew Schutz,41,Y,Y,5,LI,NA,Mortgage,Glen Burnie,MD
A00003512,Margareta Watkins,50,N,Y,3,MI,MD,Own,Glendale,AZ
A00005361,David Nelson,31,Y,Y,4,MI,MD,Own,Glendale,AZ
A00002036,Deloris Peveler,51,N,Y,3,HI,High School,Mortgage,Panama City,FL
A00001431,Gloria Bayly,37,Y,Y,5,LI,High School,Rent,Manchester,CT
A00007976,Joseph Harper,55,Y,Y,5,LI,Masters,Rent,Tewksbury,MA
A00004362,Carrie Clark,56,N,Y,4,HI,High School,Rent,Montgomery,AL
A00001231,Oscar Fields,27,Y,Y,6,LI,Masters,Own,Annapolis,MD
A00000697,Marianne Armstrong,50,N,Y,2,LI,College,Rent,Nashville,TN
A00007948,Michael Torres,64,Y,Y,3,LI,College,Rent,Washington,DC
A00000472,Angeline Jones,35,Y,Y,3,LI,Masters,Mortgage,Fort Collins,CO
A00008636,Carolyn Nilsson,31,N,Y,5,MI,Bachelor,Mortgage,Oklahoma City,OK
A00002615,Richard Camus,26,Y,Y,2,MI,High School,Mortgage,Annapolis,MD
A00001679,Barbara Brown,36,N,N,7,MI,Bachelor,Mortgage,Saint Albans City,VT
A00002163,Kyle Edwards,29,Y,Y,5,HI,PhD,Own,Panama City,FL
A00008090,Harold Sweet,44,Y,Y,5,MI,Bachelor,Mortgage,Louisville,KY
A00002114,Melissa Roos,40,Y,Y,6,MI,PhD,Mortgage,Glendale,AZ
A00002087,Diane Botcher,27,Y,Y,5,LI,High School,Rent,Everett,MA
A00005406,Long Michel,45,N,Y,4,MI,High School,Own,Agawam,MA
A00004583,Rita Graap,57,Y,Y,3,HI,High School,Own,Oklahoma City,OK
A00004366,Charlotte Santoyo,44,Y,Y,7,HI,High School,Rent,Louisville,KY
A00001940,Erica Goggin,50,N,Y,5,LI,College,Own,Walpole,MA
A00005278,Richard Perez,53,Y,Y,2,MI,High School,Mortgage,Louisville,KY
A00001269,Fernando Levesque,47,N,Y,7,MI,Bachelor,Rent,Oklahoma City,OK
A00007323,Mary Opperman,25,Y,Y,3,LI,High School,Mortgage,Annapolis,MD
A00002076,Patrick Chan,44,Y,Y,2,LI,Bachelor,Rent,Savannah,GA
A00008528,Shirley Palmer,63,Y,Y,2,HI,Bachelor,Rent,Tollhouse,CA
A00008120,Ida Hopkins,62,Y,Y,6,MI,High School,Own,Arvada,CO
A00006899,Sarah Steffen,32,N,Y,4,HI,Masters,Mortgage,Glendale,AZ
A00005843,Elizabeth Izzo,55,Y,Y,3,MI,Masters,Rent,Litchfield Park,AZ
A00004226,Shawn Steele,53,Y,N,7,MI,Bachelor,Mortgage,Oklahoma City,OK
A00005767,Marilyn Baer,36,Y,Y,6,HI,Masters,Mortgage,Glendale,AZ
A00009847,Pamela Webb,29,Y,Y,4,MI,High School,Rent,Washington,DC
A00009957,Darin Beaton,62,Y,Y,4,LI,High School,Rent,Oakland,CA
A00008925,Betty Moser,35,Y,Y,5,MI,Bachelor,Rent,Fayetteville,AR
A00001699,Bruce Sims,38,Y,Y,7,MI,Bachelor,Own,Fayetteville,AR
A00008242,Dana Gooding,40,Y,N,4,LI,Bachelor,Rent,Glen Burnie,MD
A00007529,Thomas Goins,51,Y,Y,6,MI,MD,Rent,Savannah,GA
A00007528,Jonathan Bucklew,35,Y,Y,4,LI,College,Rent,Greensboro,VT
A00006195,Donna Kim,29,Y,N,4,LI,Bachelor,Rent,Calhoun,GA
A00008202,Colin Hayes,64,N,Y,4,LI,Bachelor,Mortgage,Arvada,CO
A00002499,Carol Hallberg,49,Y,Y,3,MI,Bachelor,Mortgage,Brooklyn Park,MD
A00002766,Karen Piccirillo,54,Y,Y,2,LI,High School,Mortgage,Oklahoma City,OK
A00005737,Marie Lockhart,50,Y,Y,5,MI,High School,Mortgage,Montgomery,AL
A00006647,Richard Feauto,35,Y,Y,7,MI,Masters,Mortgage,Savannah,GA
A00001780,Beatrice Turner,52,N,Y,4,HI,Bachelor,Own,Glendale,AZ
A00002657,Nancy Wilson,33,N,Y,2,HI,Bachelor,Own,Washington,DC
A00005636,Linda Thomas,30,N,Y,3,HI,Masters,Rent,Arvada,CO
A00001965,Andre Doggett,46,Y,Y,7,HI,Bachelor,Rent,Belchertown,MA
A00003374,Derrick Damron,45,N,Y,6,HI,College,Mortgage,Anchorage,AK
A00006976,Deedee Christy,49,Y,Y,3,MI,Masters,Rent,Arvada,CO
A00009805,Lenore Bishop,63,Y,Y,2,MI,High School,Rent,Hartford,VT
A00008937,James Frazier,42,Y,Y,2,LI,College,Own,Manchester,CT
A00000063,Wanda Warren,31,N,Y,4,MI,MD,Mortgage,Anchorage,AK
A00006189,Andrew Knox,37,N,Y,5,LI,College,Rent,Panama City,FL
A00003721,Elizabeth Mathis,35,N,Y,3,MI,Bachelor,Mortgage,Panama City,FL
A00006610,Jennifer Wisnowski,48,Y,Y,5,MI,High School,Rent,Glen Burnie,MD
A00004938,Jean Vogan,29,Y,Y,6,MI,High School,Mortgage,Glendale,AZ
A00004580,Michael Johnson,62,Y,Y,4,MI,Bachelor,Mortgage,Soldotna,AK
A00004601,Sam Harris,59,Y,Y,3,MI,Masters,Own,Manchester,CT
A00003581,Michael Stanback,40,Y,Y,2,MI,Bachelor,Own,Lynn Haven,FL
A00009409,Libbie Swanson,48,N,Y,6,MI,College,Own,Washington,DC
A00005100,Betty Martin,47,N,Y,7,MI,High School,Mortgage,Oklahoma City,OK
A00005699,Dennis Johns,31,Y,Y,3,MI,Bachelor,Rent,Lincoln,CA
A00008566,Ann Loomis,40,Y,Y,3,LI,Bachelor,Rent,Oklahoma City,OK
A00007424,Elsie Berry,56,Y,Y,5,MI,High School,Own,Anchorage,AK
A00002865,Ethelyn Floyd,36,Y,Y,3,MI,Masters,Rent,Oklahoma City,OK
A00006812,Rose Martin,32,Y,Y,5,MI,Bachelor,Rent,Anchorage,AK
A00001924,Catherine Luna,48,Y,Y,7,HI,MD,Rent,Louisville,KY
A00001672,Christopher Richardson,28,Y,Y,7,LI,High School,Rent,Nashville,TN
A00008744,Kristy Rosa,48,Y,Y,6,MI,Bachelor,Rent,Pittsford,VT
A00007645,Margaret Rogers,54,Y,Y,6,HI,High School,Rent,Glendale,AZ
A00001470,Patricia Overstreet,61,Y,Y,6,LI,Bachelor,Mortgage,Panama City,FL
A00001933,Donald Mone,52,Y,Y,2,MI,High School,Rent,Washington,DC
A00008900,Jack Lutman,37,Y,Y,5,LI,Bachelor,Mortgage,Garden City,GA
A00007185,Benjamin Thompson,25,N,Y,4,HI,Bachelor,Mortgage,Middleton,MA
A00005664,Kay Marrero,63,Y,Y,2,LI,MD,Mortgage,Moore,OK
A00000622,Thomas Tennant,31,Y,Y,5,MI,High School,Rent,Manchester,CT
A00008518,Amanda Dickens,52,Y,Y,6,LI,High School,Mortgage,Manchester,CT
A00003820,Josefina Ahrens,29,Y,Y,5,HI,High School,Own,Montgomery,AL
A00005706,Donna Woodward,32,Y,Y,2,MI,Masters,Rent,Dublin,CA
A00004536,Matilde Tyler,29,N,Y,7,LI,Bachelor,Mortgage,Arvada,CO
A00009587,Helene Hannah,60,Y,Y,4,LI,Bachelor,Mortgage,Manchester,CT
A00002628,Kenneth Hedges,35,N,Y,5,LI,Bachelor,Rent,Anchorage,AK
A00006896,Lee Heredia,26,Y,Y,7,LI,Masters,Own,Montgomery,AL
A00004610,Lana Farias,29,N,Y,6,LI,PhD,Mortgage,Oklahoma City,OK
A00004359,Barbara Janssen,56,Y,Y,2,MI,Bachelor,Mortgage,Farmington,AR
A00007615,Virginia Whelton,63,Y,Y,7,LI,High School,Own,Montgomery,AL
A00002030,Ethel Sundby,58,Y,Y,3,LI,Bachelor,Own,Nashville,TN
A00007009,Modesto Sa,30,N,Y,5,MI,MD,Mortgage,Severna Park,MD
A00002093,Craig Canary,34,Y,Y,5,LI,High School,Rent,Livermore,CA
A00003927,Nancy Young,53,Y,Y,7,LI,College,Own,Glen Burnie,MD
A00005179,Charles Wold,64,Y,Y,3,LI,High School,Rent,Glendale,AZ
A00002500,Thomas Jay,30,N,Y,5,HI,Bachelor,Mortgage,,VT
A00004700,Cynthia Bliss,51,N,Y,3,MI,College,Rent,Panama City,FL
A00007502,Daryl Arnold,34,Y,Y,4,HI,High School,Mortgage,Glendale,AZ
A00007900,John Kershner,52,Y,Y,6,MI,High School,Rent,Fayetteville,AR
A00009518,Tommie Jackson,41,Y,Y,6,MI,College,Rent,Nashville,TN
A00003520,Robin Hines,25,N,Y,2,HI,High School,Mortgage,Crofton,MD
A00008863,Nathan Farnam,55,Y,Y,4,HI,Bachelor,Rent,Arlington,MA
A00008707,Beverly Sylvester,31,N,Y,5,MI,Bachelor,Own,Arvada,CO
A00006406,Renee Gibbs,58,N,Y,3,LI,Bachelor,Rent,Anchorage,AK
A00005540,Mayra Byars,34,Y,Y,4,HI,MD,Own,Arvada,CO
A00007760,Jacinto Mcdonald,48,N,Y,6,MI,Bachelor,Mortgage,Fayetteville,AR
A00005815,Ralph Getz,30,Y,Y,5,LI,Bachelor,Mortgage,Fayetteville,AR
A00009994,Tamara Kleinke,46,Y,Y,2,MI,Masters,Mortgage,Dartmouth,MA
A00002773,Catherine Starzyk,43,Y,Y,2,LI,College,Own,Savannah,GA
A00006775,Ronald Adams,26,Y,N,7,LI,College,Mortgage,Nashville,TN
A00001697,Jonathan Fulmore,63,N,Y,2,HI,MD,Rent,Nashville,TN
A00003727,Kenneth Baker,44,Y,Y,3,LI,PhD,Rent,Montgomery,AL
A00005438,Richard Gastelum,45,N,Y,5,MI,High School,Own,Bakersfield,CA
A00003889,Willie Hardin,61,Y,Y,6,MI,Bachelor,Own,Washington,DC
A00006135,Betty Arthur,37,Y,Y,4,MI,Masters,Mortgage,Anchorage,AK
A00006688,Roxanne Amerson,37,Y,Y,5,MI,Bachelor,Own,Louisville,KY
A00005504,Shawn Briggs,55,Y,Y,7,MI,NA,Rent,Oakland,CA
A00001810,Maria Soule,61,N,Y,6,MI,Bachelor,Mortgage,Nashville,TN
A00004230,Luis Clark,53,Y,Y,2,LI,Bachelor,Mortgage,Anchorage,AK
A00004073,David Ernest,49,Y,N,6,MI,Bachelor,Rent,Newton,MA
A00004080,Rhonda Gilliland,53,N,N,5,LI,College,Own,Montgomery,AL
A00001078,Fannie Shellhamer,63,Y,Y,7,HI,High School,Rent,Panama City Beach,FL
A00008536,Alyssa Williams,28,N,Y,3,MI,Bachelor,Own,Wolcott,VT
A00006324,Gayle Kraft,25,Y,Y,3,LI,Bachelor,Mortgage,Montgomery,AL
A00007848,Ronald Powell,32,N,Y,7,MI,Bachelor,Mortgage,Edmond,OK
A00001739,George Rosengren,55,Y,Y,3,LI,MD,Rent,Jackson,CA
A00009160,Dixie Williams,32,N,Y,5,MI,High School,Rent,Anchorage,AK
A00007828,Roberta Haynes,53,Y,Y,6,HI,High School,Rent,Hayward,CA
A00004296,Michelle Senteno,58,Y,Y,7,MI,NA,Own,Arvada,CO
A00007039,Patricia Kelly,31,N,Y,3,LI,High School,Mortgage,Anchorage,AK
A00009021,Paul Johns,25,N,Y,6,MI,Bachelor,Mortgage,Louisville,KY
A00008436,Esther Robinson,40,N,Y,2,LI,College,Rent,Savannah,GA
A00003532,Verna Butts,56,Y,Y,4,HI,NA,Mortgage,Anchorage,AK
A00009332,Chester Bisarra,40,N,Y,2,LI,MD,Own,Panama City,FL
A00000839,Angela Sooter,46,Y,Y,2,MI,College,Own,Oklahoma City,OK
A00002769,Philip Davis,28,Y,Y,2,MI,College,Mortgage,Union City,CA
A00001766,Helen Kawachi,61,N,Y,5,LI,Bachelor,Own,Anchorage,AK
A00006826,Rhonda Green,64,Y,Y,5,MI,Bachelor,Mortgage,Pueblo,CO
A00000453,Gary Myers,47,Y,Y,7,HI,Bachelor,Mortgage,Santa Rosa,CA
A00001035,Dena Coon,52,Y,Y,7,LI,High School,Rent,Anchorage,AK
A00001506,Britney Caswell,28,Y,Y,7,LI,NA,Own,Panama City,FL
A00003304,Tony Henderson,42,Y,Y,7,HI,PhD,Own,Montgomery,AL
A00006069,Gary Johnson,43,Y,Y,7,HI,College,Mortgage,Louisville,KY
A00008187,Andrea Dumont,61,Y,N,7,MI,Bachelor,Rent,Braintree,MA
A00008590,Amy Pacheco,60,Y,Y,3,MI,Bachelor,Mortgage,Fayetteville,AR
A00005139,Arlene Beavers,25,Y,Y,4,LI,Bachelor,Own,Louisville,KY
A00007315,William Kolmer,56,N,Y,2,LI,MD,Mortgage,Montgomery,AL
A00002772,Douglas Chung,58,Y,Y,7,MI,Bachelor,Rent,Panama City Beach,FL
A00005121,Sara Millican,32,Y,Y,7,MI,PhD,Mortgage,Annapolis,MD
A00009971,Wanda Cessna,48,Y,Y,6,LI,High School,Own,Glendale,AZ
A00001390,Catherine Nickerson,40,N,Y,5,MI,High School,Mortgage,Louisville,KY
A00008751,Michael Gillespie,45,Y,Y,5,MI,Bachelor,Rent,Louisville,KY
A00000589,Elizabeth Thompson,51,Y,Y,4,HI,Bachelor,Mortgage,Panama City,FL
A00000905,Stewart Terra,42,Y,Y,4,HI,MD,Mortgage,Washington,DC
A00009510,William Johnson,49,Y,Y,6,MI,High School,Mortgage,Lynn Haven,FL
A00004955,Virginia Lombardo,39,Y,Y,3,LI,Bachelor,Mortgage,Oklahoma City,OK
A00003108,Billie Perkins,35,Y,Y,3,MI,High School,Rent,Washington,DC
A00000150,Jonathan Moses,27,Y,Y,5,LI,PhD,Mortgage,Panama City,FL
A00009505,Brian Robinson,45,N,Y,5,HI,College,Mortgage,Glen Burnie,MD
A00006288,Ruth Evans,25,Y,Y,6,HI,High School,Mortgage,Hanover,MD
A00007373,Barbara Schmidt,56,N,Y,5,MI,Bachelor,Own,Manchester,CT
A00004188,Dennis Little,33,Y,Y,3,MI,NA,Own,Annapolis,MD
A00000340,Michael Callaghan,62,Y,Y,7,MI,College,Mortgage,Louisville,KY
A00007792,Anne Leab,55,Y,Y,6,LI,College,Mortgage,Fayetteville,AR
A00001987,Susan Proctor,40,Y,Y,5,MI,Bachelor,Own,Savannah,GA
A00007008,Carlos Ganley,38,Y,Y,3,LI,High School,Rent,Nashville,TN
A00004404,Jessica Verdi,57,Y,Y,2,MI,High School,Rent,Montgomery,AL
A00008102,John Lorenzana,45,Y,Y,5,MI,Bachelor,Mortgage,Savannah,GA
A00009058,Renee Lucero,39,N,Y,2,HI,Bachelor,Own,Washington,DC
A00006074,Donna Delafuente,62,Y,N,5,HI,College,Rent,Crofton,MD
A00008745,Mildred Vizarro,37,Y,Y,2,MI,College,Mortgage,Washington,DC
A00005821,Bonnie Sage,42,Y,Y,4,HI,PhD,Own,Fayetteville,AR
A00007579,Johnnie Yasutake,33,N,Y,7,MI,Bachelor,Mortgage,Fayetteville,AR
A00004709,Edward Puleo,61,Y,Y,3,MI,Masters,Rent,Arvada,CO
A00007789,James Cook,48,Y,Y,5,HI,College,Mortgage,Panama City,FL
A00009902,Kristi Hurless,54,N,Y,4,LI,College,Own,Montgomery,AL
A00007025,Claudine Gaylor,63,N,Y,2,LI,Masters,Own,Manchester,CT
A00004683,Meredith Bradshaw,35,Y,Y,5,MI,College,Mortgage,Somerville,MA
A00007129,Daniel Richardson,44,N,N,7,MI,Bachelor,Rent,Anchorage,AK
A00008551,Tony Mayne,43,Y,N,3,LI,Bachelor,Own,Nashville,TN
A00003367,Ramon Williams,55,N,Y,3,MI,Bachelor,Mortgage,Arvada,CO
A00006067,Lawrence Clemens,51,Y,Y,2,HI,NA,Own,Fayetteville,AR
A00007401,Ellen Laderman,28,Y,Y,7,LI,Bachelor,Rent,Fayetteville,AR
A00008580,James Henry,49,Y,Y,6,HI,Bachelor,Rent,Savannah,GA
A00007063,Tammy Savala,30,Y,N,5,LI,NA,Own,Savannah,GA
A00005035,Kenneth Goodwyn,53,Y,Y,2,MI,Bachelor,Mortgage,Aurora,CO
A00009370,William Mooney,56,Y,Y,5,MI,High School,Rent,Glen Burnie,MD
A00001087,Yvonne He,56,Y,Y,4,MI,Bachelor,Mortgage,Panama City,FL
A00000129,Clinton Gardner,43,Y,Y,2,MI,Bachelor,Own,Springfield,MA
A00009253,Patricia Baca,28,Y,Y,5,HI,High School,Rent,Fayetteville,AR
A00009995,Sergio Gilmore,54,N,Y,5,LI,College,Own,Lunenburg,MA
A00000619,Arielle Seals,44,Y,Y,6,HI,Bachelor,Rent,Santa Cruz,CA
A00000289,Eva Regan,45,Y,Y,7,MI,High School,Rent,Lynn Haven,FL
A00007404,Michael Waller,41,Y,Y,2,LI,Bachelor,Mortgage,Glendale,AZ
A00004856,Janie Maddox,37,Y,Y,3,HI,High School,Rent,Fayetteville,AR
A00002843,Kyle Vaughan,48,Y,N,4,MI,Bachelor,Own,Montgomery,AL
A00009326,Susan Hart,41,Y,Y,3,LI,College,Mortgage,New Bedford,MA
A00006287,Coy Bragg,44,Y,Y,2,LI,High School,Mortgage,Barre,VT
A00002947,Calvin Cruz,43,N,Y,5,HI,High School,Mortgage,Manchester,CT
A00000647,William Bond,57,N,Y,3,HI,Bachelor,Mortgage,Fayetteville,AR
A00007800,Brenda Camacho,36,N,Y,2,HI,PhD,Mortgage,Montgomery,AL
A00006117,Joseph Mckee,44,Y,Y,7,HI,MD,Own,Glendale,AZ
A00004130,Sandy Hunter,53,Y,N,5,LI,NA,Mortgage,Webster,MA
A00005097,James Knapp,51,Y,N,4,MI,NA,Mortgage,Montgomery,AL
A00008188,Earl Goularte,52,Y,Y,5,HI,Masters,Rent,Castro Valley,CA
A00006436,Allison Martin,51,Y,Y,5,LI,High School,Own,Litchfield Park,AZ
A00006454,Lois Logan,45,Y,Y,2,MI,Bachelor,Rent,Glendale,AZ
A00006935,Randy Cuomo,44,Y,Y,6,MI,College,Mortgage,Manchester,CT
A00004983,Cheri Amini,25,Y,Y,2,MI,MD,Mortgage,Fayetteville,AR
A00005765,Jerry Moss,46,Y,Y,2,MI,High School,Mortgage,Fayetteville,AR
A00000153,Dennis Munday,62,N,Y,7,MI,Bachelor,Rent,Ione,CA
A00001698,Laura Pittman,25,Y,Y,4,LI,Bachelor,Own,Anchorage,AK
A00000638,Erin Porter,34,N,Y,3,MI,Bachelor,Own,Nashville,TN
A00009057,Ruth Penson,52,Y,Y,6,MI,Bachelor,Mortgage,Fayetteville,AR
A00009707,Eva Phillips,53,Y,Y,2,HI,Bachelor,Mortgage,Manchester,CT
A00000190,Gregory Drees,31,Y,Y,2,LI,High School,Rent,Nashville,TN
A00001870,Rhonda Diemer,53,Y,Y,5,MI,MD,Rent,Savannah,GA
A00008841,Moises Stewart,28,N,Y,7,HI,Bachelor,Mortgage,Tollhouse,CA
A00000159,Michael Hill,50,Y,Y,4,MI,High School,Own,Fayetteville,AR
A00003302,Lawrence Andrews,61,N,Y,3,MI,College,Rent,Castro Valley,CA
A00008170,Everett Hall,50,Y,Y,7,MI,Bachelor,Mortgage,Savannah,GA
A00008615,Scott Hart,33,Y,Y,6,MI,High School,Mortgage,Panama City,FL
A00003312,Gena Torres,55,Y,Y,5,MI,Bachelor,Mortgage,West Windsor,VT
A00004686,Troy Bradley,38,Y,Y,4,MI,College,Mortgage,Pasadena,MD
A00002624,Cynthia Perales,64,Y,Y,6,MI,Masters,Mortgage,Telluride,CO
A00005189,Jose Sullivan,30,Y,Y,4,MI,High School,Own,Savannah,GA
A00003606,Rick Hicks,59,N,Y,2,LI,Masters,Mortgage,Orange,CA
A00009973,James Mendez,33,Y,Y,7,HI,High School,Mortgage,Arvada,CO
A00006362,Randall Vega,52,Y,Y,3,MI,Bachelor,Mortgage,Oakland,CA
A00002294,Dale Tyler,54,Y,Y,5,MI,Bachelor,Rent,Lynn Haven,FL
A00007698,Shawn Mency,51,Y,Y,2,LI,Bachelor,Mortgage,Arvada,CO
A00002345,Eddie Santana,44,Y,Y,7,MI,Bachelor,Own,Panama City,FL
A00008100,Georgia Hyett,64,Y,N,4,LI,College,Rent,Dublin,CA
A00005514,Donna Young,35,Y,Y,7,MI,Bachelor,Rent,Manchester,CT
A00003032,Melissa Schmidt,26,N,Y,3,HI,Bachelor,Rent,New Bedford,MA
A00005198,Lawrence Williams,42,Y,Y,3,MI,Bachelor,Mortgage,Grass Valley,CA
A00009483,Susan Shell,43,Y,Y,5,HI,High School,Mortgage,Fayetteville,AR
A00009818,Kimberly Lewis,28,Y,Y,4,MI,Bachelor,Rent,Glen Burnie,MD
A00001964,Richard Kurth,36,N,Y,5,MI,Masters,Own,Fayetteville,AR
A00007836,Donna Chestnut,28,Y,Y,3,HI,Bachelor,Rent,Arvada,CO
A00000083,Julian Pool,25,N,Y,3,LI,College,Rent,Manchester,CT
A00003739,Sandy Roman,40,Y,N,2,HI,NA,Rent,Savannah,GA
A00007135,Blanche Cleaver,47,Y,Y,6,MI,High School,Own,Anchorage,AK
A00003198,Kyle Herbert,26,Y,Y,5,LI,Bachelor,Mortgage,Savannah,GA
A00004451,Marvin Scherrer,41,N,Y,6,LI,Masters,Own,Fayetteville,AR
A00004946,Frank Nolte,35,N,Y,5,LI,High School,Mortgage,Louisville,KY
A00003943,Lawrence Sherry,59,Y,Y,4,LI,Bachelor,Own,Severn,MD
A00006294,Obdulia Hart,33,Y,Y,7,LI,High School,Mortgage,Anchorage,AK
A00003181,Daniel Gonzales,41,Y,Y,2,HI,College,Rent,Nashville,TN
A00004618,Allen Phares,38,Y,N,7,MI,High School,Own,Glendale,AZ
A00006285,Zola Chowenhill,38,Y,Y,3,MI,MD,Rent,Manchester,CT
A00006224,Theresa Jenkins,52,N,N,4,LI,Bachelor,Own,West River,MD
A00004992,Rose Greer,61,N,Y,3,LI,Masters,Mortgage,Arvada,CO
A00005886,Jason Fishback,57,N,Y,4,MI,High School,Own,Panama City,FL
A00009951,Benjamin Newlan,52,Y,Y,4,MI,NA,Rent,Greeley,CO
A00001796,Felix Cole,35,Y,Y,2,LI,Masters,Own,Severna Park,MD
A00009289,Edward Igtanloc,32,N,Y,6,MI,High School,Own,Beverly Hills,FL
A00004550,Christine Berryman,31,N,Y,4,HI,Bachelor,Mortgage,Washington,DC
A00009900,Robert Lee,31,Y,Y,4,MI,Bachelor,Mortgage,Nashville,TN
A00006745,Elias Leon,31,Y,Y,2,MI,High School,Mortgage,Fremont,CA
A00009146,Tuyet King,40,Y,Y,2,LI,Masters,Mortgage,Hurstbourne Acres,KY
A00009129,Evelyn Champagne,61,N,Y,7,MI,NA,Own,Panama City,FL
A00006059,Carl Leblanc,35,N,Y,2,HI,High School,Mortgage,Montgomery,AL
A00006534,Derrick Balnis,40,Y,Y,5,MI,MD,Mortgage,Berkeley,CA
A00007073,Natashia Jeune,30,Y,Y,3,MI,High School,Own,Glendale,AZ
A00009809,Alice Weigel,55,N,Y,5,HI,High School,Own,Severn,MD
A00005826,Carmen Chavez,31,Y,Y,3,MI,NA,Rent,Panama City,FL
A00001799,Marie Huston,61,Y,Y,7,MI,MD,Rent,Thunderbolt,GA
A00002227,Arthur West,56,Y,Y,2,LI,College,Rent,Quincy,MA
A00007992,William Goff,42,N,Y,4,MI,Bachelor,Mortgage,Wheelock,VT
A00003906,Thomas Fountain,57,Y,Y,7,MI,Bachelor,Rent,Glendale,AZ
A00009105,Donny Weinstein,59,Y,Y,4,HI,PhD,Own,Longmeadow,MA
A00001120,Bernard Maples,35,Y,Y,3,MI,MD,Rent,Panama City,FL
A00005259,Robert Monske,55,N,Y,4,HI,Bachelor,Rent,Medford,MA
A00007399,Joann Bane,53,N,Y,4,HI,Masters,Own,Washington,DC
A00006368,Donald Mayoras,56,Y,Y,4,MI,Bachelor,Rent,Fayetteville,AR
A00003141,Edward Ferguson,45,Y,Y,5,MI,Bachelor,Rent,Deale,MD
A00008708,Ruth Lawton,38,Y,Y,7,HI,High School,Rent,Savannah,GA
A00009898,Dwain Duncan,37,N,N,5,LI,MD,Rent,Fayetteville,AR
A00008096,William Montney,40,Y,Y,2,LI,Bachelor,Mortgage,Fayetteville,AR
A00006839,Andre Barlett,41,Y,Y,7,LI,NA,Rent,Arvada,CO
A00004042,Wiley Thomas,60,Y,Y,4,HI,NA,Rent,Panama City,FL
A00005667,Kenneth Cobb,54,N,Y,6,HI,MD,Rent,Montgomery,AL
A00009996,David Gambrel,48,Y,Y,5,HI,High School,Own,Burlington,VT
A00002685,Robert Vanstee,27,Y,Y,3,LI,Bachelor,Rent,Louisville,KY
A00007921,Elizabeth Bowers,46,Y,Y,6,HI,Bachelor,Own,Savannah,GA
A00002725,Norbert Crawford,53,Y,Y,7,HI,Bachelor,Mortgage,Louisville,KY
A00001261,Mario Caruso,47,N,Y,3,HI,High School,Rent,Los Angeles,CA
A00005170,Kathleen Morales,44,Y,Y,2,HI,NA,Mortgage,Annapolis,MD
A00009465,Nell Henry,28,N,Y,5,HI,Bachelor,Mortgage,Savannah,GA
A00007001,Doris Harrison,64,N,Y,7,HI,Bachelor,Mortgage,Savannah,GA
A00003648,Ralph Dockery,43,Y,Y,2,MI,Bachelor,Rent,Saint Albans City,VT
A00005242,Albert Mahoney,62,Y,Y,7,HI,College,Own,Oakland,CA
A00009020,Clarissa Brandwein,31,N,Y,7,MI,Masters,Rent,Pittsford,VT
A00005327,Carleen Eller,38,Y,Y,7,HI,Masters,Own,Nashville,TN
A00000007,Cecilia Newberry,47,Y,Y,3,LI,Masters,Mortgage,Santa Rosa,CA
A00000405,Florence Brown,51,Y,Y,3,LI,High School,Own,Laurel,MD
A00005698,Reta Sutton,60,N,Y,6,MI,High School,Mortgage,Savannah,GA
A00007814,Joan Bailey,61,Y,Y,7,LI,MD,Mortgage,Arvada,CO
A00009041,Wanda Ellison,43,N,Y,7,MI,College,Mortgage,Oklahoma City,OK
A00000716,Isabel Imai,51,Y,Y,7,MI,College,Mortgage,Woodford,VT
A00008941,William Maes,56,Y,Y,7,LI,High School,Mortgage,Hanover,MD
A00000948,Helen Robinson,42,Y,Y,4,MI,High School,Rent,Montgomery,AL
A00008899,Nicholas Denes,47,N,Y,7,MI,MD,Mortgage,Fayetteville,AR
A00007461,Kerri Bissonnette,34,Y,Y,7,MI,Bachelor,Mortgage,Louisville,KY
A00005230,Alan Guinane,60,Y,N,4,MI,Masters,Own,Noble,OK
A00005010,John Walsh,34,Y,Y,3,LI,High School,Mortgage,Oklahoma City,OK
A00006806,Robert Welch,26,N,N,2,LI,High School,Rent,Louisville,KY
A00009719,Julie Lewis,61,Y,Y,7,MI,High School,Mortgage,Washington,DC
A00001586,Joyce Maloney,49,Y,Y,7,MI,PhD,Rent,Glendale,AZ
A00006618,Bruce Kachmarsky,28,Y,Y,3,HI,MD,Mortgage,Lynn Haven,FL
A00000385,Betty Gwaltney,39,N,Y,2,HI,NA,Rent,Arvada,CO
A00003172,Lashawn Engles,47,N,Y,6,MI,PhD,Rent,Vallejo,CA
A00000160,Philip Yockey,54,Y,Y,3,MI,Masters,Mortgage,Union City,CA
A00008714,Carolyn Cronk,37,N,Y,6,MI,College,Own,Fayetteville,AR
A00008088,Francis Schultz,38,Y,Y,2,MI,NA,Mortgage,Montgomery,AL
A00003730,Kathy Marquez,49,Y,Y,6,HI,High School,Rent,Prospect,KY
A00008827,Anthony Cox,40,Y,Y,4,HI,College,Mortgage,Nashville,TN
A00002044,Ann Farber,41,Y,Y,2,LI,High School,Mortgage,Agawam,MA
A00005743,Heidi Allison,32,Y,Y,2,HI,High School,Mortgage,,VT
A00007912,Jessica Waldren,45,Y,Y,3,LI,Bachelor,Rent,Nashville,TN
A00000184,Jack Roy,29,N,Y,3,MI,High School,Mortgage,Farmington,AR
A00004632,Clifton Deluca,48,Y,Y,3,LI,High School,Mortgage,Manchester,CT
A00000109,Ruth Blamer,41,Y,Y,2,LI,College,Own,Manchester,CT
A00009330,Katharine Dodds,44,Y,Y,7,MI,Bachelor,Mortgage,Anchorage,AK
A00009825,Morris Burnett,35,Y,Y,6,LI,High School,Rent,Fayetteville,AR
A00001663,Douglas Giraud,48,N,Y,2,MI,High School,Mortgage,Brimfield,MA
A00002318,Barbara Saling,42,Y,Y,3,MI,College,Rent,Berkeley,CA
A00000912,Thomas Lelacheur,46,Y,Y,5,MI,High School,Own,Anchorage,AK
A00005199,Robert Kunzel,32,Y,Y,2,MI,Bachelor,Own,Arvada,CO
A00006811,Jayson Garza,32,Y,Y,6,MI,College,Own,Fayetteville,AR
A00004839,Stephen Sloan,61,N,Y,4,MI,High School,Mortgage,Savannah,GA
A00003467,Loyd Cash,47,N,Y,5,MI,High School,Rent,Fayetteville,AR
A00004738,Arthur Broughton,47,N,Y,5,HI,MD,Own,Brockton,MA
A00003462,Ross Vaden,44,N,Y,3,MI,MD,Own,Pueblo,CO
A00001052,Mack Esparza,28,Y,Y,7,MI,Bachelor,Own,Glendale,AZ
A00004807,Jack Linden,48,Y,Y,7,HI,Bachelor,Rent,Fremont,CA
A00006706,Robert Valdez,50,Y,Y,4,LI,PhD,Mortgage,Glendale,AZ
A00004467,Richard Sieracki,46,Y,Y,3,MI,High School,Rent,Stowe,VT
A00001336,Connie Sequeira,29,Y,Y,6,MI,Masters,Rent,Fayetteville,AR
A00006768,Angie Drum,31,N,Y,4,MI,MD,Mortgage,Manchester,CT
A00007498,Vincent Obannon,61,Y,Y,3,MI,Bachelor,Own,Montgomery,AL
A00005888,Ronald Franch,43,N,Y,7,LI,Masters,Rent,Washington,DC
A00002757,Daniel Stephen,57,Y,Y,2,HI,Bachelor,Mortgage,Fayetteville,AR
A00003190,Gertrude Chew,49,Y,Y,5,LI,Bachelor,Mortgage,Port Charlotte,FL
A00002250,George Fletcher,48,N,Y,7,LI,Bachelor,Rent,Nashville,TN
A00001341,David Pleasant,60,N,Y,6,MI,College,Rent,Agawam,MA
A00009356,Diana Wilcox,38,Y,Y,3,MI,Bachelor,Own,Fayetteville,AR
A00008134,James Hyde,56,Y,Y,6,MI,NA,Rent,Arvada,CO
A00003458,Daniel Marsh,40,Y,Y,7,LI,Masters,Rent,Nashville,TN
A00004761,Jose Ecklund,45,Y,Y,6,MI,Bachelor,Mortgage,Nashville,TN
A00003665,Kimberly Krause,63,Y,Y,4,LI,High School,Mortgage,Vallejo,CA
A00004254,Margaret Corley,31,Y,Y,2,MI,PhD,Mortgage,Glendale,AZ
A00003596,Jose Hatfield,49,Y,Y,6,MI,NA,Rent,Nashville,TN
A00000806,Darlene Griffin,57,Y,Y,5,HI,College,Rent,Montgomery,AL
A00002618,Mark Aviles,32,Y,Y,4,MI,Bachelor,Rent,Lynn Haven,FL
A00002441,Orpha Mcclellan,41,Y,Y,5,LI,Bachelor,Own,Montgomery,AL
A00008730,Mildred Stone,41,Y,Y,6,MI,Masters,Own,Montgomery,AL
A00001678,Micheal Houston,27,Y,Y,4,LI,High School,Mortgage,Nashville,TN
A00007785,Geraldine Luck,36,Y,Y,2,MI,PhD,Rent,Manchester,CT
A00000185,Charles Ruelas,55,Y,Y,4,MI,MD,Rent,Morristown,VT
A00006239,David Hall,33,Y,Y,6,LI,Bachelor,Mortgage,Manchester,CT
A00001725,Harold Avery,61,N,Y,2,MI,Bachelor,Rent,Montgomery,AL
A00003950,Jim Dansby,36,N,Y,3,MI,MD,Rent,Manchester,CT
A00002268,Jessica Greer,36,Y,N,3,MI,Masters,Rent,Scituate,MA
A00001929,Flora Troke,28,N,Y,4,HI,PhD,Rent,Anchorage,AK
A00007580,Dan Buchholz,37,Y,Y,6,MI,Bachelor,Own,Bakersfield,CA
A00006848,Michael Veloz,56,Y,Y,5,HI,Masters,Mortgage,Glendale,AZ
A00009688,Jamie Blair,56,Y,Y,6,LI,Bachelor,Mortgage,Arvada,CO
A00005171,Maria Coyle,58,N,N,4,LI,NA,Rent,Medford,MA
A00002585,Phyllis Parker,25,Y,Y,6,MI,Bachelor,Mortgage,Panama City,FL
A00009089,Cleta Simmons,32,Y,Y,7,MI,Bachelor,Own,Manchester,CT
A00006687,Dominick Daniels,62,Y,Y,3,HI,Bachelor,Mortgage,Fayetteville,AR
A00004641,Robert Sottile,63,N,Y,3,HI,Bachelor,Own,Panama City,FL
A00005111,Ida Luna,33,N,Y,2,HI,PhD,Rent,San Leandro,CA
A00008524,Suzanne Torres,48,Y,Y,2,MI,Masters,Mortgage,Fayetteville,AR
A00002686,Cynthia Mcfarland,35,N,N,2,MI,Bachelor,Rent,Panama City,FL
A00005486,Jean Jaime,32,Y,Y,7,MI,NA,Rent,Union City,CA
A00008393,Matilda Mcbryde,55,Y,Y,7,HI,Bachelor,Rent,Bristol,VT
A00006650,Robert Mensalvas,33,Y,Y,5,MI,Masters,Mortgage,Fayetteville,AR
A00009408,Richard Cottingham,31,N,Y,2,MI,MD,Rent,Glendale,AZ
A00000462,Peggy Griffin,42,Y,Y,5,MI,Bachelor,Rent,Savannah,GA
A00009262,Daisy Schmidt,56,Y,Y,4,MI,Bachelor,Mortgage,Essex,VT
A00001919,Lindsay Steenbergen,40,Y,N,6,HI,Bachelor,Rent,Manchester,CT
A00007248,Karen Combs,59,N,Y,5,MI,Bachelor,Mortgage,Panama City,FL
A00004545,Walter Ruiz,56,Y,Y,2,MI,High School,Own,Hartford,VT
A00004417,Tanisha Hazel,36,Y,Y,2,MI,Bachelor,Rent,Nashville,TN
A00007276,Rita Dejesus,39,Y,Y,5,HI,Bachelor,Rent,Nashville,TN
A00008260,Dennis Sanchez,59,Y,N,4,LI,PhD,Rent,Arvada,CO
A00001775,Francisco Curtis,53,Y,Y,5,MI,Bachelor,Own,Manchester,CT
A00004415,Graig Mcgraw,41,N,Y,4,MI,Masters,Mortgage,Montgomery,AL
A00004445,Thomas Thomas,27,Y,Y,6,LI,Bachelor,Rent,Glendale,AZ
A00002996,Lula Brooks,34,Y,Y,3,HI,Masters,Own,Oklahoma City,OK
A00006206,Timothy Romero,47,Y,Y,6,MI,Bachelor,Mortgage,Louisville,KY
A00004140,Ella Anderson,51,Y,N,4,LI,NA,Rent,Waddell,AZ
A00007451,Frederick Hopper,54,Y,Y,2,MI,PhD,Mortgage,Arvada,CO
A00007795,Virginia Thomas,58,N,Y,4,LI,Bachelor,Mortgage,Arvada,CO
A00008790,Babara Medina,32,Y,Y,6,MI,Bachelor,Rent,Nashville,TN
A00003531,Elizabeth Perry,27,Y,N,2,LI,NA,Own,Anchorage,AK
A00003263,David Reed,45,Y,Y,7,MI,Bachelor,Rent,Savannah,GA
A00000505,William Avery,53,Y,Y,7,LI,High School,Mortgage,Fresno,CA
A00001740,Ann Luebke,38,N,Y,2,LI,Masters,Rent,San Leandro,CA
A00002072,Jonathan Francis,58,Y,Y,4,HI,Bachelor,Own,Washington,DC
A00001300,Barbara Bernes,27,Y,Y,4,MI,High School,Rent,Hyde Park,VT
A00006167,Dale Dennison,41,Y,Y,2,LI,High School,Mortgage,Arvada,CO
A00001958,Belinda Koopman,50,Y,Y,4,MI,Bachelor,Own,Washington,DC
A00004594,Burton Hoyle,32,Y,Y,5,HI,Masters,Mortgage,Woburn,MA
A00002547,Elizabeth Trombly,49,N,N,2,HI,Bachelor,Mortgage,Arvada,CO
A00006061,Roy Paetzold,54,N,Y,5,LI,PhD,Own,Montgomery,AL
A00001016,Irene Tackitt,31,Y,Y,4,LI,High School,Own,Savannah,GA
A00005433,Cynthia West,60,Y,Y,4,MI,Bachelor,Own,Panama City,FL
A00006915,Alyssa Bowen,41,N,Y,4,LI,Bachelor,Rent,Glen Burnie,MD
A00007283,Chester Castleberry,60,Y,Y,5,LI,High School,Rent,Anchorage,AK
A00001480,Ida Nam,57,Y,Y,5,HI,High School,Mortgage,Pooler,GA
A00002165,Michael Macklin,54,N,Y,3,MI,PhD,Mortgage,Kenai,AK
A00007251,Sara Callis,52,Y,Y,6,HI,Bachelor,Own,Washington,DC
A00001262,Michael Eisele,43,Y,Y,5,HI,Bachelor,Mortgage,Van Buren,AR
A00002528,Brent Molter,57,Y,Y,5,LI,Masters,Mortgage,Arvada,CO
A00000623,Michael Knaff,41,Y,Y,5,MI,Bachelor,Rent,Nashville,TN
A00000226,Susie Reynolds,58,N,Y,2,MI,Masters,Rent,San Leandro,CA
A00004586,Christopher Hatfield,27,Y,Y,3,LI,Bachelor,Own,Panama City Beach,FL
A00005941,Louise Poss,51,N,Y,4,HI,MD,Rent,Pooler,GA
A00000592,Elizabeth Ramirez,43,N,Y,4,MI,Bachelor,Own,Greeley,CO
A00006966,Jessie Laubhan,59,N,Y,2,MI,High School,Rent,Fayetteville,AR
A00002086,Randy Andrews,60,Y,Y,2,LI,College,Rent,Edmond,OK
A00003437,Jonathan Couch,29,N,Y,7,HI,Bachelor,Rent,Oak Bluffs,MA
A00007700,Luis Blair,56,Y,Y,5,HI,NA,Rent,Fountain,FL
A00009102,Ethel Conner,44,Y,Y,5,HI,Bachelor,Rent,Alameda,CA
A00008140,Joseph Castro,30,Y,Y,2,HI,Masters,Own,Montgomery,AL
A00001175,Jerry Miller,30,Y,Y,7,MI,Bachelor,Mortgage,Manchester,CT
A00005083,Rebecca Burpo,64,Y,Y,7,LI,Bachelor,Own,Fremont,CA
A00004022,Clyde Whiteside,58,N,Y,6,LI,Bachelor,Own,Montgomery,AL
A00009007,Deborah Boudreaux,36,N,Y,3,HI,PhD,Mortgage,Washington,DC
A00001656,Bryan Worsham,64,Y,Y,7,MI,PhD,Rent,Washington,DC
A00008214,Jeffrey Snipes,33,Y,Y,4,MI,Bachelor,Rent,Medford,MA
A00009790,Paul Crim,31,Y,Y,7,HI,Bachelor,Rent,Oklahoma City,OK
A00007286,Jose Moore,64,Y,Y,7,MI,Bachelor,Mortgage,Cambridge,MA
A00008229,Rodney Emerson,34,N,Y,2,MI,High School,Mortgage,Louisville,KY
A00004426,Paul Randle,50,Y,Y,4,MI,Bachelor,Mortgage,Louisville,KY
A00008546,Nicole Gonzalez,38,N,Y,4,LI,Bachelor,Rent,Hartford,VT
A00005760,Juan James,35,Y,Y,3,MI,Bachelor,Own,Crownsville,MD
A00001926,Ronald Durbin,28,N,Y,5,LI,Masters,Mortgage,Brockton,MA
A00009635,Michelle Lanasa,58,Y,N,3,LI,Bachelor,Mortgage,Arvada,CO
A00002655,James Wilcox,61,Y,Y,3,LI,College,Own,Fayetteville,AR
A00001643,Sharon Jackson,54,Y,Y,2,MI,Bachelor,Rent,Washington,DC
A00000136,William Seabolt,63,Y,Y,5,LI,NA,Rent,Fayetteville,AR
A00006438,Olga Wilder,34,Y,Y,4,MI,High School,Rent,Manchester,CT
A00007661,Barbara Wilbur,48,Y,Y,4,HI,Bachelor,Mortgage,Hayward,CA
A00004739,Rebecca Petrone,25,Y,N,6,MI,Bachelor,Own,Fresno,CA
A00009701,Jeffrey Schwartz,62,Y,Y,6,HI,Masters,Mortgage,Nashville,TN
A00000651,Juan Reilly,61,Y,Y,4,HI,Bachelor,Rent,Union City,CA
A00002260,Alfred Wright,30,Y,N,2,MI,Bachelor,Rent,Fountain,FL
A00006443,Cody Ravenell,50,Y,Y,6,HI,High School,Own,Pittsfield,MA
A00009182,June Royster,62,Y,Y,6,LI,MD,Own,Concord,CA
A00008364,William Carrillo,30,N,Y,4,HI,College,Rent,Montgomery,AL
A00004963,Robert Ortiz,54,Y,Y,3,MI,Bachelor,Own,Norman,OK
A00006263,Guadalupe Fritcher,57,Y,Y,6,HI,High School,Own,Anchorage,AK
A00006215,James Becerra,47,Y,N,2,MI,Bachelor,Own,Washington,DC
A00006114,Clara Hanke,64,Y,Y,4,MI,College,Mortgage,Lynnfield,MA
A00004310,Leif Sones,37,Y,Y,3,HI,Bachelor,Own,Montgomery,AL
A00009092,John Goud,49,N,Y,6,MI,Bachelor,Rent,Arvada,CO
A00003225,Marjorie Ford,35,Y,Y,6,HI,Bachelor,Rent,Montgomery,AL
A00007938,Margaret Sherrod,48,Y,Y,3,MI,Masters,Rent,Livermore,CA
A00009779,David Green,55,Y,Y,4,MI,Masters,Own,Oklahoma City,OK
A00009371,Lloyd Householder,55,N,Y,4,MI,Bachelor,Rent,Anchorage,AK
A00002668,Judith Martinez,32,Y,Y,3,LI,Masters,Own,Washington,DC
A00006550,Joyce Wright,50,N,Y,7,LI,Bachelor,Own,Oklahoma City,OK
A00008076,Clifford Walker,56,Y,Y,2,LI,Masters,Mortgage,Panama City Beach,FL
A00000650,Walter Padilla,58,Y,Y,7,MI,Bachelor,Rent,Montgomery,AL
A00005920,Natasha Williams,50,N,Y,6,HI,NA,Rent,Manchester,CT
A00007143,Jeanette Vanriper,30,Y,Y,7,MI,Bachelor,Mortgage,Midwest City,OK
A00003717,Thalia Mondragon,62,Y,Y,2,HI,High School,Mortgage,Aspen,CO
A00004838,Irma Offield,38,Y,Y,3,MI,Bachelor,Rent,Panama City Beach,FL
A00005015,Mary Ogilvie,26,N,Y,3,MI,Bachelor,Rent,Lynn Haven,FL
A00005650,Alan Heidrick,46,N,Y,2,MI,Bachelor,Mortgage,Manchester,CT
A00007132,David Hill,45,Y,Y,3,LI,High School,Own,Washington,DC
A00001802,Nina Mayne,49,N,Y,2,MI,Bachelor,Mortgage,Panama City,FL
A00005506,Helen Rockwell,41,Y,Y,2,MI,Bachelor,Mortgage,Glendale,AZ
A00005113,Harold Carroll,60,N,Y,2,HI,Bachelor,Mortgage,Arvada,CO
A00004845,James Stewart,27,N,Y,7,MI,High School,Own,Jeffersontown,KY
A00001996,Mildred Norville,37,Y,Y,7,MI,High School,Mortgage,Washington,DC
A00008788,Christine Willey,56,Y,Y,4,LI,Masters,Rent,Glendale,AZ
A00007052,Michele Durant,49,N,Y,2,MI,Bachelor,Mortgage,Glendale,AZ
A00007787,Veronica Autry,45,Y,Y,4,LI,Bachelor,Rent,Manchester,CT
A00006586,Gordon Rogalski,29,N,Y,5,HI,Bachelor,Own,Manchester,CT
A00008330,Rosemary Whitaker,50,N,Y,5,MI,Bachelor,Rent,Panama City,FL
A00006444,Kyle Goodier,38,Y,Y,5,MI,Bachelor,Mortgage,Manchester,CT
A00000858,Michael Brown,56,N,Y,2,MI,MD,Rent,Glendale,AZ
A00006435,Caroline Carter,46,Y,Y,5,HI,Masters,Rent,Savannah,GA
A00008293,Sarah Clausen,59,Y,Y,5,HI,College,Mortgage,Panama City,FL
A00007231,Frank Johnson,25,N,Y,2,MI,Bachelor,Mortgage,Manchester,CT
A00004500,Isabelle Murphy,45,Y,Y,5,LI,High School,Mortgage,Fayetteville,AR
A00007010,Adele Ivey,53,Y,Y,6,MI,Bachelor,Own,Evergreen,CO
A00003408,Gary Towner,57,N,Y,6,HI,Bachelor,Mortgage,Washington,DC
A00005841,Betty Bowman,41,Y,Y,2,HI,College,Mortgage,Savannah,GA
A00004255,Caroline Smith,47,N,Y,6,MI,Masters,Own,Montgomery,AL
A00005892,Daniel Price,27,Y,Y,3,MI,High School,Rent,Nashville,TN
A00005904,Jack Fagen,57,Y,Y,3,LI,College,Rent,Dartmouth,MA
A00005313,Justin Rodriquez,34,Y,Y,6,MI,High School,Own,Montgomery,AL
A00002137,John Beckley,64,Y,Y,3,MI,NA,Own,Fayetteville,AR
A00004435,Tamara Romero,53,Y,N,2,LI,Bachelor,Rent,Nashville,TN
A00003809,Michelle Hall,46,Y,Y,2,MI,College,Own,,VT
A00005564,Kevin Johnson,51,Y,Y,2,HI,PhD,Mortgage,Fayetteville,AR
A00008147,Mary Dawson,44,Y,Y,3,HI,High School,Mortgage,Mountain View,CA
A00008489,Emily Karrels,52,Y,Y,4,MI,Masters,Rent,Panama City,FL
A00001925,Verona Levinson,27,Y,Y,6,MI,Bachelor,Mortgage,Orange,CA
A00001560,Roger Ridings,60,N,Y,5,HI,MD,Mortgage,Savannah,GA
A00003159,Annie Eccleston,27,Y,Y,4,MI,Bachelor,Mortgage,Easthampton,MA
A00008748,Jennifer Mills,47,Y,Y,5,MI,NA,Rent,Glendale,AZ
A00009607,Leslie Roberts,40,Y,Y,4,MI,College,Mortgage,Stowe,VT
A00000455,Michael Vagliardo,49,Y,N,3,HI,Bachelor,Rent,Oklahoma City,OK
A00002023,Tracy Scala,55,Y,Y,5,HI,High School,Rent,Nashville,TN
A00002738,Regina Mcilwain,44,N,Y,2,MI,College,Mortgage,Saint Matthews,KY
A00001068,Barry Montano,29,Y,Y,5,HI,High School,Own,Hayward,CA
A00001655,James Stone,37,N,Y,5,HI,Masters,Own,Montgomery,AL
A00002803,Bernice Gunn,60,Y,Y,4,MI,College,Own,Gardner,MA
A00001490,Raymond Abbot,31,Y,Y,2,MI,High School,Own,Bolton,VT
A00000691,Jon Ortiz,41,Y,Y,2,LI,High School,Rent,Arvada,CO
A00005783,Sandra Lombardi,31,Y,Y,3,HI,Masters,Mortgage,Savannah,GA
A00008950,Nancy Simmons,56,N,Y,2,MI,College,Own,Arvada,CO
A00004698,Cary Bushman,42,Y,N,3,MI,High School,Rent,Panama City Beach,FL
A00005172,Dennis Lloyd,51,Y,Y,5,LI,High School,Own,Fayetteville,AR
A00008769,Linda Weimer,25,N,Y,7,LI,College,Rent,Fayetteville,AR
A00009532,Madeline Bolanos,60,Y,Y,4,LI,MD,Mortgage,Savannah,GA
A00007279,Paul Bowen,61,Y,Y,3,LI,Bachelor,Own,Dummerston,VT
A00001263,Robin Richardson,39,Y,Y,7,MI,High School,Rent,Fayetteville,AR
A00000032,Julius Pagan,37,Y,Y,7,MI,High School,Mortgage,Nashville,TN
A00004944,Howard Webb,29,Y,Y,2,MI,Bachelor,Own,Arvada,CO
A00002728,Audrey Maher,62,N,Y,4,HI,Bachelor,Rent,Pooler,GA
A00006912,Elizabeth Ledbetter,37,Y,Y,3,MI,Bachelor,Own,Montgomery,AL
A00003746,Abby Martinez,61,N,Y,4,HI,College,Rent,Montgomery,AL
A00000776,Nicholas Butler,60,N,Y,2,HI,High School,Rent,Montgomery,AL
A00006686,Willie Jenkins,58,Y,Y,2,MI,High School,Own,Louisville,KY
A00005781,Wilfredo Fernandez,29,N,N,6,LI,MD,Rent,Washington,DC
A00004431,Pablo Herreras,26,Y,Y,6,MI,Masters,Own,Louisville,KY
A00002201,Margorie Frey,37,Y,Y,5,MI,Masters,Own,Midwest City,OK
A00003982,Marissa Rodriguez,57,N,Y,2,HI,Bachelor,Mortgage,Los Angeles,CA
A00003042,Yvonne Young,26,N,Y,5,LI,Masters,Mortgage,Anchorage,AK
A00002830,Joan Stevens,47,N,Y,3,MI,MD,Own,Annapolis,MD
A00001289,Scott Mackay,44,Y,Y,2,MI,Bachelor,Mortgage,Glendale,AZ
A00002106,Clayton Curci,33,N,Y,5,LI,College,Own,Laurel,MD
A00008491,Barbara Gonzalez,32,Y,N,3,HI,Bachelor,Mortgage,Norman,OK
A00002238,Cathy Miranda,27,Y,Y,2,HI,Bachelor,Mortgage,Lunenburg,MA
A00003997,Dorothy Stratton,53,Y,Y,2,LI,Bachelor,Rent,Groton,VT
A00005773,Matthew Mcdonald,52,Y,Y,3,MI,High School,Mortgage,Arvada,CO
A00000823,Andrew Robinson,46,Y,Y,4,LI,High School,Mortgage,Moore,OK
A00007936,Israel Rumberger,37,N,Y,3,MI,MD,Mortgage,Glendale,AZ
A00002162,Carl Rasmussen,49,N,Y,5,HI,Masters,Rent,Lynnfield,MA
A00000214,Greg Gordon,50,N,Y,5,HI,NA,Own,Nashville,TN
A00005374,Michael Frampton,37,Y,Y,4,MI,Bachelor,Rent,Berkeley,CA
A00001960,Randall Herrington,29,N,Y,6,LI,Bachelor,Rent,Pittsford,VT
A00003719,Susie Houston,60,Y,Y,5,LI,Bachelor,Mortgage,Anchorage,AK
A00000549,Howard Foster,52,Y,Y,2,MI,High School,Mortgage,Fayetteville,AR
A00008323,Beatrice Intrieri,55,Y,Y,4,MI,College,Own,Newark,CA
A00000671,Nadine Bohn,51,N,Y,4,MI,High School,Mortgage,Lunenburg,VT
A00008993,Carol Mcluen,34,Y,Y,6,LI,NA,Own,Louisville,KY
A00002310,Hazel Wilcox,62,Y,Y,2,MI,High School,Rent,Arvada,CO
A00003877,Jennifer Hardy,25,Y,Y,6,HI,High School,Mortgage,Savannah,GA
A00006884,Hattie Stearns,29,Y,Y,4,HI,Bachelor,Rent,Livermore,CA
A00008238,Earnestine Brown,25,Y,Y,7,HI,College,Rent,Washington,DC
A00007694,Anthony Wachsman,57,N,Y,2,MI,Bachelor,Own,Brentwood,TN
A00004240,Elijah Martin,44,Y,Y,5,MI,NA,Mortgage,Norton,MA
A00001033,Deann Ehrhart,29,N,Y,7,HI,Bachelor,Own,Oklahoma City,OK
A00003832,Harry Libby,44,N,Y,3,MI,Bachelor,Rent,Fayetteville,AR
A00001442,Lacy Creighton,53,Y,Y,4,MI,Bachelor,Own,Washington,DC
A00006770,Lynn Thurmer,50,Y,Y,6,MI,Masters,Rent,Cambridge,MA
A00002010,Sheila Daniels,55,N,Y,2,LI,Bachelor,Rent,Oklahoma City,OK
A00006007,Bonnie Sparrow,33,N,Y,3,LI,Bachelor,Mortgage,Arvada,CO
A00008604,Gary Backus,40,Y,Y,2,MI,Bachelor,Rent,Fayetteville,AR
A00003237,Herman Abrams,56,Y,Y,3,LI,High School,Mortgage,Glendale,AZ
A00004724,Maria Nikolic,41,N,Y,7,MI,Bachelor,Rent,Brentwood,TN
A00009269,Sofia Shor,35,Y,Y,4,MI,High School,Own,Pooler,GA
A00006752,Julie Morales,63,Y,Y,2,HI,Bachelor,Rent,Blue Lake,CA
A00000605,Laura Esh,42,Y,Y,4,MI,Bachelor,Own,Manchester,CT
A00002414,Douglas Hatfield,51,Y,N,3,MI,Masters,Rent,Oklahoma City,OK
A00004609,Patrick Rockett,42,Y,Y,5,HI,Masters,Rent,Montgomery,AL
A00000527,Ora Mcentire,38,N,Y,3,HI,Bachelor,Own,Hanover,MD
A00007793,Jayne Hackwell,46,N,Y,4,LI,Bachelor,Mortgage,Burlington,VT
A00000018,Charles Johnson,30,Y,Y,7,HI,Bachelor,Mortgage,Manchester,CT
A00008719,Tanya Wheeler,48,Y,Y,2,MI,Bachelor,Own,Arvada,CO
A00008987,Patrick Laplante,55,Y,Y,4,HI,Bachelor,Own,Farmington,AR
A00006955,Mark Bland,59,Y,Y,5,MI,Bachelor,Mortgage,Nashville,TN
A00001205,Timothy Bryant,63,Y,Y,4,HI,Masters,Own,Arvada,CO
A00004532,Mindy Eaton,28,Y,Y,7,LI,High School,Own,Crofton,MD
A00007696,Sarah Goulding,48,Y,N,5,MI,Bachelor,Mortgage,Savannah,GA
A00000177,Samuel Melancon,54,Y,N,2,MI,NA,Rent,Washington,DC
A00002478,Danielle Jones,54,Y,Y,3,LI,High School,Mortgage,Anchorage,AK
A00002636,Brett Grizzel,60,N,Y,3,HI,Bachelor,Mortgage,Manchester,CT
A00003627,Joyce Miller,29,Y,N,3,LI,High School,Rent,Lynn Haven,FL
A00004276,Robert Reid,38,Y,Y,6,MI,NA,Rent,Savannah,GA
A00003501,Geraldine Ferraro,54,N,Y,7,MI,Bachelor,Mortgage,Hingham,MA
A00002900,Gladys Ly,28,N,Y,5,LI,Masters,Mortgage,Barre,VT
A00009922,Jannie Souza,36,N,Y,3,LI,Bachelor,Own,Louisville,KY
A00006379,Minnie Kanady,59,Y,Y,2,LI,Bachelor,Own,Washington,DC
A00002789,Lucille Bailey,52,Y,Y,3,HI,Bachelor,Rent,Madera,CA
A00004972,Katherine Pennel,52,Y,Y,2,MI,Bachelor,Rent,Fayetteville,AR
A00007979,Christine Mccarthy,49,Y,Y,7,LI,High School,Rent,Aptos,CA
A00006156,Bennie Hills,54,Y,Y,5,LI,High School,Own,Washington,DC
A00006733,Micheal Autrey,27,Y,Y,6,HI,High School,Mortgage,Escondido,CA
A00003762,Michael Lay,31,Y,Y,3,MI,Bachelor,Mortgage,Glen Burnie,MD
A00003234,Samuel Deruyter,60,N,Y,5,HI,Bachelor,Rent,Panama City,FL
A00001355,Wanda Chipps,30,N,Y,6,MI,College,Rent,Montgomery,AL
A00008326,Estella Corry,39,Y,Y,5,MI,High School,Mortgage,Louisville,KY
A00004669,Jessica Young,41,Y,Y,2,HI,Masters,Own,Savannah,GA
A00008800,Tasha Page,40,N,Y,3,MI,High School,Rent,Middleton,MA
A00008374,Gary Wilson,55,Y,Y,5,MI,High School,Mortgage,Pasadena,MD
A00004358,Cedric Hunt,37,Y,Y,4,LI,PhD,Mortgage,Montgomery,AL
A00009385,Lewis Fisher,36,N,N,5,MI,MD,Own,Needham,MA
A00006487,Glen Thiel,63,Y,Y,7,LI,Bachelor,Rent,Washington,DC
A00006531,Katherine Evans,33,Y,Y,7,HI,Bachelor,Own,Tybee Island,GA
A00009807,David Criswell,58,Y,Y,7,MI,Bachelor,Mortgage,Panama City Beach,FL
A00004968,Paul Alejo,31,Y,Y,5,LI,College,Own,Louisville,KY
A00008218,Sharon Webb,47,N,Y,6,MI,High School,Own,Montgomery,AL
A00005380,Carina Ryan,61,Y,Y,7,LI,College,Rent,Oakland,CA
A00004835,Pete Hayhurst,39,Y,Y,2,HI,Bachelor,Own,Washington,DC
A00000218,Jonathan Tomes,35,Y,Y,4,MI,High School,Mortgage,Annapolis,MD
A00002116,Allan Lyons,35,N,Y,5,LI,Bachelor,Rent,Concord,CA
A00001146,Deborah Rogers,58,N,Y,3,MI,High School,Mortgage,Montgomery,AL
A00006960,Randall Woods,50,Y,Y,6,LI,High School,Rent,Hurstbourne Acres,KY
A00007088,William Ponce,62,Y,Y,7,HI,PhD,Mortgage,Alameda,CA
A00004070,Lorraine Lyons,36,N,Y,2,MI,Bachelor,Rent,Jackson,CA
A00002253,Carl White,54,Y,Y,3,MI,Bachelor,Rent,Mountain View,CA
A00002856,Naomi Florez,41,Y,Y,4,MI,Bachelor,Own,Panama City,FL
A00003099,Sherry Fletcher,50,Y,Y,7,HI,PhD,Own,Mount Tabor,VT
A00002248,Mark Garcia,27,N,Y,7,MI,Bachelor,Rent,Fayetteville,AR
A00007842,Curtis Beam,52,Y,Y,4,HI,Bachelor,Own,Panama City,FL
A00005856,Jean Lewis,46,Y,Y,4,MI,NA,Own,Fayetteville,AR
A00000291,Evelyn Robinson,52,Y,N,3,HI,Bachelor,Mortgage,Pooler,GA
A00003482,Carolyn Mateus,62,Y,Y,3,MI,Bachelor,Mortgage,Glendale,AZ
A00001983,Virginia Hayden,45,Y,Y,7,LI,Bachelor,Own,Nashville,TN
A00007150,Cathryn Dugan,51,N,Y,5,MI,Masters,Rent,Anchorage,AK
A00005749,William Hatcher,64,N,Y,7,HI,Bachelor,Mortgage,Anchorage,AK
A00005851,Vernetta Burns,54,N,Y,5,LI,College,Mortgage,Pasadena,MD
A00004447,William Williams,48,Y,Y,4,MI,Masters,Rent,Anchorage,AK
A00006974,Robert Bolden,28,Y,Y,6,MI,Bachelor,Mortgage,Anchorage,AK
A00006783,Joey Rivers,60,N,Y,4,HI,MD,Mortgage,Anchorage,AK
A00002569,Richard Greene,63,Y,Y,4,MI,High School,Own,Louisville,KY
A00008490,Gary Jackson,39,Y,Y,2,MI,Bachelor,Own,Savannah,GA
A00006503,Karen Meador,35,Y,N,4,MI,Bachelor,Rent,Riverview,FL
A00006763,Joan Fowler,57,Y,Y,6,MI,Bachelor,Rent,Montgomery,AL
A00006796,Irene Snyder,26,N,Y,7,MI,High School,Rent,Washington,DC
A00004403,Tiffany Scott,28,N,Y,4,LI,College,Own,Savannah,GA
A00009341,Christine Williams,39,Y,N,7,MI,High School,Mortgage,Framingham,MA
A00005423,William Grable,61,Y,Y,7,LI,Bachelor,Own,Anchorage,AK
A00005039,Gregory Bronder,64,Y,Y,7,MI,Bachelor,Rent,Louisville,KY
A00004781,Jean Jones,34,Y,N,2,HI,Bachelor,Rent,Arvada,CO
A00007874,Thomas Hoffmann,47,Y,Y,2,MI,Masters,Mortgage,Tampa,FL
A00007194,David Locker,57,Y,Y,7,MI,Bachelor,Rent,Fayetteville,AR
A00000565,Jeanette Hey,43,Y,Y,3,MI,MD,Own,Fayetteville,AR
A00002016,Kathy Truman,52,Y,Y,4,MI,MD,Own,Nashville,TN
A00008690,Robin Jones,50,N,Y,3,HI,High School,Own,San Gabriel,CA
A00009980,Dorathy Clark,53,N,Y,2,HI,Bachelor,Mortgage,Montgomery,AL
A00002125,Leo Deem,28,Y,Y,7,MI,High School,Rent,Anchorage,AK
A00007934,David Walczak,35,N,Y,4,MI,High School,Mortgage,Fremont,CA
A00003341,Windy Glover,52,Y,Y,4,LI,Bachelor,Rent,Vacaville,CA
A00007872,Christina Perkins,37,Y,Y,3,MI,Bachelor,Mortgage,Panama City,FL
A00003576,William Houston,52,Y,Y,4,MI,Masters,Mortgage,McCrory,AR
A00008494,Lillian Blaise,37,Y,N,6,HI,Bachelor,Mortgage,Montgomery,AL
A00001246,Lyda Valentine,25,Y,Y,5,MI,Bachelor,Mortgage,Hayward,CA
A00002365,David Guillory,53,N,Y,6,HI,College,Own,Washington,DC
A00008223,Chris Gooch,37,Y,Y,4,HI,High School,Rent,Fayetteville,AR
A00004659,Denise Harrell,50,N,Y,3,LI,Bachelor,Mortgage,Louisville,KY
A00004054,Michael Floyd,45,Y,Y,2,LI,College,Mortgage,Wheat Ridge,CO
A00007876,Kathleen Graves,32,Y,N,2,MI,Bachelor,Own,Montgomery,AL
A00004836,Rosemary Brown,55,Y,Y,7,MI,High School,Rent,Arvada,CO
A00009839,Danette Brown,36,Y,Y,2,LI,High School,Mortgage,Glendale,AZ
A00008688,Cornelia Jolin,61,Y,Y,4,MI,NA,Own,Manchester,CT
A00009494,Iris Snow,51,Y,Y,3,MI,Bachelor,Own,Millersville,MD
A00007985,Patrick Shackleford,42,N,Y,2,HI,Bachelor,Own,Evans,CO
A00001189,Zachery Edwards,53,Y,Y,2,MI,Bachelor,Mortgage,Glendale,AZ
A00008612,Sandra Cooper,57,Y,Y,3,HI,Bachelor,Rent,Louisville,KY
A00009529,Carlota Morin,25,Y,Y,4,MI,MD,Own,Millis,MA
A00003477,Shirley Eggleston,59,N,Y,7,MI,Bachelor,Mortgage,Fremont,CA
A00006427,James France,62,N,Y,6,MI,Bachelor,Mortgage,Washington,DC
A00008138,James Mcauliffe,26,N,Y,7,HI,College,Rent,Orange,CA
A00007157,Susan Welsh,47,Y,Y,7,MI,High School,Rent,Severn,MD
A00009626,Willie Hall,38,Y,Y,4,MI,Bachelor,Own,Alameda,CA
A00004441,Wilma White,62,Y,Y,3,HI,Bachelor,Rent,Oakland,CA
A00004186,Michael Kramer,32,Y,Y,5,MI,Bachelor,Rent,Glendale,AZ
A00008683,Derrick Boettcher,58,Y,Y,3,MI,Bachelor,Mortgage,Prospect,KY
A00002258,Ronald Baldwin,51,N,Y,4,MI,Bachelor,Mortgage,Manchester,CT
A00006065,John Kanter,36,Y,Y,6,MI,Bachelor,Rent,Nashville,TN
A00006064,Tasha Rodriguez,34,Y,Y,2,HI,Bachelor,Rent,Manchester,CT
A00004206,Donna Wheeler,46,N,Y,7,LI,Bachelor,Mortgage,Montgomery,AL
A00000349,Bonita Brennan,48,Y,Y,5,LI,College,Own,Washington,DC
A00006109,Frances Catapano,39,N,Y,5,LI,Bachelor,Mortgage,Washington,DC
A00008329,Kevin Hansen,31,Y,Y,7,LI,PhD,Rent,Oklahoma City,OK
A00005625,Tammy Wexler,25,Y,Y,4,LI,High School,Rent,Louisville,KY
A00007168,James Burrell,52,Y,N,6,MI,High School,Mortgage,Anchorage,AK
A00005838,Helen Carrero,25,Y,Y,4,LI,MD,Mortgage,Montgomery,AL
A00001294,Marie Green,52,Y,Y,7,LI,Bachelor,Own,Arvada,CO
A00000680,Naomi Francis,39,Y,Y,3,MI,College,Mortgage,Fremont,CA
A00001387,Rachel Nichols,34,Y,Y,4,MI,NA,Own,Manchester,CT
A00001264,Efren Luckner,50,Y,Y,7,MI,Bachelor,Rent,Waltham,MA
A00006962,Luis Dapinto,33,N,Y,3,MI,Bachelor,Rent,Lynn Haven,FL
A00009405,Evelyn Crumpler,53,N,N,6,MI,High School,Own,Louisville,KY
A00009711,Tabatha Muldoon,43,Y,Y,3,HI,PhD,Rent,Panama City,FL
A00003365,Robert Tyler,44,N,Y,7,MI,Bachelor,Rent,Holyoke,MA
A00001197,Linda Strack,40,Y,Y,7,HI,MD,Own,Washington,DC
A00001716,Jose Knapp,29,Y,Y,3,HI,Bachelor,Mortgage,Pelham,AL
A00009443,Gloria Wilson,35,Y,Y,5,HI,Bachelor,Mortgage,Anchorage,AK
A00000602,Catherine Arroyo,34,N,Y,6,HI,Bachelor,Own,Arvada,CO
A00003936,Tanya Tefft,53,N,Y,7,MI,Masters,Mortgage,Montgomery,AL
A00001092,Lucille Ramirez,51,Y,Y,2,HI,Masters,Own,Berkeley,CA
A00003749,Charles Driskell,34,N,Y,6,MI,Bachelor,Mortgage,Fayetteville,AR
A00007343,Andrea Stacey,44,Y,Y,2,MI,College,Rent,Savannah,GA
A00001862,Delores Reeves,53,Y,N,6,LI,Bachelor,Rent,Pasadena,MD
A00000148,Ernestine Lopez,25,N,Y,6,MI,High School,Own,Glendale,AZ
A00007429,Travis Cowan,61,Y,N,4,MI,Bachelor,Mortgage,Arvada,CO
A00008657,Nella Wiggins,51,Y,Y,2,MI,Bachelor,Rent,Louisville,KY
A00002334,Norma Olson,27,Y,Y,4,HI,Bachelor,Rent,Pasadena,MD
A00003388,Carol Painter,30,Y,Y,2,MI,Bachelor,Own,Savannah,GA
A00002461,Donna Colvin,53,Y,Y,2,HI,High School,Mortgage,Manchester,CT
A00007397,Simon Bier,42,N,Y,4,HI,High School,Rent,Manchester,CT
A00005730,Esperanza James,31,Y,Y,7,MI,Masters,Mortgage,Fayetteville,AR
A00002916,Jean Lemke,47,N,Y,7,MI,MD,Mortgage,Guthrie,OK
A00007827,Paul Ryan,42,Y,Y,3,HI,NA,Mortgage,Fayetteville,AR
A00003921,Anita Chappell,58,Y,Y,2,HI,MD,Rent,Oklahoma City,OK
A00000822,Suzanne Ray,35,Y,Y,7,HI,Masters,Mortgage,Manchester,CT
A00000986,Donald Kirkland,58,Y,Y,5,LI,MD,Rent,Quincy,MA
A00000293,Anna Reed,31,Y,Y,3,LI,High School,Mortgage,Revere,MA
A00005158,Irene Gaccione,46,N,Y,6,MI,High School,Rent,Oakland,CA
A00008174,Alyce Jones,26,Y,Y,4,MI,Bachelor,Rent,Eureka,CA
A00007738,Billie Richer,47,Y,Y,2,LI,NA,Rent,Vacaville,CA
A00000315,Marcus Freeman,51,Y,Y,6,MI,PhD,Mortgage,Panama City,FL
A00005686,David Cobb,36,Y,Y,3,HI,Bachelor,Rent,Montgomery,AL
A00000515,Regina Fitzpatrick,52,Y,Y,5,LI,Bachelor,Own,Washington,DC
A00005038,William Biller,50,Y,Y,5,MI,High School,Rent,Glen Burnie,MD
A00003593,Darrell Marriot,58,Y,Y,5,MI,Bachelor,Own,Fayetteville,AR
A00003146,Pamela Silkwood,49,Y,Y,6,LI,High School,Own,Panama City Beach,FL
A00007413,Gretchen Carrillo,46,N,Y,3,MI,Bachelor,Rent,Louisville,KY
A00003116,Dan Mendoza,31,Y,Y,5,MI,College,Rent,Fayetteville,AR
A00000235,Mariana Fowler,57,Y,Y,5,HI,Bachelor,Rent,Savannah,GA
A00008966,Margarita Haynes,46,Y,Y,6,LI,NA,Rent,Manchester,CT
A00002546,Ted Doyle,53,Y,Y,4,MI,Masters,Mortgage,Nashville,TN
A00003984,Jennifer Crowe,48,Y,Y,3,HI,Bachelor,Own,Oklahoma City,OK
A00001328,Tiara Edmonds,61,Y,Y,5,MI,High School,Mortgage,Smartsville,CA
A00000598,Joseph Perez,25,Y,Y,5,HI,NA,Own,Washington,DC
A00000440,Alicia Friesen,33,Y,Y,7,LI,Bachelor,Rent,Louisville,KY
A00007289,Mary Perry,43,Y,Y,3,MI,High School,Mortgage,Hartford,VT
A00004831,Joseph Cerda,37,Y,Y,6,LI,Bachelor,Mortgage,Peabody,MA
A00001721,Barbara Gruis,27,Y,Y,6,MI,Bachelor,Rent,Manchester,CT
A00009421,Enoch Billingsley,46,Y,Y,4,LI,Bachelor,Mortgage,Alameda,CA
A00008869,Kimberly Stechlinski,29,Y,Y,2,LI,NA,Mortgage,Fayetteville,AR
A00002240,Mertie Humbert,40,N,Y,5,MI,Bachelor,Rent,Anchorage,AK
A00006476,Andrew Watkins,60,N,Y,4,LI,High School,Mortgage,Louisville,KY
A00000964,Edwin Mueller,58,N,Y,3,MI,PhD,Rent,Anchorage,AK
A00009290,Anne Matteo,54,Y,Y,2,MI,Bachelor,Mortgage,Louisville,KY
A00003422,Cecelia Ross,54,Y,N,7,MI,Bachelor,Rent,Hayward,CA
A00008967,Thomas Jones,48,Y,Y,5,MI,High School,Own,Washington,DC
A00000652,Sarah Tobias,41,Y,Y,3,LI,Bachelor,Mortgage,Glendale,AZ
A00003123,John Creel,57,Y,Y,4,HI,Masters,Mortgage,Savannah,GA
A00003624,Stephen Keiser,44,N,Y,6,MI,Bachelor,Rent,Montgomery,AL
A00006271,Kathryn Mccrystal,55,Y,Y,7,MI,Bachelor,Mortgage,Louisville,KY
A00004071,Walter Braund,38,Y,Y,4,LI,NA,Rent,Colchester,VT
A00001394,Frederick Penatac,51,Y,Y,4,MI,Bachelor,Mortgage,Washington,DC
A00001591,Giuseppe Cantave,41,Y,N,4,MI,High School,Rent,Oklahoma City,OK
A00008720,Ernest Robert,39,Y,Y,4,MI,Masters,Own,Mountain View,CA
A00000104,Frank Toledo,50,Y,Y,5,LI,High School,Mortgage,Glendale,AZ
A00000897,Scott Ramirez,28,Y,Y,7,MI,Masters,Own,,VT
A00000743,James Sandoval,46,N,Y,2,LI,High School,Mortgage,Wolcott,VT
A00001534,Daniel Mace,25,Y,Y,5,MI,College,Mortgage,Nashville,TN
A00003669,Owen Garcia,61,Y,Y,2,MI,Bachelor,Own,Manchester,CT
A00001346,James Marcum,43,Y,Y,3,MI,Bachelor,Rent,Savannah,GA
A00005574,Holly Precythe,46,Y,Y,5,LI,Bachelor,Own,Manchester,CT
A00003254,Hershel Pompi,58,N,Y,4,LI,Bachelor,Own,Panama City,FL
A00001005,Catherine Authement,64,Y,Y,3,LI,High School,Rent,Berkeley,CA
A00004974,Kenneth Branham,39,Y,Y,3,MI,Masters,Rent,Panama City,FL
A00003802,Jewell Wehunt,60,Y,Y,7,MI,Masters,Rent,Fremont,CA
A00005840,Pearl Dunn,41,Y,Y,3,MI,Masters,Mortgage,Carson,CA
A00004299,Dennis Norstrand,36,Y,Y,5,HI,High School,Own,Oklahoma City,OK
A00006708,Heather Morris,60,Y,Y,4,MI,Bachelor,Rent,Savannah,GA
A00004432,Claudio Valenzuela,57,Y,Y,6,LI,High School,Rent,Louisville,KY
A00005633,William Kyger,41,Y,Y,7,MI,College,Mortgage,Severna Park,MD
A00000476,Alejandra Adams,30,Y,N,3,MI,College,Rent,Montgomery,AL
A00000254,Jamel Neider,63,Y,Y,4,MI,MD,Mortgage,Freetown,MA
A00007312,Amanda Kanish,42,N,Y,7,LI,Bachelor,Rent,Panama City,FL
A00002533,James Lowery,62,N,Y,3,HI,High School,Rent,Savannah,GA
A00007275,Drew Mclaughlin,44,Y,Y,2,MI,Masters,Mortgage,Easton,MA
A00001265,Charles Knight,63,Y,Y,7,LI,Bachelor,Own,Arvada,CO
A00004910,Jack Lopez,61,Y,N,7,MI,Bachelor,Mortgage,Fremont,CA
A00006557,Howard Bonebrake,49,N,Y,6,MI,PhD,Own,Louisville,KY
A00001824,Kelly Fields,58,N,Y,3,HI,Masters,Mortgage,Manchester,CT
A00005909,Gregory Henry,42,N,Y,3,HI,NA,Rent,Glendale,AZ
A00002860,Eva Gering,26,Y,Y,2,LI,Bachelor,Rent,Quincy,MA
A00002304,Earnest Deslauriers,26,Y,Y,6,MI,Bachelor,Rent,Manchester,CT
A00008194,Charles Riddle,57,N,Y,7,LI,High School,Mortgage,Auburn,MA
A00008467,Michael Clark,28,N,Y,3,MI,Masters,Mortgage,West Sacramento,CA
A00004638,Ruthie Esposito,53,Y,Y,6,HI,Masters,Mortgage,Fayetteville,AR
A00000251,James Previte,35,Y,Y,7,LI,Bachelor,Mortgage,Fayetteville,AR
A00004134,Brett Benavidez,44,N,Y,3,HI,Masters,Rent,Panama City,FL
A00001683,Leila Stanley,61,Y,Y,2,MI,High School,Rent,Fayetteville,AR
A00007596,Rachel Gallardo,41,Y,Y,6,MI,Bachelor,Rent,Fayetteville,AR
A00006882,Brenda Salazar,63,Y,Y,6,HI,Bachelor,Mortgage,Panama City Beach,FL
A00000597,Joshua Barry,35,N,Y,5,LI,Bachelor,Rent,Manchester,CT
A00009724,Jennifer Nugent,57,Y,Y,2,MI,High School,Mortgage,Fremont,CA
A00002184,Patricia Buenrostro,44,N,Y,7,MI,College,Own,Montgomery,AL
A00005373,Renee Lomax,54,Y,N,5,MI,High School,Rent,Montgomery,AL
A00003989,Tanya Legrand,55,N,Y,6,HI,Bachelor,Own,Colchester,VT
A00002233,Diana Delahoussaye,43,Y,Y,3,LI,High School,Own,Fayetteville,AR
A00004308,Jesus Mccalpane,40,N,Y,5,HI,Masters,Own,Severn,MD
A00007725,Elizabeth Mccafferty,40,Y,Y,5,HI,MD,Rent,Southport,FL
A00006066,Christian Jenson,25,N,Y,7,MI,High School,Rent,Edgewater,MD
A00009252,Elizabeth Sorensen,53,Y,Y,6,LI,High School,Rent,Panama City Beach,FL
A00003883,Brian Edwards,52,Y,Y,6,HI,High School,Rent,Glendale,AZ
A00000058,Fatima Atkinson,30,N,Y,3,MI,College,Rent,Glendale,AZ
A00000672,Tamika Mathews,38,N,Y,4,LI,PhD,Own,Savannah,GA
A00006173,Melissa Alvarez,64,Y,Y,2,HI,Bachelor,Own,Anchorage,AK
A00006723,Karl Wease,43,Y,Y,3,MI,Masters,Mortgage,Savannah,GA
A00004179,Mayra Johnson,46,Y,Y,6,HI,Bachelor,Own,Edmond,OK
A00007396,Asa Skaggs,47,N,Y,2,HI,Bachelor,Own,Anchorage,AK
A00008519,Randy Chow,46,Y,Y,4,MI,Masters,Own,Anchorage,AK
A00004318,Josephine Mcintyre,64,Y,Y,5,LI,High School,Rent,Poultney,VT
A00004507,Robert Johnson,62,N,Y,6,LI,PhD,Own,Washington,DC
A00006024,James Miller,48,Y,Y,5,LI,College,Own,Oakland,CA
A00003400,Gabriela Johnson,36,Y,Y,6,LI,College,Own,Nashville,TN
A00004891,George Raman,50,Y,Y,4,MI,Bachelor,Own,Manchester,CT
A00006050,Matilda Heywood,26,N,Y,5,MI,Masters,Rent,Anchorage,AK
A00009456,Jean Jefferson,29,Y,Y,7,HI,High School,Rent,Savannah,GA
A00006357,Jeremy Sanders,61,Y,Y,5,HI,Masters,Rent,Oakland,CA
A00001952,Mary Martinez,56,Y,Y,4,MI,NA,Mortgage,Rutland,VT
A00005500,Erin Harrel,47,Y,Y,7,LI,High School,Own,Glendale,AZ
A00008692,Mavis Snow,42,Y,Y,2,HI,Bachelor,Own,Anchorage,AK
A00003586,David Moreton,49,N,Y,4,HI,MD,Own,Montgomery,AL
A00009857,Julia Lewis,27,N,Y,7,MI,Bachelor,Mortgage,Odenton,MD
A00003022,Vivian Smith,38,Y,N,2,MI,High School,Rent,Fountain,FL
A00005201,Yolanda Alo,41,N,Y,3,LI,PhD,Mortgage,Montgomery,AL
A00003518,Debi Mckesson,34,Y,Y,3,HI,Bachelor,Rent,Oakland,CA
A00006346,Blanche Etkin,47,Y,Y,4,HI,Bachelor,Mortgage,Louisville,KY
A00006210,Jaime Lynn,49,Y,Y,5,LI,Bachelor,Own,Nashville,TN
A00002297,Jason Haffner,57,Y,Y,2,HI,PhD,Mortgage,Arvada,CO
A00002604,Sherrie Mckissick,25,N,Y,3,LI,NA,Own,Nashville,TN
A00006963,Karl Bolton,25,Y,Y,5,MI,Bachelor,Mortgage,Louisville,KY
A00007941,Elnora Sunderland,26,Y,N,7,MI,Bachelor,Rent,Arvada,CO
A00007223,Timothy Crawford,54,Y,Y,3,MI,PhD,Own,Arvada,CO
A00002838,Brian Washington,29,Y,Y,4,MI,MD,Rent,Nashville,TN
A00007480,Martin Tommolino,40,Y,N,7,LI,High School,Mortgage,Fayetteville,AR
A00009398,James Pollitt,32,N,Y,4,MI,NA,Mortgage,Fair Haven,VT
A00007714,Adele Newborn,49,N,Y,6,MI,Bachelor,Mortgage,Castro Valley,CA
A00000842,Linda Moua,53,Y,Y,7,MI,MD,Own,Arvada,CO
A00000116,Mary Truax,45,Y,Y,7,HI,College,Own,Montgomery,AL
A00008246,James Cruz,64,Y,Y,7,HI,High School,Rent,Fayetteville,AR
A00003288,Paul Acuna,56,Y,N,4,LI,Bachelor,Mortgage,Washington,DC
A00006330,Joseph Dobson,47,Y,Y,5,MI,NA,Mortgage,Anchorage,AK
A00005485,David Zabel,44,Y,Y,7,MI,College,Mortgage,Louisville,KY
A00008710,Virginia Rogers,32,Y,Y,3,MI,High School,Mortgage,Nashville,TN
A00008705,Lavone Nave,30,N,Y,2,HI,Masters,Mortgage,Savannah,GA
A00003859,Lori Williams,59,N,Y,2,MI,College,Mortgage,Anchorage,AK
A00002234,Joan Heuser,30,Y,Y,3,MI,Bachelor,Rent,Arvada,CO
A00009755,Mary Lyon,47,Y,Y,7,MI,NA,Own,Fayetteville,AR
A00008239,Laura Campbell,57,Y,Y,4,MI,Bachelor,Mortgage,Savannah,GA
A00000960,Lawrence Fetterhoff,57,N,Y,7,LI,Bachelor,Own,Montgomery,AL
A00009930,Clifford Sinclair,55,Y,Y,4,MI,High School,Mortgage,Falmouth,MA
A00005646,Bob Sarracino,44,Y,Y,7,MI,PhD,Own,Midwest City,OK
A00002893,Rosalie Roberts,42,Y,Y,2,MI,Bachelor,Mortgage,Arvada,CO
A00003585,Marcy Johnson,28,Y,Y,2,HI,High School,Rent,Rutland,VT
A00004795,Randy Hoke,27,N,Y,2,LI,High School,Own,Berkeley,CA
A00006266,Jeffrey Porter,28,Y,Y,2,MI,High School,Rent,Montgomery,AL
A00003208,Betty Elliott,60,Y,Y,7,LI,High School,Own,,VT
A00007647,India Schlick,42,N,Y,3,LI,High School,Own,Pooler,GA
A00005604,Henry Martin,60,Y,Y,2,MI,High School,Rent,Nashville,TN
A00002121,Anthony Chen,53,Y,Y,3,LI,Bachelor,Rent,Savannah,GA
A00007926,Joann Ellis,41,Y,Y,3,MI,High School,Mortgage,Baltimore,MD
A00001718,Victoria Learn,42,N,Y,2,HI,High School,Mortgage,Aurora,CO
A00008702,Pedro Brown,31,Y,Y,6,HI,MD,Mortgage,Edmond,OK
A00002353,Jerrod Robidoux,33,Y,Y,5,HI,Bachelor,Own,Louisville,KY
A00008276,Lacey Ross,25,Y,Y,6,MI,High School,Rent,Fayetteville,AR
A00005799,Terry Flies,43,Y,Y,3,LI,PhD,Own,Panama City,FL
A00007465,Dorothy Wiggins,58,Y,Y,4,LI,Masters,Rent,Anchorage,AK
A00001385,Allen Chandler,39,Y,Y,5,MI,PhD,Rent,Panama City,FL
A00001690,Buford Taylor,63,Y,Y,2,MI,Bachelor,Mortgage,Severna Park,MD
A00001351,George Robinson,41,Y,Y,7,MI,MD,Rent,Arnold,MD
A00003635,Harold Ivey,62,N,Y,3,LI,College,Mortgage,Alameda,CA
A00001398,Enrique Cooper,64,N,Y,6,HI,High School,Mortgage,Glen Burnie,MD
A00007426,Mark Huang,32,Y,Y,4,HI,Bachelor,Mortgage,Arvada,CO
A00007548,Jeannie Perez,51,Y,Y,4,MI,Bachelor,Mortgage,Louisville,KY
A00009703,Avis Koski,30,N,N,2,MI,Bachelor,Rent,Louisville,KY
A00005320,Nicole Sherman,50,Y,Y,7,MI,Masters,Own,Panama City,FL
A00005932,Eileen Frazier,32,Y,Y,4,LI,High School,Own,Savannah,GA
A00002873,Jeffrey Geimer,40,N,Y,3,HI,MD,Mortgage,Oakland,CA
A00008618,Jennifer Traxler,52,N,Y,7,LI,Bachelor,Mortgage,Montgomery,AL
A00001681,Ronald Bannister,52,N,Y,2,HI,Bachelor,Own,Savannah,GA
A00001544,Lisa Heath,51,Y,Y,5,LI,College,Rent,Washington,DC
A00005303,Michael John,45,N,Y,3,MI,High School,Own,Colchester,VT
A00003386,Terisa Renwick,62,Y,Y,7,MI,High School,Mortgage,Shelburne Falls,MA
A00002674,Chloe Engle,58,N,N,3,MI,Masters,Rent,Washington,DC
A00005258,Stephanie Huerta,40,Y,Y,3,LI,High School,Mortgage,Washington,DC
A00007702,Janet Verduzco,49,N,Y,4,LI,College,Own,Montgomery,AL
A00006426,Rudolph Vickers,50,Y,Y,4,HI,Bachelor,Own,Manchester,CT
A00003992,Dean Holder,45,Y,Y,5,LI,High School,Own,Moore,OK
A00006541,Wanda Byrd,32,Y,Y,2,HI,High School,Rent,Westmore,VT
A00004449,Lacey Barton,63,N,Y,6,LI,MD,Rent,Fayetteville,AR
A00007340,Denise Shallenberger,33,Y,Y,4,MI,NA,Mortgage,Tybee Island,GA
A00009295,Susan Hennessey,31,N,N,6,MI,Bachelor,Mortgage,Fayetteville,AR
A00006638,Ernestina Bellantoni,48,Y,Y,7,HI,Masters,Rent,Evergreen,CO
A00001031,Alice Stotts,35,Y,Y,4,MI,Masters,Own,Glendale,AZ
A00003155,Frank Gayton,64,N,Y,6,MI,Bachelor,Mortgage,Panama City,FL
A00002021,Rebekah Larcom,35,Y,Y,7,HI,Masters,Own,Nashville,TN
A00004119,Freddy Heinrich,29,Y,Y,2,MI,Bachelor,Mortgage,Savannah,GA
A00007732,Amber Cobb,47,Y,Y,5,MI,High School,Own,Louisville,KY
A00008320,Frances Moore,53,Y,Y,4,MI,College,Rent,Anchorage,AK
A00001995,Morgan Bautista,53,Y,N,3,MI,Bachelor,Rent,Louisville,KY
A00009279,Ernest Coker,54,N,Y,2,MI,Masters,Own,Nashville,TN
A00001203,Carla Nichols,40,Y,Y,5,MI,Bachelor,Own,Washington,DC
A00007301,Joan Barlow,46,Y,Y,6,LI,Bachelor,Mortgage,Panama City,FL
A00003271,Stacey Burnett,34,N,Y,4,MI,Bachelor,Own,Rancho Cordova,CA
A00006646,Goldie Daigle,44,Y,Y,3,LI,PhD,Mortgage,Fayetteville,AR
A00007857,Peter Hermans,57,Y,Y,7,LI,High School,Own,Savannah,GA
A00009824,Delores Spengler,29,Y,Y,6,LI,High School,Mortgage,Montgomery,AL
A00009655,Stanley Young,58,N,Y,2,MI,College,Mortgage,Middleton,MA
A00004527,Harold Ripley,33,Y,Y,7,MI,Bachelor,Mortgage,Moretown,VT
A00002985,Erin Mcnulty,27,Y,Y,6,MI,High School,Rent,San Luis Obispo,CA
A00004970,Brenda Ford,28,Y,Y,7,MI,PhD,Rent,Prospect,KY
A00007873,Susan Lewis,40,Y,Y,4,LI,PhD,Mortgage,Fremont,CA
A00004173,Robert Allen,56,Y,Y,4,LI,Bachelor,Mortgage,Savannah,GA
A00000115,Corine Phillis,52,Y,Y,2,LI,High School,Own,Louisville,KY
A00009509,Daniel Haas,41,Y,Y,6,HI,High School,Rent,Barre,VT
A00001700,Judith Karr,35,N,N,6,LI,High School,Mortgage,Glendale,AZ
A00003752,Jennifer Smith,35,Y,Y,4,MI,College,Own,Anchorage,AK
A00004129,Frances Watson,48,N,Y,6,HI,College,Rent,Fayetteville,AR
A00001633,Kim Dozier,61,Y,Y,4,MI,High School,Own,Montgomery,AL
A00003757,Ralph Lord,42,Y,Y,7,MI,High School,Mortgage,Manchester,CT
A00005914,Danielle Allen,46,N,Y,3,MI,High School,Rent,Fayetteville,AR
A00005444,Thomas Gaines,38,Y,Y,6,HI,College,Own,Anchorage,AK
A00003779,James Hill,48,Y,Y,4,LI,High School,Own,Lynn Haven,FL
A00002401,David Hodge,64,Y,Y,6,LI,Masters,Mortgage,Fayetteville,AR
A00008378,Danny Murphy,29,Y,Y,2,MI,Masters,Own,Manchester,CT
A00002592,Melissa Greene,46,Y,Y,7,MI,Bachelor,Own,Fayetteville,AR
A00009793,Shirley Fredeen,64,Y,Y,3,MI,Bachelor,Mortgage,Montgomery,AL
A00002866,Chase Madden,45,Y,Y,6,LI,Bachelor,Rent,Savannah,GA
A00004636,John Mcpherson,34,Y,Y,6,HI,Bachelor,Rent,Louisville,KY
A00000110,John Hass,54,Y,Y,2,HI,Bachelor,Own,Arvada,CO
A00001169,Lucina Krieger,42,Y,Y,4,MI,Masters,Mortgage,Washington,DC
A00004059,Anthony Kornbluth,58,Y,N,4,LI,MD,Own,Oklahoma City,OK
A00007015,Michael Quero,32,Y,Y,6,LI,Masters,Mortgage,Pueblo,CO
A00002884,Deborah Stephens,47,Y,Y,7,LI,Masters,Own,Antioch,CA
A00000287,Rosalva Janson,27,Y,N,2,HI,Bachelor,Own,Panama City Beach,FL
A00005467,Joann Conn,30,Y,Y,4,MI,Bachelor,Mortgage,Montgomery,AL
A00008676,Charles Rose,64,N,Y,7,HI,Bachelor,Own,Fresno,CA
A00008932,Ronald Day,31,Y,Y,4,LI,Bachelor,Mortgage,Fayetteville,AR
A00004294,Jack Moore,30,Y,Y,6,MI,PhD,Rent,Arvada,CO
A00001129,Nell Wilcox,30,N,Y,6,MI,Bachelor,Own,Fayetteville,AR
A00003251,Celia Soto,63,N,N,7,MI,High School,Rent,West River,MD
A00003822,Christopher Demarest,54,Y,Y,3,LI,Bachelor,Own,Glendale,AZ
A00007245,Dennis Johnson,61,Y,Y,7,MI,NA,Rent,Panama City,FL
A00002295,Keith Minton,49,N,Y,3,LI,Masters,Own,Fayetteville,AR
A00000438,Joanne Booker,28,Y,Y,6,LI,High School,Own,Anchorage,AK
A00008626,Robert Beals,27,N,Y,5,MI,Masters,Rent,Anchorage,AK
A00003054,Marjorie Bane,57,Y,Y,3,LI,Bachelor,Own,Anchorage,AK
A00002847,Mary Leon,50,N,Y,3,MI,Bachelor,Mortgage,Lynn Haven,FL
A00002144,Lorenzo Eskind,25,Y,Y,2,LI,Bachelor,Mortgage,Oakland,CA
A00009489,Michael Koopman,60,Y,Y,3,MI,High School,Rent,Hartland,VT
A00005812,James Gross,29,Y,Y,5,MI,High School,Rent,Ludlow,VT
A00005977,Lee Maldonado,59,N,Y,2,MI,Bachelor,Mortgage,Quincy,MA
A00003558,Rafael Nance,49,Y,Y,7,LI,Bachelor,Rent,Mount Juliet,TN
A00001222,Karen Mcclallen,43,Y,Y,3,MI,Bachelor,Own,Berkeley,CA
A00003930,Janet Robinson,28,Y,N,7,HI,High School,Mortgage,Hartford,VT
A00004939,Rachel King,53,Y,Y,2,MI,High School,Own,Montgomery,AL
A00000574,Michael Maddox,55,Y,Y,5,MI,High School,Rent,Pleasanton,CA
A00004151,Stephen Stricklin,59,Y,Y,7,HI,Bachelor,Mortgage,Hayward,CA
A00002074,Marion Dollyhigh,49,Y,N,2,MI,PhD,Mortgage,Louisville,KY
A00004502,Paul Pao,53,Y,Y,2,HI,College,Rent,Savannah,GA
A00002153,Allen Turney,46,Y,Y,4,HI,Bachelor,Mortgage,Oklahoma City,OK
A00009732,Tanya Deleon,31,Y,Y,3,LI,High School,Mortgage,Thunderbolt,GA
A00005817,Christopher Pierce,54,Y,Y,6,MI,Bachelor,Rent,Hayward,CA
A00000741,Vincent Graham,43,Y,Y,4,MI,Bachelor,Own,Manchester,CT
A00004560,Karen Harrington,49,N,Y,7,LI,Bachelor,Own,Nashville,TN
A00003890,Howard Johnson,51,N,N,6,MI,High School,Own,Del City,OK
A00008407,Christine Washington,35,Y,N,2,HI,NA,Own,Nashville,TN
A00007306,Shawn Ridenour,45,Y,Y,7,MI,Bachelor,Rent,Falmouth,MA
A00002421,Mark Farrish,50,Y,Y,2,LI,Bachelor,Rent,Montgomery,AL
A00007113,Randall Johnson,58,Y,Y,6,LI,Bachelor,Rent,Glendale,AZ
A00005331,Jesse Smith,41,Y,Y,5,MI,Bachelor,Rent,Montgomery,AL
A00006895,Jesus Clifton,48,Y,Y,5,LI,Bachelor,Mortgage,Glendale,AZ
A00005994,Elizabeth Johnson,50,Y,N,3,MI,Masters,Mortgage,Manchester,CT
A00008971,Steven Erickson,55,Y,Y,5,MI,Bachelor,Own,Fayetteville,AR
A00005786,Ryan Albrecht,49,Y,Y,4,LI,Bachelor,Rent,Savannah,GA
A00007406,Christopher Cloutier,39,Y,N,7,LI,High School,Own,Rutland,VT
A00000111,Adam Mauro,30,Y,Y,5,MI,College,Mortgage,Anchorage,AK
A00003007,Ruth Cunningham,48,N,Y,5,HI,High School,Mortgage,Louisville,KY
A00005241,Anna Meza,37,Y,Y,2,HI,High School,Own,Panama City,FL
A00008796,Andrew Talbot,44,Y,N,7,MI,High School,Own,Fayetteville,AR
A00006514,Charlene Cantwell,59,Y,Y,3,HI,Bachelor,Own,Arvada,CO
A00004865,Ronald Shaver,43,Y,N,3,LI,Bachelor,Own,Montgomery,AL
A00003117,Douglas Hall,54,Y,Y,7,MI,College,Own,Edgewater,MD
A00004849,Cristal Coppedge,39,N,Y,6,HI,Bachelor,Own,Manchester,CT
A00003321,Anna Moya,38,N,Y,3,HI,PhD,Mortgage,Fayetteville,AR
A00004514,Jay Louis,58,Y,Y,6,LI,College,Mortgage,Mountain Village,CO
A00002496,Vickie Wallace,31,N,N,2,LI,Bachelor,Own,Moore,OK
A00008569,William Adams,47,N,Y,4,MI,College,Rent,Oklahoma City,OK
A00000335,Lawrence Testa,41,Y,Y,4,MI,High School,Own,Washington,DC
A00000925,Gladys Perry,40,Y,Y,5,MI,Masters,Mortgage,Rutland,VT
A00008905,Clora Anderson,62,Y,Y,6,LI,High School,Mortgage,Washington,DC
A00002673,Jerry Poblete,43,Y,Y,3,HI,High School,Rent,Arvada,CO
A00005399,Lisa Johnson,56,Y,Y,7,LI,PhD,Mortgage,Louisville,KY
A00004591,Brandon Thomas,50,Y,N,7,LI,Bachelor,Mortgage,Arvada,CO
A00004612,Cordia Bahl,60,N,Y,6,MI,High School,Own,Panama City,FL
A00002854,Patricia Mccullough,36,Y,Y,2,MI,MD,Mortgage,Manchester,CT
A00005264,Tim Hill,49,N,N,5,MI,Bachelor,Mortgage,Montgomery,AL
A00006952,Brian Kubat,59,Y,Y,7,LI,Bachelor,Rent,Manchester,CT
A00000398,Beth Collins,55,Y,Y,3,HI,High School,Mortgage,Hayward,CA
A00005702,Mary Keppler,28,Y,Y,2,LI,Bachelor,Mortgage,Nashville,TN
A00003391,Cortney Pisciotta,27,Y,Y,4,LI,MD,Mortgage,Fort Collins,CO
A00004744,Nathaniel Graham,47,N,Y,4,MI,Bachelor,Mortgage,Annapolis,MD
A00001896,Margaret Reid,63,Y,Y,5,MI,High School,Rent,Fayetteville,AR
A00001023,Linda Kincaid,63,Y,Y,4,MI,Bachelor,Rent,Nashville,TN
A00002243,Regina Baldwin,62,Y,N,3,MI,Masters,Mortgage,Litchfield Park,AZ
A00000313,Laura Neel,48,Y,Y,3,MI,Bachelor,Own,Woodford,VT
A00008040,Walter Chambers,59,Y,Y,7,LI,Masters,Rent,Savannah,GA
A00003700,Enrique Payne,53,N,Y,3,HI,Bachelor,Rent,Plantation,KY
A00001772,Molly Marcus,52,Y,Y,6,MI,High School,Rent,Louisville,KY
A00001014,Shawn Driscoll,53,Y,Y,2,HI,High School,Mortgage,Glendale,AZ
A00002001,Clarence Smith,53,Y,Y,2,MI,High School,Mortgage,Manchester,CT
A00000290,Ruth Clouser,50,Y,Y,3,HI,MD,Own,Tampa,FL
A00004292,Melissa Burns,58,N,N,5,MI,High School,Rent,East Longmeadow,MA
A00001027,Kristi Nguyen,26,Y,Y,7,LI,Bachelor,Own,Montgomery,AL
A00007664,John Crumpton,57,Y,Y,7,LI,NA,Mortgage,Washington,DC
A00000825,William Young,36,Y,Y,7,HI,Bachelor,Mortgage,Crofton,MD
A00009150,Ronald Woodlock,47,Y,Y,6,MI,Masters,Rent,Arvada,CO
A00002143,Brad Adams,59,Y,Y,6,LI,Masters,Rent,Pasadena,MD
A00008701,Richard Nattiah,49,Y,Y,3,HI,Masters,Own,Washington,DC
A00007222,Fay Tolbert,56,Y,Y,7,MI,High School,Rent,Louisville,KY
A00001945,William Fortin,45,Y,N,7,HI,NA,Mortgage,Arvada,CO
A00000748,Josephine Kranz,56,Y,Y,7,HI,High School,Rent,Oakland,CA
A00003888,Kenneth Carrillo,38,Y,Y,3,LI,High School,Rent,Tybee Island,GA
A00006789,Mary Beard,34,Y,Y,7,MI,College,Mortgage,Manchester,CT
A00003787,Albert Waters,39,N,Y,6,MI,College,Rent,Montgomery,AL
A00000064,Juan Vallery,31,Y,Y,5,MI,High School,Own,Oakland,CA
A00000926,Alesha Catano,61,Y,N,5,HI,Bachelor,Own,Louisville,KY
A00006470,Shirley Simmons,60,N,Y,3,MI,High School,Rent,Glendale,AZ
A00002199,Daniel Thornton,25,N,Y,4,LI,College,Mortgage,Berkeley,CA
A00003659,Donald Rush,50,Y,Y,2,LI,NA,Mortgage,Louisville,KY
A00009114,Ramonita Nunez,48,Y,Y,2,MI,Bachelor,Own,Montgomery,AL
A00005800,Jonathan Salvietti,57,Y,N,4,LI,Bachelor,Own,Washington,DC
A00006049,Robert Hogue,30,Y,Y,3,LI,MD,Rent,Nashville,TN
A00004028,Gordon Blankenship,55,Y,Y,7,MI,Bachelor,Own,Washington,DC
A00009834,Erin Ribron,47,Y,Y,7,MI,Masters,Mortgage,Washington,DC
A00006996,Edward Mendez,52,Y,Y,4,LI,Bachelor,Mortgage,Farmington,AR
A00004161,Jason Coyle,45,N,Y,3,LI,High School,Mortgage,Fayetteville,AR
A00001992,Sheilah Hargrove,41,Y,N,5,MI,Bachelor,Own,Washington,DC
A00004369,Abel Cortes,36,N,Y,3,MI,MD,Rent,Fayetteville,AR
A00007045,William Jackson,49,Y,Y,6,HI,MD,Mortgage,Nashville,TN
A00008426,Nellie Bouton,38,Y,Y,6,MI,Masters,Mortgage,Anchorage,AK
A00002103,Catherine Vasquez,53,Y,Y,5,HI,Bachelor,Own,Nashville,TN
A00006830,Lillian Decker,26,Y,Y,6,MI,NA,Rent,Fayetteville,AR
A00008475,Julie Reyes,33,Y,Y,5,LI,College,Rent,Arvada,CO
A00004481,Aaron Klingensmith,47,N,Y,4,LI,Bachelor,Mortgage,Washington,DC
A00008232,Jack James,44,Y,Y,3,MI,Bachelor,Own,Fayetteville,AR
A00009843,Kenneth White,38,Y,Y,3,MI,High School,Mortgage,Mammoth Lakes,CA
A00002720,Brent Wilson,52,Y,N,3,HI,Bachelor,Rent,Mammoth Lakes,CA
A00005045,Pamela Gossard,50,N,Y,6,MI,Bachelor,Own,Manchester,CT
A00007232,Kevin Gronewald,45,N,Y,2,MI,MD,Rent,Montgomery,AL
A00000451,David Rival,40,N,Y,7,MI,NA,Mortgage,Savannah,GA
A00008983,Milton Wisniewski,59,Y,Y,2,LI,Bachelor,Rent,Nashville,TN
A00007070,Julius Morales,58,Y,Y,5,MI,Masters,Rent,Manchester,CT
A00001307,Elias Bishop,47,Y,Y,3,LI,Bachelor,Rent,Quincy,MA
A00006736,John Lynch,55,Y,Y,3,LI,Bachelor,Mortgage,Washington,DC
A00001335,Clarence Kohn,28,N,N,6,LI,Bachelor,Rent,McKinleyville,CA
A00007111,Brenda Castleman,50,Y,Y,2,LI,College,Rent,Glendale,AZ
A00009428,James Brown,46,Y,Y,7,LI,Masters,Own,Panama City,FL
A00004180,Alberta Hassard,38,Y,Y,3,LI,College,Rent,Glen Burnie,MD
A00000626,Fernando Neal,41,Y,Y,6,LI,NA,Mortgage,Montgomery,AL
A00004068,Doris Whitacre,25,Y,Y,2,LI,High School,Rent,Savannah,GA
A00005191,Karen Duffey,47,Y,Y,7,LI,Bachelor,Mortgage,Edmond,OK
A00004156,Carrie Brooks,47,Y,Y,6,MI,PhD,Mortgage,Arvada,CO
A00007955,Kathryn Smith,28,N,Y,7,LI,Bachelor,Rent,Davidsonville,MD
A00004986,Joseph Whitesel,30,Y,Y,6,MI,High School,Mortgage,Savannah,GA
A00008053,Roberta Horton,62,N,Y,4,LI,Bachelor,Rent,Nashville,TN
A00001689,Irene Martinez,38,N,Y,6,MI,Bachelor,Own,Nashville,TN
A00001141,David Bejar,26,Y,Y,2,MI,MD,Rent,Glendale,AZ
A00006802,Loris Santana,40,Y,Y,2,MI,High School,Mortgage,Montgomery,AL
A00009425,Sandra Sanders,26,Y,Y,5,LI,NA,Own,Anchorage,AK
A00005857,Karen Neal,29,Y,Y,3,MI,NA,Mortgage,Ardmore,OK
A00000950,Kathy Richards,27,Y,Y,6,HI,High School,Mortgage,Manchester,CT
A00005091,Tony Little,58,Y,Y,3,MI,Masters,Own,Louisville,KY
A00005893,Tobie Pike,31,N,Y,5,HI,Masters,Mortgage,Marshfield,MA
A00003436,Dana Papay,49,N,Y,3,HI,Bachelor,Rent,Manchester,CT
A00002969,Mary Moody,41,Y,Y,7,MI,Masters,Rent,Nashville,TN
A00004804,Kyle Hargrove,64,Y,Y,4,MI,High School,Mortgage,Chester,VT
A00009211,Glenn Westgate,25,Y,Y,7,HI,High School,Own,Anchorage,AK
A00004705,Lisa Longoria,50,Y,Y,4,MI,Bachelor,Mortgage,Manchester,CT
A00007316,Waylon Fleming,56,Y,N,7,HI,Bachelor,Own,Annapolis,MD
A00008007,Darwin Wilkins,60,N,Y,4,MI,College,Own,Essex,VT
A00000758,Bridget Simpson,28,Y,N,7,LI,MD,Rent,Fayetteville,AR
A00009436,Michael Johnson,33,Y,Y,3,MI,Masters,Rent,Fayetteville,AR
A00003751,Melissa Stclair,44,Y,Y,6,LI,Bachelor,Rent,Jeffersontown,KY
A00002901,Steve Sullivan,43,Y,Y,4,LI,Bachelor,Own,Cupertino,CA
A00001388,Daniel Corona,34,Y,Y,4,MI,Bachelor,Rent,Louisville,KY
A00004742,Arthur Thier,47,Y,Y,2,MI,Masters,Own,Soldotna,AK
A00005517,Ileana Perry,64,Y,Y,6,MI,High School,Own,Fayetteville,AR
A00003803,Tatiana Ludwig,60,Y,Y,5,LI,MD,Mortgage,Oakland,CA
A00005780,Ruben Edge,31,Y,Y,4,MI,Bachelor,Own,Louisville,KY
A00001854,Steven Rodriguez,59,Y,Y,2,LI,Bachelor,Rent,Arvada,CO
A00004210,Samantha Hier,37,Y,Y,7,LI,College,Own,Tybee Island,GA
A00006846,James Mcclain,59,Y,Y,7,LI,Bachelor,Mortgage,Lawrence,MA
A00003850,Francisco Nicholson,28,Y,Y,2,MI,Masters,Mortgage,Panama City Beach,FL
A00009748,Russell Christian,42,Y,Y,6,MI,NA,Mortgage,Montgomery,AL
A00009641,Diane Kushner,50,Y,Y,2,MI,High School,Mortgage,Savannah,GA
A00003671,Humberto Bryant,34,Y,Y,6,MI,Bachelor,Mortgage,Edmond,OK
A00007186,Christopher Beach,64,Y,Y,7,MI,College,Own,Oklahoma City,OK
A00000019,Eileen Floyd,37,N,Y,2,MI,High School,Rent,Midwest City,OK
A00006820,Eva Johnson,33,Y,Y,3,MI,Bachelor,Rent,Savannah,GA
A00003844,Colleen Nix,53,Y,Y,5,MI,Masters,Rent,Montgomery,AL
A00009095,Lela Silvas,35,N,Y,6,MI,Bachelor,Mortgage,Union City,CA
A00008642,Michael Washington,60,Y,Y,4,MI,Bachelor,Mortgage,Panama City,FL
A00006792,Tom Taylor,27,N,Y,6,MI,Bachelor,Own,Nashville,TN
A00004862,Katherine Matlock,55,Y,Y,2,MI,Masters,Own,Savannah,GA
A00007211,Randy Cooper,56,Y,Y,3,LI,High School,Own,Nashville,TN
A00000432,Corine Amaker,28,Y,Y,5,HI,Bachelor,Mortgage,Palm Bay,FL
A00001484,Robert South,55,Y,Y,2,MI,Bachelor,Own,Montgomery,AL
A00009275,Mable Hanover,32,Y,Y,7,HI,NA,Own,Midwest City,OK
A00002763,Joshua Bailey,25,N,Y,7,HI,Bachelor,Mortgage,Arvada,CO
A00009640,Julie Scott,61,N,Y,7,MI,College,Rent,Moretown,VT
A00009650,Michael Vazquez,31,Y,Y,4,LI,College,Rent,Glendale,AZ
A00009935,Joseph Haffey,48,N,Y,3,HI,PhD,Mortgage,Fayetteville,AR
A00004383,Kimberly Smith,25,N,Y,6,HI,Bachelor,Rent,Annapolis,MD
A00002695,Toni Kaiser,38,Y,N,4,MI,Masters,Rent,Arvada,CO
A00006466,Elizabeth Summers,34,N,N,2,MI,High School,Mortgage,Arvada,CO
A00004537,Roger Corvin,57,Y,Y,7,MI,Bachelor,Rent,Springfield,MA
A00005983,Marina Driskill,25,Y,Y,6,MI,High School,Rent,Boxborough,MA
A00004126,Lauretta Lane,26,N,Y,2,HI,High School,Mortgage,Anchorage,AK
A00000699,Heather Myers,38,Y,Y,2,HI,College,Mortgage,Washington,DC
A00008991,John Iman,30,Y,Y,3,MI,High School,Rent,Nashville,TN
A00007050,Holly Jackson,45,Y,Y,4,HI,Bachelor,Own,Arvada,CO
A00005175,John Armstrong,56,Y,Y,3,MI,Bachelor,Mortgage,Cambridge,MA
A00002264,Ernie Mcdowell,32,N,Y,7,MI,College,Rent,Panama City,FL
A00007582,Cheryl Craven,58,Y,Y,5,MI,MD,Mortgage,Arvada,CO
A00003722,Reginald Purnell,37,Y,Y,7,HI,Bachelor,Rent,Thunderbolt,GA
A00006168,Salvador Mulvihill,38,Y,N,2,MI,Bachelor,Own,Castaic,CA
A00003580,Mary Kinkead,62,Y,Y,6,LI,High School,Own,Newton,MA
A00007478,Solomon Ruiz,31,N,Y,5,MI,Bachelor,Rent,Montgomery,AL
A00008648,Carl Edwards,43,Y,Y,2,MI,PhD,Mortgage,Edmond,OK
A00003396,Myron Briggs,53,Y,Y,4,LI,High School,Mortgage,Anchorage,AK
A00008397,Oscar Philbrick,61,Y,Y,2,MI,Bachelor,Own,Annapolis,MD
A00009785,Emerson Graves,41,Y,Y,3,LI,Bachelor,Own,Fayetteville,AR
A00002057,Kenya Hughes,57,Y,Y,4,MI,Masters,Rent,Savannah,GA
A00008457,Lillian Jones,59,Y,Y,2,HI,High School,Own,Madera,CA
A00009954,Alfredo Cahill,39,Y,Y,3,HI,Bachelor,Own,Washington,DC
A00002061,Alexander Bissell,38,N,Y,7,LI,High School,Own,Glendale,AZ
A00009342,Linda Doiron,62,N,N,6,MI,MD,Own,Savannah,GA
A00007287,George Witt,63,Y,Y,3,HI,College,Mortgage,Braintree,MA
A00001628,Carla Martinez,31,Y,Y,5,LI,NA,Mortgage,Nashville,TN
A00001533,Ola Montgomery,35,Y,Y,2,MI,High School,Rent,Fayetteville,AR
A00006200,Jean Wilson,48,Y,Y,2,MI,College,Own,Woodford,VT
A00007954,Carl Johnston,41,Y,Y,6,LI,Bachelor,Rent,Washington,DC
A00006780,Todd Robinson,62,N,Y,6,LI,High School,Own,Fayetteville,AR
A00003780,Wilma Alvarez,40,Y,Y,2,MI,MD,Rent,Panama City,FL
A00009960,Tony Ramirez,31,Y,Y,4,MI,Masters,Rent,Edmond,OK
A00003652,John Carter,27,Y,Y,4,HI,High School,Rent,Chelsea,MA
A00003489,Orlando Campagna,41,Y,Y,4,LI,Bachelor,Mortgage,Anchorage,AK
A00005791,Richard Hayes,63,Y,Y,5,HI,College,Mortgage,Panama City,FL
A00008437,Kathy Williams,62,Y,Y,5,MI,NA,Mortgage,Glendale,AZ
A00008669,Elsie Wirth,44,N,Y,5,HI,Bachelor,Own,Montgomery,AL
A00006284,Harold Farnam,29,N,Y,4,HI,High School,Mortgage,Oklahoma City,OK
A00007439,Ethel Simpson,25,Y,Y,2,LI,Bachelor,Own,Tyngsborough,MA
A00009031,Susan Ballard,48,Y,Y,3,MI,High School,Own,Lynn,MA
A00007701,Dwight Race,36,Y,Y,2,HI,High School,Rent,Manchester,CT
A00006690,Alexandra Davis,62,Y,Y,5,LI,Bachelor,Own,Barre,VT
A00007829,Michael Gan,29,Y,Y,5,MI,Masters,Rent,Farmington,AR
A00003732,Mary Melear,29,N,Y,6,MI,Bachelor,Own,Panama City,FL
A00004479,Amanda Hanson,43,Y,Y,2,LI,High School,Own,Glendale,AZ
A00006765,Deborah Brewster,32,Y,Y,6,MI,Bachelor,Mortgage,Fayetteville,AR
A00001108,Lashonda Ewing,33,Y,Y,4,MI,High School,Mortgage,Montgomery,AL
A00003864,William Penatac,36,N,Y,5,HI,Bachelor,Rent,Edgewater,MD
A00007445,Joel Thompson,46,N,Y,7,MI,MD,Rent,New Haven,VT
A00003682,Thomas Carlson,53,N,Y,6,MI,College,Mortgage,Arvada,CO
A00005871,Thomas Shelton,58,Y,Y,3,MI,High School,Mortgage,Manchester,CT
A00000017,Amelia Richardson,59,Y,Y,4,HI,Masters,Mortgage,Millersville,MD
A00005976,Evelyn Allen,37,N,Y,6,LI,High School,Mortgage,Nashville,TN
A00004599,James Charlton,51,N,Y,5,HI,Bachelor,Rent,Panama City Beach,FL
A00005823,Florence Bolden,33,Y,Y,6,HI,Bachelor,Mortgage,Anchorage,AK
A00006853,Andrew Cobb,49,Y,N,5,LI,Bachelor,Rent,Nashville,TN
A00008377,Fred Lopez,43,N,Y,6,LI,MD,Mortgage,Washington,DC
A00001282,Jessica Sandoval,45,Y,Y,7,MI,High School,Mortgage,Washington,DC
A00001744,Patrica Fabian,45,N,Y,7,MI,Bachelor,Mortgage,Manchester,CT
A00007216,Tangela Moore,64,N,Y,5,LI,PhD,Rent,Manchester,CT
A00008628,Kevin Clemons,37,Y,Y,7,MI,Bachelor,Rent,Gardner,MA
A00001815,Sharon Barrett,31,Y,Y,3,HI,Bachelor,Mortgage,Washington,DC
A00007459,Florence Green,57,Y,Y,4,MI,Masters,Own,Arvada,CO
A00009079,Mary Ray,53,N,N,6,MI,High School,Rent,Oklahoma City,OK
A00003729,David Krebs,58,N,Y,2,LI,High School,Mortgage,Castro Valley,CA
A00003918,Jeanette Roberson,62,Y,Y,2,MI,High School,Rent,Fayetteville,AR
A00009210,Mae Perales,34,Y,Y,5,MI,NA,Mortgage,Moore,OK
A00003559,Linda White,42,Y,Y,6,MI,College,Rent,Hubbardston,MA
A00007161,John Nowell,36,Y,Y,5,LI,PhD,Rent,Glendale,AZ
A00005680,Larry Mccardle,42,Y,Y,3,LI,Masters,Mortgage,Lynn Haven,FL
A00005599,Nathan Garland,48,Y,Y,6,LI,High School,Own,Worcester,MA
A00003185,Jason Rigsby,61,N,Y,4,MI,Bachelor,Rent,Louisville,KY
A00004860,Linda Woods,34,Y,Y,3,LI,Bachelor,Rent,Ardmore,OK
A00001433,Michael Pannell,42,Y,Y,7,MI,High School,Rent,Oklahoma City,OK
A00001893,John Brock,47,N,Y,3,MI,Masters,Rent,Washington,DC
A00000785,Jessie Culbertson,63,Y,Y,6,MI,Bachelor,Rent,Manchester,CT
A00005718,Samuel Doremus,42,Y,Y,5,HI,Bachelor,Own,Marshfield,MA
A00007118,Robert Ezell,55,Y,Y,6,MI,NA,Own,Anchorage,AK
A00003765,August Roeder,39,Y,Y,3,LI,College,Mortgage,Montgomery,AL
A00007175,Anna Pierce,37,N,Y,4,MI,PhD,Own,Nashville,TN
A00004768,Samantha Powell,64,Y,Y,2,HI,College,Mortgage,Davis,CA
A00007499,Daniel Hussey,34,N,Y,2,MI,College,Own,Manchester,CT
A00000268,Jose Alaibilla,64,Y,N,6,MI,Bachelor,Own,Arvada,CO
A00007206,Michael Echols,63,Y,N,5,MI,College,Mortgage,Fayetteville,AR
A00005429,Barbara Miyasato,52,Y,Y,7,MI,College,Rent,Edgewater,MD
A00007918,Teresa Huver,49,Y,Y,3,MI,Bachelor,Rent,Fayetteville,AR
A00000849,Mary Taylor,57,Y,Y,5,HI,Bachelor,Mortgage,Panama City,FL
A00003506,Anthony Hennon,61,Y,Y,2,MI,Bachelor,Rent,Arvada,CO
A00000706,Emily Bradford,46,Y,Y,6,HI,Bachelor,Mortgage,Oklahoma City,OK
A00008265,Shawn Ramirez,42,Y,Y,5,MI,High School,Own,Edmond,OK
A00003132,John Castro,33,Y,Y,3,MI,High School,Rent,Stowe,VT
A00006414,Patricia Sunderland,30,Y,Y,3,HI,Bachelor,Own,Glendale,AZ
A00006784,Rosalind Halterman,31,Y,Y,5,MI,High School,Rent,Panama City Beach,FL
A00000775,William Battle,43,Y,Y,5,MI,Masters,Own,Pooler,GA
A00002197,Jose Fairbairn,54,Y,Y,4,LI,College,Rent,Berkeley,CA
A00003381,Jack Fox,32,Y,Y,2,HI,High School,Rent,Anchorage,AK
A00005007,Joshua Phillips,54,Y,Y,6,MI,Bachelor,Mortgage,Tollhouse,CA
A00008757,Matthew Busby,58,Y,Y,5,LI,High School,Mortgage,Berkeley,CA
A00006801,Tony Obradovich,26,Y,N,2,MI,High School,Rent,Tewksbury,MA
A00002000,Martha Sanders,47,Y,Y,3,MI,NA,Own,Nashville,TN
A00005991,James Wilkinson,60,N,Y,7,HI,Bachelor,Rent,Manchester,CT
A00002610,Nicholas Begley,38,N,Y,7,HI,Bachelor,Own,Goodlettsville,TN
A00000040,Arletta Chisam,33,Y,Y,4,LI,High School,Mortgage,Lynn Haven,FL
A00007940,Thomas Garnick,26,N,Y,5,HI,Bachelor,Own,Shelburne Falls,MA
A00008025,Wanda Thomas,37,Y,Y,3,LI,PhD,Rent,Severn,MD
A00009296,Claire Huggins,32,N,Y,4,LI,High School,Own,Arvada,CO
A00008866,Melvin Grady,48,Y,Y,3,LI,Masters,Mortgage,Oakland,CA
A00008756,Teresa Macfarland,63,Y,Y,7,LI,Bachelor,Own,Montgomery,AL
A00002713,Angelia Timmons,47,Y,N,3,HI,College,Rent,Panama City,FL
A00002226,Brian Reyna,59,Y,Y,6,HI,Bachelor,Rent,Louisville,KY
A00009949,Anthony Dyal,44,N,Y,7,MI,MD,Own,Washington,DC
A00007331,Sylvia Britton,37,Y,Y,7,MI,Bachelor,Mortgage,Nashville,TN
A00003817,Victoria Arterbury,28,N,Y,4,MI,Bachelor,Rent,San Leandro,CA
A00006771,Marguerite Betts,27,Y,Y,7,MI,MD,Rent,Lynn Haven,FL
A00002005,Patrick Register,55,N,Y,2,LI,College,Rent,Oakland,CA
A00003333,Robert Buckner,33,Y,Y,6,MI,Bachelor,Rent,Manchester,CT
A00009459,Ashley Miller,41,N,Y,6,LI,Bachelor,Own,Millersville,MD
A00000759,Gary Melton,51,Y,Y,2,LI,Bachelor,Rent,Lynn Haven,FL
A00003884,Thomas Barnes,62,N,Y,7,HI,High School,Mortgage,Louisville,KY
A00000850,Tyler Powers,38,N,N,5,HI,Bachelor,Own,Montgomery,AL
A00005616,Michael Nelson,26,Y,Y,7,MI,Bachelor,Own,Annapolis,MD
A00005277,Dawn Johnson,46,Y,N,2,MI,Bachelor,Mortgage,Bakersfield,CA
A00005247,Jennifer Cohn,60,Y,Y,3,MI,Bachelor,Rent,Peoria,AZ
A00002709,Hazel Carroll,37,Y,Y,4,MI,NA,Own,Ludlow,VT
A00005733,Jack Hilliard,42,Y,Y,5,MI,High School,Mortgage,Arvada,CO
A00002507,Ferdinand Davis,44,N,Y,6,HI,PhD,Mortgage,Nashville,TN
A00006223,Hosea Conteh,63,Y,Y,7,LI,Bachelor,Rent,Holbrook,MA
A00005244,Brian Bach,46,Y,Y,6,LI,Bachelor,Rent,Fresno,CA
A00005033,James Sinka,44,Y,Y,6,HI,MD,Own,Edmond,OK
A00004832,Lilly Meza,43,N,Y,2,LI,Bachelor,Mortgage,Anchorage,AK
A00003057,John Singletary,48,Y,Y,2,MI,MD,Rent,Louisville,KY
A00001252,Suzanne Switzer,52,Y,Y,2,MI,Bachelor,Own,Fayetteville,AR
A00005837,Michael Thomas,38,Y,Y,3,MI,Bachelor,Own,Panama City,FL
A00002306,Jeffrey Douglas,27,Y,Y,4,MI,Bachelor,Mortgage,Hayward,CA
A00002920,Michael Wise,39,Y,Y,3,HI,Bachelor,Rent,Savannah,GA
A00009106,Anna Bailey,26,Y,Y,7,HI,High School,Own,Lithia,FL
A00006401,Krystal Lizaola,55,Y,Y,3,LI,Bachelor,Mortgage,South Burlington,VT
A00002680,Brenda Workman,52,Y,Y,6,LI,Bachelor,Mortgage,Pooler,GA
A00003574,John Smith,35,N,Y,6,HI,NA,Rent,Pasadena,MD
A00001225,Nadine Wheeler,34,Y,Y,2,LI,Bachelor,Mortgage,Waltham,MA
A00005268,Lisa Ruiz,64,Y,Y,7,HI,NA,Rent,Nashville,TN
A00001183,Kevin Crouch,62,Y,Y,7,MI,High School,Mortgage,Washington,DC
A00000814,Gilbert Johnson,44,Y,Y,3,MI,High School,Mortgage,Bakersfield,CA
A00008660,Aaron Womack,37,N,Y,5,MI,NA,Own,Louisville,KY
A00007764,Jacques Miyoshi,33,Y,Y,3,LI,High School,Own,Fayetteville,AR
A00008104,Anna Plancarte,54,Y,Y,2,MI,Masters,Mortgage,Louisville,KY
A00001900,Andrew Echols,48,Y,Y,4,LI,Bachelor,Own,Annapolis,MD
A00005784,Kenneth Campos,50,N,Y,4,LI,Bachelor,Own,Savannah,GA
A00007639,Wayne Toussaint,26,N,Y,4,MI,Bachelor,Rent,Glendale,AZ
A00007148,Shannon Jimeson,56,Y,Y,5,LI,Bachelor,Rent,Sacramento,CA
A00006138,Larry Ladd,50,Y,Y,3,MI,High School,Rent,Hayward,CA
A00006997,Jane Benoit,53,N,Y,3,MI,High School,Rent,Hayward,CA
A00000087,Miki Newell,42,Y,Y,4,LI,Bachelor,Own,Anchorage,AK
A00004335,Dennis Duvall,26,Y,Y,2,LI,Bachelor,Mortgage,Manchester,CT
A00008666,Edward Hernandez,51,Y,Y,3,MI,Masters,Rent,Midwest City,OK
A00003667,Michael Licata,56,Y,Y,5,MI,High School,Mortgage,Burlington,VT
A00004541,Rodney Williamson,39,Y,Y,5,MI,High School,Own,Youngstown,FL
A00001851,Keith Woods,30,Y,Y,7,MI,Bachelor,Own,Anchorage,AK
A00003622,Earline Jordan,37,Y,Y,4,MI,Bachelor,Rent,Westminster,CO
A00003212,Paul Griffin,46,Y,Y,2,HI,Bachelor,Mortgage,Washington,DC
A00003588,Alana Clinton,64,N,Y,4,MI,Masters,Mortgage,Oakland,CA
A00002595,Rheba Johnson,64,Y,Y,3,HI,High School,Rent,Fountain,FL
A00005173,Linda Mcintyre,60,Y,Y,3,LI,College,Rent,Brentwood,TN
A00004085,Ryan Mckinley,48,N,Y,7,HI,High School,Mortgage,Oklahoma City,OK
A00003962,David Harris,49,N,Y,3,HI,High School,Mortgage,Farmington,AR
A00005597,Terry Ring,55,N,Y,7,MI,High School,Own,Manchester,CT
A00003459,Dorothy Senno,44,N,N,4,MI,Masters,Mortgage,Fayetteville,AR
A00007309,John Camel,62,N,Y,4,LI,High School,Own,Oakland,CA
A00004055,Claudette Ballentine,28,Y,Y,5,HI,Bachelor,Own,Oklahoma City,OK
A00001006,Virginia Howard,48,Y,Y,2,LI,High School,Own,Panama City,FL
A00006399,Ronald Peralta,45,Y,Y,7,MI,College,Rent,Nashville,TN
A00003390,Eric Polanco,59,Y,Y,2,MI,Bachelor,Own,Panama City,FL
A00005622,William Morrison,47,Y,Y,4,MI,MD,Own,Brentwood,TN
A00005522,Bobbie Chiarello,53,Y,Y,6,LI,High School,Rent,Nashville,TN
A00006071,Rupert Miles,40,Y,Y,5,HI,Bachelor,Own,Panama City,FL
A00007017,Leah Lewis,44,Y,Y,4,HI,Bachelor,Mortgage,Nashville,TN
A00006333,Gary Snyder,52,N,Y,4,MI,High School,Mortgage,Pooler,GA
A00003186,Eleanore Roper,40,Y,Y,4,MI,Bachelor,Own,Soquel,CA
A00008057,Robert Cox,46,Y,Y,5,MI,College,Rent,Anchorage,AK
A00004025,Mary Castillo,61,N,Y,6,MI,Bachelor,Mortgage,Livermore,CA
A00009504,Sheila Benitez,47,Y,Y,3,MI,Bachelor,Rent,Arvada,CO
A00005257,Maria Marier,60,Y,Y,6,MI,Bachelor,Own,Arvada,CO
A00007843,Charles Esparza,56,Y,Y,4,MI,High School,Mortgage,Glendale,AZ
A00005581,Bruce Bushaw,32,Y,Y,6,MI,Bachelor,Rent,Nashville,TN
A00005750,Vera Sebek,49,Y,Y,3,LI,College,Rent,Manchester,CT
A00006832,Donald Yates,33,N,Y,4,MI,High School,Own,Conway,AR
A00002722,William Maxwell,45,Y,Y,7,MI,Bachelor,Rent,Severn,MD
A00000188,John Wagnon,37,Y,Y,6,HI,High School,Rent,Fayetteville,AR
A00002864,James Laine,49,N,Y,7,MI,Bachelor,Rent,Annapolis,MD
A00000046,Thomas Infield,26,Y,Y,3,HI,Bachelor,Rent,Berkeley,CA
A00004858,Ruby Davis,50,Y,Y,4,HI,Bachelor,Own,Newark,CA
A00001416,Mary Oberry,55,Y,Y,7,LI,High School,Rent,Hartford,VT
A00009087,Lisa Foxworth,41,Y,Y,5,HI,Bachelor,Rent,Glendale,AZ
A00006483,Greg Swafford,51,Y,Y,4,MI,Masters,Rent,Anchorage,AK
A00002189,James Ruiz,43,Y,N,6,MI,Masters,Own,Orange,CA
A00004341,Michael Vigna,26,Y,Y,7,LI,High School,Mortgage,Montgomery,AL
A00003164,Kelly Reynolds,42,Y,Y,2,MI,College,Mortgage,Montgomery,AL
A00004999,Elizabeth Brosnan,60,N,Y,7,MI,Bachelor,Mortgage,Crownsville,MD
A00000324,Dianne Moore,35,Y,N,6,MI,High School,Mortgage,Richford,VT
A00007640,Ida Rogers,32,Y,Y,2,MI,College,Mortgage,Franklin,VT
A00003915,David Brown,46,N,Y,7,LI,Masters,Mortgage,Montgomery,AL
A00001572,Nancy Kaminski,25,Y,Y,2,MI,Bachelor,Own,Manchester,CT
A00001675,Donnell Reynolds,48,Y,Y,7,MI,High School,Mortgage,Glendale,AZ
A00009249,Angela Wilson,31,N,Y,5,MI,Bachelor,Own,Somerville,MA
A00009696,Alyson Mcfarland,31,Y,Y,6,LI,Bachelor,Rent,Oakland,CA
A00004984,Javier Grandy,44,Y,Y,4,LI,Bachelor,Mortgage,Oklahoma City,OK
A00008322,Debra Hall,40,N,Y,2,MI,MD,Own,Panama City Beach,FL
A00007483,David Cook,58,Y,Y,5,LI,Masters,Mortgage,Glendale,AZ
A00003763,Peter Rhodes,44,Y,Y,2,HI,High School,Mortgage,Crownsville,MD
A00003029,Milton Murrow,25,Y,Y,7,MI,Bachelor,Rent,Crofton,MD
A00006766,Marilyn Soto,34,Y,Y,3,MI,MD,Rent,Glen Burnie,MD
A00000368,Mackenzie Sparks,32,Y,Y,4,LI,High School,Rent,Braintree,MA
A00007526,Elizabeth Belle,46,Y,Y,4,MI,Bachelor,Rent,Savannah,GA
A00002344,George Glynn,43,Y,Y,4,MI,Masters,Mortgage,Arvada,CO
A00006901,Billy Jaudon,51,Y,Y,4,HI,Masters,Mortgage,Arvada,CO
A00009927,Kelly Wooton,48,Y,Y,2,MI,College,Own,Barre,VT
A00006185,Michael Hawkins,40,N,Y,4,LI,Bachelor,Rent,Nashville,TN
A00003352,Jerry Sewell,33,N,Y,7,LI,PhD,Mortgage,Fayetteville,AR
A00002376,Herbert Anderson,62,Y,N,4,LI,Bachelor,Mortgage,Livermore,CA
A00009003,Sara Mays,37,Y,Y,6,HI,Bachelor,Mortgage,Hayward,CA
A00004414,Anthony Meadows,41,Y,Y,2,HI,Bachelor,Mortgage,Savannah,GA
A00005114,Rhonda Seit,33,N,Y,6,MI,College,Rent,Shelburne Falls,MA
A00000395,Stephen Mull,59,Y,Y,2,MI,Bachelor,Rent,Norman,OK
A00009795,Dale Hicks,56,N,Y,2,LI,High School,Mortgage,Nashville,TN
A00004748,Scott Burnett,43,Y,Y,5,MI,Bachelor,Mortgage,Odenton,MD
A00001173,Christine Reichert,56,Y,Y,2,HI,Masters,Rent,Arvada,CO
A00003964,June Winburn,39,N,Y,5,HI,Masters,Rent,Panama City,FL
A00006553,Charles Mannino,44,Y,Y,7,MI,PhD,Own,Anchorage,AK
A00004941,Rudy Robinson,62,N,Y,4,MI,High School,Rent,Oklahoma City,OK
A00004213,Karen Hawkins,55,Y,Y,2,LI,College,Own,Foxborough,MA
A00009276,Ruth Mosley,33,Y,Y,4,HI,Bachelor,Mortgage,Savannah,GA
A00008754,Dawn Alexander,34,Y,Y,3,MI,College,Mortgage,Oklahoma City,OK
A00009348,Marie Dekle,33,Y,N,5,HI,PhD,Rent,Louisville,KY
A00005338,Vilma Bailey,49,Y,Y,7,MI,MD,Rent,Nashville,TN
A00004152,William Duncan,28,Y,Y,6,LI,College,Rent,Arvada,CO
A00002949,Martha Meeks,62,Y,Y,3,MI,High School,Rent,Essex,VT
A00009894,Rupert Torres,35,Y,Y,2,HI,PhD,Rent,Pleasanton,CA
A00002174,Scot Anderson,60,Y,Y,7,MI,High School,Rent,Maidstone,VT
A00001710,Noel Henry,57,Y,Y,4,LI,Masters,Rent,Washington,DC
A00006782,Reta Cline,32,Y,Y,2,MI,Bachelor,Mortgage,Nichols Hills,OK
A00008036,Evelyn Tomlinson,55,N,Y,3,MI,High School,Mortgage,Baltimore,MD
A00006989,Colin Miller,42,Y,Y,5,MI,Bachelor,Mortgage,Oakland,CA
A00005163,Kevin Holloway,32,N,Y,6,HI,Bachelor,Rent,Arvada,CO
A00001912,Travis Blue,35,Y,Y,5,HI,High School,Rent,Soldotna,AK
A00002684,Ralph Faust,46,N,Y,6,MI,High School,Rent,Pasadena,MD
A00003572,Eleanor Jenkins,44,N,Y,5,MI,High School,Mortgage,Louisville,KY
A00001846,Donald Lawson,40,Y,Y,2,MI,Bachelor,Own,Anchorage,AK
A00005418,Benjamin Tyus,25,Y,Y,7,HI,PhD,Mortgage,Glendale,AZ
A00001955,Howard Gannaway,47,N,Y,2,LI,High School,Own,Louisville,KY
A00006844,Marguerite Flower,33,Y,Y,7,LI,Bachelor,Own,Glendale,AZ
A00003334,Chris Collazo,34,N,Y,4,LI,MD,Rent,Medford,MA
A00008680,Josephine Gable,57,N,Y,7,MI,PhD,Rent,Manchester,CT
A00001662,Elizabeth Hannah,51,Y,Y,6,LI,High School,Mortgage,Evergreen,CO
A00003266,Herbert Bruff,58,Y,Y,2,LI,College,Rent,Washington,DC
A00009738,Kathryn Powell,61,Y,Y,4,LI,NA,Rent,Panama City Beach,FL
A00009011,Charles Hutchinson,41,Y,Y,4,MI,High School,Own,Cambridge,MA
A00001465,Julie Lockett,55,Y,Y,5,LI,Bachelor,Rent,Groton,CT
A00008786,Hilda James,37,Y,Y,7,HI,Bachelor,Own,Annapolis,MD
A00007903,Michelle Pressley,61,Y,Y,5,MI,High School,Rent,Manchester,CT
A00009442,Sandra Elkins,52,Y,Y,7,MI,Bachelor,Rent,Arvada,CO
A00004200,Julie Laigo,50,Y,Y,5,LI,Bachelor,Mortgage,Fayetteville,AR
A00008890,Sherry Estrada,50,N,Y,5,LI,High School,Own,Washington,DC
A00008816,Edward Petty,29,N,Y,6,MI,Masters,Mortgage,Fremont,CA
A00009909,Paul Breaux,64,Y,Y,5,HI,Bachelor,Mortgage,Nashville,TN
A00003275,Isabel Cox,61,Y,Y,3,LI,College,Mortgage,Oklahoma City,OK
A00006278,Mary Miranda,35,Y,Y,5,MI,Bachelor,Own,Fayetteville,AR
A00004264,Johnny Walker,41,N,Y,2,LI,Bachelor,Own,Panama City,FL
A00000609,Charles Penny,25,Y,Y,2,MI,Masters,Rent,Northfield,KY
A00006498,Robin Douglas,48,Y,Y,4,MI,Bachelor,Mortgage,Panama City,FL
A00007217,Linda Figgs,27,Y,Y,5,MI,Bachelor,Own,Lowell,VT
A00007318,Michael Kircher,53,N,Y,5,MI,High School,Rent,Arvada,CO
A00005645,Tamara Douglas,45,Y,Y,3,LI,Masters,Rent,Nashville,TN
A00001172,Timothy Distaffen,51,Y,Y,5,MI,High School,Rent,Annapolis,MD
A00005798,Lou Fuller,30,N,Y,2,MI,College,Mortgage,Panama City,FL
A00005118,Clarence Turnage,62,Y,Y,7,LI,Bachelor,Rent,Berkeley,CA
A00005896,Monica Simmons,26,Y,N,7,MI,High School,Own,Savannah,GA
A00004871,Lynn Knudsen,27,Y,Y,6,MI,Bachelor,Mortgage,Glen Burnie,MD
A00009493,Timothy Davidson,57,N,Y,3,LI,Masters,Mortgage,Anchorage,AK
A00005908,Dawna Johnson,59,N,Y,4,HI,Masters,Rent,Washington,DC
A00009361,William Canelo,28,Y,Y,6,LI,High School,Rent,Panama City,FL
A00009883,James Jenkins,29,Y,Y,3,LI,NA,Own,Panama City,FL
A00007431,Rudy Hansen,49,Y,Y,2,MI,MD,Mortgage,Louisville,KY
A00002927,Judy Stjohn,50,Y,N,5,MI,High School,Own,Louisville,KY
A00009072,Emily Larue,56,Y,Y,7,HI,College,Rent,Savannah,GA
A00000575,Edwin Moses,40,N,Y,5,MI,MD,Mortgage,Alburgh,VT
A00004789,Dennis Sanders,47,Y,Y,6,MI,Bachelor,Mortgage,Midwest City,OK
A00002556,Raymond Moore,50,Y,Y,4,HI,PhD,Rent,Glendale,AZ
A00000987,Marie Moore,28,Y,Y,6,LI,Masters,Mortgage,Fremont,CA
A00006626,Keith Lee,64,Y,Y,5,HI,College,Mortgage,Montgomery,AL
A00008875,Terri Finnegan,55,Y,Y,5,MI,Bachelor,Mortgage,Savannah,GA
A00007183,Donald Edmonds,52,Y,Y,4,MI,MD,Own,Glendale,AZ
A00009829,Emilia Grooms,25,Y,Y,5,MI,High School,Rent,Litchfield Park,AZ
A00006504,Darla Nunamaker,54,Y,Y,7,HI,Bachelor,Own,Edmond,OK
A00009521,Ruth Key,44,Y,Y,3,HI,Masters,Own,Nashville,TN
A00007815,Eleanor Collins,52,Y,Y,2,MI,Bachelor,Rent,Nashville,TN
A00003293,George Miles,55,Y,Y,4,HI,Bachelor,Rent,Washington,DC
A00001352,Thomas Rodrigez,30,N,Y,4,LI,High School,Mortgage,Anchorage,AK
A00008819,Robert Dodds,60,N,Y,5,LI,High School,Mortgage,Washington,DC
A00007762,Maria Salano,63,N,Y,4,MI,High School,Mortgage,Nashville,TN
A00001038,Cindy Simeone,63,Y,Y,6,LI,PhD,Rent,Montgomery,AL
A00008000,Rick Sims,48,Y,Y,5,MI,Masters,Own,Louisville,KY
A00006088,Margaret Hinerman,58,Y,Y,6,MI,College,Rent,Annapolis,MD
A00000882,Lloyd Jankowski,56,Y,Y,4,MI,Masters,Rent,Savannah,GA
A00001059,Jimmy Lopez,40,Y,Y,6,HI,High School,Mortgage,Fremont,CA
A00002793,Ellen Taylor,36,Y,Y,5,HI,PhD,Mortgage,Fayetteville,AR
A00005160,Virginia Wade,36,Y,Y,5,HI,PhD,Rent,Montgomery,AL
A00008204,Alice Davis,53,Y,Y,7,LI,High School,Rent,Savannah,GA
A00004499,Gloria Cazares,27,Y,Y,6,MI,Bachelor,Mortgage,Louisville,KY
A00003034,Joseph Miesch,25,Y,Y,7,MI,College,Rent,Nashville,TN
A00005694,Kevin Jackson,50,N,Y,4,MI,Masters,Mortgage,Nashville,TN
A00002064,Sylvia Velez,30,Y,Y,6,LI,High School,Mortgage,Litchfield Park,AZ
A00001046,John Noll,64,Y,Y,7,MI,MD,Rent,Jeffersontown,KY
A00002514,William Dellinger,63,N,Y,7,LI,High School,Rent,Moore,OK
A00007408,Michael Castaneda,42,Y,Y,7,HI,Masters,Own,Panama City Beach,FL
A00003500,Suzanna Trevino,56,N,Y,3,MI,NA,Own,Panama City,FL
A00005864,James Finkle,35,Y,Y,6,HI,MD,Mortgage,Hayward,CA
A00005270,Lillian Ross,43,Y,Y,5,HI,High School,Own,Savannah,GA
A00000338,June Osgood,62,Y,Y,7,MI,Bachelor,Mortgage,Hingham,MA
A00008876,Ramiro Dennis,62,Y,Y,3,LI,Bachelor,Rent,Manchester,CT
A00004841,Jennie Blews,40,N,Y,6,HI,High School,Mortgage,Bethany,OK
A00009373,Eloise Brown,56,Y,Y,6,HI,Bachelor,Own,Carson,CA
A00002265,Maria Quinn,47,Y,Y,5,MI,Masters,Rent,Glendale,AZ
A00001738,Virgie Gordon,28,N,Y,4,LI,Bachelor,Rent,Fayetteville,AR
A00007034,John Lamb,63,Y,Y,5,HI,Bachelor,Mortgage,Fayetteville,AR
A00009104,Gerri Frisbee,38,Y,Y,5,MI,Masters,Own,Fayetteville,AR
A00009471,Andra Mobley,32,N,Y,6,MI,Bachelor,Own,Louisville,KY
A00008047,Shannon Macki,62,Y,Y,5,MI,High School,Rent,Panama City Beach,FL
A00002096,Thomas Finley,29,Y,Y,5,MI,Bachelor,Mortgage,Fayetteville,AR
A00000167,Heidi Kradel,36,Y,Y,7,LI,Bachelor,Own,Palmer,MA
A00001441,Antonio Little,64,N,Y,7,MI,Bachelor,Mortgage,Lithia,FL
A00009548,Patricia Arellano,38,Y,Y,7,LI,Bachelor,Own,Arvada,CO
A00008792,Robert Linares,48,Y,Y,7,LI,Masters,Rent,Montgomery,AL
A00005077,Lakendra Briggs,60,Y,Y,7,MI,Bachelor,Own,Freetown,MA
A00007956,Judy Bugg,44,Y,Y,3,LI,Masters,Own,Washington,DC
A00005661,Connie Valdez,33,Y,Y,7,MI,PhD,Own,Castro Valley,CA
A00004212,Ellen Benson,37,N,Y,2,MI,MD,Mortgage,Manchester,CT
A00008908,Alice Sliger,46,Y,Y,6,HI,MD,Own,Odenton,MD
A00009044,Nicole Tucker,27,Y,Y,4,MI,Bachelor,Mortgage,Nashville,TN
A00002954,Trina Bouchard,39,N,Y,6,MI,Bachelor,Own,Annapolis,MD
A00000861,Patricia Yoon,31,Y,Y,2,LI,Bachelor,Rent,West Sacramento,CA
A00004394,Chaya Mcdermott,35,Y,Y,4,HI,High School,Mortgage,Pleasanton,CA
A00001322,Isaura Guignard,26,Y,Y,7,MI,High School,Mortgage,,MD
A00009283,Barbara Heffner,38,Y,Y,7,MI,Bachelor,Mortgage,Hayward,CA
A00004176,Robin Dobbins,57,Y,Y,7,HI,College,Mortgage,Pasadena,MD
A00008974,Philip Manteca,47,N,N,5,MI,Bachelor,Mortgage,Manchester,CT
A00006279,Lea Benitez,29,Y,Y,3,HI,High School,Rent,San Leandro,CA
A00009260,Christina Pope,48,Y,N,7,MI,NA,Own,Nashville,TN
A00000896,Christopher Varga,31,N,Y,5,MI,College,Own,Oakland,CA
A00000491,Bobbie Coviello,58,Y,Y,2,MI,Bachelor,Rent,Thunderbolt,GA
A00000627,Josephine Merritt,52,Y,N,4,MI,Bachelor,Own,Nashville,TN
A00006018,Rodney Frank,61,Y,Y,5,HI,Bachelor,Own,Carlsbad,CA
A00002784,Katie Allen,29,N,Y,3,MI,Bachelor,Mortgage,Nashville,TN
A00007670,Annette Hall,56,Y,Y,6,MI,Masters,Rent,Nashville,TN
A00008332,Jennifer Tovar,56,Y,Y,3,MI,NA,Rent,Arvada,CO
A00000487,Charles Harris,64,Y,Y,6,LI,MD,Rent,Louisville,KY
A00008445,James Snow,55,Y,Y,6,HI,High School,Own,Manchester,CT
A00002776,Michael Neff,54,Y,Y,3,MI,High School,Rent,Panama City Beach,FL
A00000787,Kevin Haggerty,28,N,Y,4,MI,High School,Mortgage,Fayetteville,AR
A00001501,Preston Chatman,44,Y,Y,7,LI,PhD,Own,Fayetteville,AR
A00007259,Wanda Carrara,63,N,Y,3,HI,Bachelor,Mortgage,Pooler,GA
A00008145,Joseph Reyes,61,N,Y,2,MI,Masters,Mortgage,Washington,DC
A00006979,Pedro Vadenais,44,Y,Y,6,MI,Bachelor,Mortgage,Savannah,GA
A00001510,Theresa Ortega,57,Y,Y,5,LI,MD,Mortgage,Manchester,CT
A00000106,Shelton Sales,39,Y,Y,3,MI,Bachelor,Mortgage,Glendale,AZ
A00000924,Eura Bobo,34,Y,Y,6,HI,MD,Own,Severn,MD
A00008625,Daniel Schreiner,55,Y,Y,2,LI,Bachelor,Rent,Stowe,VT
A00002079,Tosha Thompson,41,N,Y,7,HI,Bachelor,Mortgage,Panama City,FL
A00009611,Frances Thomas,40,Y,Y,4,MI,Bachelor,Mortgage,Montgomery,AL
A00004658,Samuel Haynes,46,Y,Y,6,MI,College,Rent,Norman,OK
A00001179,Walter Botti,62,Y,Y,5,HI,College,Own,Magalia,CA
A00006862,Randall Grenier,54,Y,Y,4,HI,PhD,Rent,Port Charlotte,FL
A00001422,Alfred Ferguson,53,N,Y,3,MI,High School,Mortgage,Prospect,KY
A00009331,David Huard,33,Y,Y,3,MI,Bachelor,Own,Oklahoma City,OK
A00009579,Nickolas Blanchard,31,Y,Y,5,LI,Bachelor,Rent,Louisville,KY
A00007321,Willie Kitchin,33,N,Y,4,LI,Bachelor,Own,Anchorage,AK
A00002934,Emile Autry,39,N,Y,3,MI,High School,Own,San Leandro,CA
A00009257,Susan Wilson,41,Y,Y,3,HI,High School,Rent,Montgomery,AL
A00000457,Richard Trofholz,51,Y,Y,6,HI,High School,Rent,Nashville,TN
A00007565,Art Eden,31,Y,Y,3,HI,MD,Mortgage,Panama City Beach,FL
A00009267,Bradley Peterson,45,Y,Y,7,HI,High School,Mortgage,Washington,DC
A00006196,Evelyn Lummus,30,Y,Y,3,LI,High School,Rent,Nashville,TN
A00009710,Maria Couture,41,Y,Y,4,LI,PhD,Rent,Nashville,TN
A00006847,Susan Petersen,60,Y,Y,3,LI,College,Mortgage,Arvada,CO
A00000834,Sophia Meier,54,Y,Y,5,MI,High School,Rent,Manchester,CT
A00003220,Isela Sreaves,55,N,Y,7,HI,High School,Own,Everett,MA
A00007558,Janet Hess,58,N,Y,4,MI,High School,Own,Union City,CA
A00003142,George Searles,50,N,Y,6,HI,NA,Mortgage,Anchorage,AK
A00008049,Don Williams,63,Y,Y,3,LI,High School,Own,San Jose,CA
A00005209,Mary Wright,28,Y,Y,5,LI,College,Mortgage,Washington,DC
A00005439,Anna Steiner,26,Y,Y,3,HI,High School,Mortgage,Dedham,MA
A00001997,Tina Parrish,62,Y,Y,7,LI,High School,Rent,Castleton,VT
A00007360,Richard Stone,32,Y,N,5,MI,Bachelor,Rent,Glendale,AZ
A00001665,Claire Walker,36,Y,Y,2,MI,Masters,Mortgage,Arvada,CO
A00008501,Gary Rogers,58,Y,Y,6,MI,High School,Mortgage,Montgomery,AL
A00003248,Clay May,44,Y,N,4,LI,Masters,Own,Louisville,KY
A00007458,Christy Payne,28,Y,Y,6,LI,Masters,Own,Glendale,AZ
A00004702,Sarah Toms,62,N,N,4,HI,Masters,Own,Manchester,CT
A00006175,Rebecca Ramirez,30,Y,Y,7,MI,Masters,Own,Glendale,AZ
A00009345,Angeline Wright,27,Y,Y,7,HI,Bachelor,Own,Arvada,CO
A00000568,Victor Schroeder,30,Y,Y,4,MI,High School,Own,Nashville,TN
A00004166,Benjamin Cardona,51,N,Y,6,HI,PhD,Rent,Louisville,KY
A00008336,Paul Chai,26,N,Y,7,MI,High School,Rent,Washington,DC
A00008169,Kevin Allison,46,Y,Y,2,HI,High School,Own,Pittsfield,MA
A00007004,Heather Clark,46,Y,Y,3,HI,NA,Mortgage,Anchorage,AK
A00001991,Grant Baugh,60,Y,Y,5,MI,Bachelor,Rent,Glendale,AZ
A00000420,Jennifer Beebe,57,N,Y,2,LI,Bachelor,Rent,Oklahoma City,OK
A00009598,Cathy Bain,45,Y,Y,6,HI,Masters,Rent,Melbourne Beach,FL
A00006838,Anthony Lindblad,61,N,Y,7,LI,Bachelor,Mortgage,Soldotna,AK
A00003914,Jimmy Byrne,35,Y,Y,4,MI,High School,Rent,Wilbraham,MA
A00009168,Jeanne Cain,42,Y,Y,2,HI,Bachelor,Own,Moore,OK
A00001069,Isela Krueger,49,Y,Y,6,LI,Bachelor,Rent,Arvada,CO
A00004413,Latonya Combs,54,N,Y,7,LI,Bachelor,Rent,Fremont,CA
A00009953,Ruby Goldman,50,Y,Y,5,MI,High School,Mortgage,Hayward,CA
A00009959,Chester George,35,Y,Y,4,LI,College,Mortgage,Carlsbad,CA
A00006351,Christina Musto,61,Y,Y,5,LI,Bachelor,Rent,Washington,DC
A00002047,Thomas Olvera,47,Y,Y,7,MI,Bachelor,Mortgage,Manchester,CT
A00005398,Kyle Newsom,44,Y,N,6,MI,High School,Rent,Nashville,TN
A00009130,James Hendrickson,33,Y,Y,7,LI,PhD,Mortgage,Washington,DC
A00009896,Viviana Cole,55,Y,Y,4,MI,Masters,Mortgage,Montgomery,AL
A00004912,Christina Foster,47,N,Y,3,MI,Bachelor,Own,Louisville,KY
A00003157,Sharon Bremer,30,Y,Y,3,MI,MD,Rent,Glendale,AZ
A00001600,William Valdez,50,Y,Y,4,HI,High School,Mortgage,Louisville,KY
A00004551,Jeffrey Roberts,43,N,Y,4,MI,Bachelor,Mortgage,Glendale,AZ
A00006849,Les Ikard,36,Y,N,3,MI,High School,Own,Louisville,KY
A00000689,Peter Helm,47,Y,Y,2,MI,Bachelor,Mortgage,Washington,DC
A00008614,Sue Tillotson,55,N,Y,5,HI,College,Rent,Savannah,GA
A00001469,Albert Ogden,34,Y,Y,4,LI,Bachelor,Mortgage,Glendale,AZ
A00007741,John Ordonez,54,Y,Y,7,MI,Bachelor,Own,Pasadena,MD
A00004628,James Culver,39,N,Y,6,LI,College,Mortgage,Anchorage,AK
A00005014,Bernadette Freeman,28,N,Y,6,MI,Bachelor,Own,Grass Valley,CA
A00001218,Debra Jacob,46,Y,Y,4,MI,NA,Own,Nashville,TN
A00009881,Phillip Alarcon,41,Y,Y,7,LI,High School,Own,Nashville,TN
A00006625,Ronald Weaver,46,Y,Y,5,MI,Bachelor,Own,Louisville,KY
A00005348,John Mcbrayer,33,Y,Y,3,MI,Bachelor,Mortgage,Manchester,CT
A00003541,Dale Goss,45,Y,Y,7,MI,Bachelor,Mortgage,Panama City,FL
A00002568,George Newman,50,Y,Y,6,MI,High School,Mortgage,Oakland,CA
A00003942,John Brown,60,N,Y,3,LI,NA,Mortgage,Anchorage,AK
A00006297,Nichole Huynh,36,Y,Y,4,MI,NA,Rent,Savannah,GA
A00008386,Jonathan Barrera,26,N,Y,6,LI,Bachelor,Mortgage,Savannah,GA
A00002970,Connie Milligan,59,Y,Y,5,LI,Masters,Own,Glendale,AZ
A00001520,Patrica Ellinwood,62,Y,Y,7,HI,College,Mortgage,Arnold,MD
A00009887,Daniel Pettiford,56,Y,Y,3,HI,Bachelor,Own,Oklahoma City,OK
A00007269,Sharon Garland,48,N,Y,6,MI,Bachelor,Own,Montgomery,AL
A00003523,Paul Wasinger,52,Y,Y,5,HI,Bachelor,Own,Berkeley,CA
A00000168,Thomas Becnel,44,Y,Y,3,LI,Bachelor,Rent,Nashville,TN
A00005055,Michelle Mcelroy,43,Y,Y,6,MI,NA,Rent,Town of Rockingham,VT
A00006903,Raymond Clark,52,N,Y,2,MI,Bachelor,Own,Redding,CA
A00002379,Ebony Payson,40,Y,Y,6,MI,Bachelor,Own,Pasadena,MD
A00003694,Michael Cruz,58,Y,Y,7,MI,Masters,Rent,Savannah,GA
A00000938,Rachel Ramirez,49,Y,Y,3,MI,College,Mortgage,Anchorage,AK
A00005818,Allan Fountain,58,Y,Y,6,HI,Bachelor,Mortgage,Manchester,CT
A00003837,Harry Rodriguez,53,Y,Y,6,MI,Bachelor,Rent,Saint Albans City,VT
A00004544,Wanda Pastian,64,Y,Y,4,LI,Bachelor,Mortgage,Yucaipa,CA
A00000073,Salvatore Thompson,57,Y,Y,4,MI,High School,Mortgage,Manchester,CT
A00002971,Patricia Hamblen,39,Y,Y,5,MI,Masters,Mortgage,Anchorage,AK
A00009520,Karen Campos,58,Y,Y,2,MI,MD,Mortgage,Montgomery,AL
A00002202,Gladys Mellott,33,Y,Y,6,MI,Bachelor,Mortgage,Alameda,CA
A00005378,Marissa Parker,51,Y,Y,5,MI,Bachelor,Mortgage,Bethany,OK
A00005031,Ronald Garczynski,61,N,Y,2,MI,Bachelor,Rent,Nashville,TN
A00001032,Gladys Miller,50,Y,Y,4,MI,MD,Rent,Manchester,CT
A00007666,Denise Lemons,52,N,Y,3,LI,High School,Own,Manchester,CT
A00000305,Blanche Hedrick,53,N,Y,3,MI,Bachelor,Mortgage,Pueblo,CO
A00007509,Brian Oberpriller,52,Y,Y,3,MI,PhD,Rent,Rutland,VT
A00004297,Georgia Bates,51,N,Y,2,LI,Masters,Own,Fayetteville,AR
A00000206,Thomas Smith,32,Y,Y,7,LI,College,Mortgage,Manchester,CT
A00007908,Jerry Ford,62,N,N,7,MI,Bachelor,Rent,Panama City,FL
A00000381,Edward Johnson,59,N,Y,3,MI,Bachelor,Mortgage,Louisville,KY
A00007952,Janet Watts,59,N,Y,7,MI,Masters,Mortgage,Manchester,CT
A00000481,Thomas Lancon,64,Y,Y,7,LI,Bachelor,Own,Charlotte,VT
A00006240,Brent Fly,55,N,Y,5,HI,MD,Rent,Washington,DC
A00004559,Jane Bell,30,Y,Y,7,MI,PhD,Rent,Arvada,CO
A00009940,Jerrod Pundt,39,N,Y,7,HI,High School,Rent,West Tisbury,MA
A00009560,Gustavo Krueger,30,Y,Y,5,MI,Bachelor,Mortgage,Savannah,GA
A00005613,Mary Jones,35,Y,N,4,LI,Bachelor,Rent,Dedham,MA
A00004987,Robert Robinson,25,Y,Y,2,HI,Bachelor,Own,Glendale,AZ
A00003182,Diane Brownlow,32,Y,Y,7,HI,High School,Rent,Louisville,KY
A00004065,Bobby Jefferson,30,Y,Y,7,MI,College,Own,Louisville,KY
A00007590,John Elliott,33,Y,Y,5,HI,Bachelor,Own,Manchester,CT
A00008685,Patricia Kedzierski,47,Y,Y,2,LI,PhD,Mortgage,Edgewater,MD
A00004607,Yolanda Lane,44,N,Y,3,LI,MD,Mortgage,Manchester,CT
A00000303,Joseph Ramon,46,Y,Y,3,LI,MD,Mortgage,Savannah,GA
A00000901,Alice Burton,60,Y,Y,5,HI,High School,Mortgage,Montgomery,AL
A00004671,Nicholas Hamilton,27,N,Y,4,MI,Bachelor,Mortgage,Louisville,KY
A00001168,Robert Homan,58,N,Y,5,MI,High School,Mortgage,Anchorage,AK
A00002966,Carlos Chary,57,N,Y,3,HI,Bachelor,Own,Panama City Beach,FL
A00006851,Laurie Aikens,44,N,Y,7,MI,High School,Mortgage,Nashville,TN
A00006941,Russell Castro,48,Y,Y,2,LI,Bachelor,Mortgage,Washington,DC
A00001386,Justin Reed,33,Y,Y,7,MI,Masters,Mortgage,Louisville,KY
A00003019,Karen Smith,33,Y,Y,2,MI,PhD,Mortgage,Savannah,GA
A00005076,Brian Ruiz,63,N,Y,7,MI,College,Own,Arvada,CO
A00009323,Phillip Luckner,29,N,Y,5,MI,College,Mortgage,Brentwood,TN
A00003318,Mindy Krumwiede,27,Y,Y,4,MI,Bachelor,Rent,Washington,DC
A00004604,Bronwyn Wilbur,37,N,Y,2,MI,PhD,Mortgage,Montgomery,AL
A00009950,Francisca Baer,54,N,Y,7,MI,High School,Rent,Louisville,KY
A00009374,John Piatkowski,34,Y,Y,4,MI,Bachelor,Rent,Glendale,AZ
A00006442,Angela Lee,53,Y,Y,7,HI,NA,Rent,Montgomery,AL
A00006998,Robert Mcneil,58,N,Y,5,HI,Bachelor,Own,East Haven,VT
A00003075,Joan Berry,36,Y,Y,4,HI,NA,Mortgage,Manchester,CT
A00003085,James Leonhardt,52,Y,Y,4,MI,College,Own,Needham,MA
A00006791,Timothy Adams,58,Y,Y,6,HI,High School,Mortgage,Washington,DC
A00007020,Bobby Rice,60,N,Y,7,LI,Bachelor,Own,Montgomery,AL
A00002534,Lucy Garrett,39,N,Y,5,HI,Bachelor,Mortgage,Panama City,FL
A00005231,Loretta Rush,29,Y,Y,5,LI,High School,Own,Pittsford,VT
A00008699,Donald Forget,31,Y,Y,3,HI,Masters,Mortgage,Louisville,KY
A00003013,David Stewart,48,Y,Y,7,MI,Masters,Own,Panama City,FL
A00002892,Lieselotte Unterseher,57,Y,Y,3,MI,MD,Rent,Annapolis,MD
A00001961,Luann Cox,30,Y,Y,4,MI,NA,Own,Newark,CA
A00000870,Troy Stoddard,33,Y,Y,4,LI,Bachelor,Rent,Farmington,AR
A00003507,Oliver Scott,46,Y,Y,6,MI,Bachelor,Mortgage,Union City,CA
A00000829,Mildred Tower,59,Y,Y,7,HI,Masters,Rent,Savannah,GA
A00005062,James Bird,57,Y,Y,5,HI,College,Own,Louisville,KY
A00002870,Michael Yokley,44,Y,Y,5,LI,College,Mortgage,Fayetteville,AR
A00007555,Rose Anspach,56,Y,N,5,LI,High School,Mortgage,Hayward,CA
A00002733,Erika Allbright,48,Y,Y,2,LI,Bachelor,Rent,Washington,DC
A00009903,Stephani Eldridge,42,Y,Y,7,HI,Bachelor,Rent,Glendale,AZ
A00007624,Mary Dang,58,N,Y,7,MI,High School,Mortgage,Fall River,MA
A00005962,Jennifer Solem,30,Y,Y,3,MI,High School,Own,Bourne,MA
A00007278,Justin Akins,63,Y,N,7,HI,Masters,Rent,Union City,CA
A00004902,Richard Dunham,52,Y,Y,6,HI,High School,Rent,Lynn Haven,FL
A00003499,Paula Davis,55,N,Y,5,LI,High School,Mortgage,Washington,DC
A00009892,Francine Scott,25,Y,Y,6,LI,High School,Own,Greenfield,MA
A00000247,Robert Gonzalez,27,Y,Y,4,LI,College,Rent,Panama City,FL
A00003125,Donald Dunn,54,N,Y,4,MI,Bachelor,Mortgage,Huntington,VT
A00004171,Linda Duttry,45,N,Y,3,HI,Masters,Rent,Savannah,GA
A00004079,Shawn Lancaster,49,Y,Y,2,HI,College,Mortgage,Savannah,GA
A00002400,John Gomez,50,Y,Y,4,MI,Bachelor,Rent,Panama City,FL
A00008002,Tim Mimnaugh,38,Y,Y,3,MI,High School,Mortgage,Annapolis,MD
A00000687,Curtis Madina,43,Y,Y,4,LI,NA,Mortgage,Montevallo,AL
A00005912,Roberta Wagner,50,Y,Y,7,MI,Bachelor,Mortgage,Oklahoma City,OK
A00004485,Kathleen Murdy,37,Y,Y,7,LI,MD,Mortgage,Nashville,TN
A00008097,Clarice Jimenez,45,Y,Y,6,MI,High School,Rent,Louisville,KY
A00001701,David Toney,26,Y,N,5,LI,Bachelor,Own,Guilford,VT
A00007542,James Sharpe,42,N,Y,3,HI,MD,Mortgage,Groton,CT
A00000633,Julie Cullum,52,Y,N,7,LI,NA,Rent,Cambridge,MA
A00003701,Lance Angles,36,Y,Y,7,MI,Bachelor,Mortgage,Hayward,CA
A00005905,Peter Bryan,53,Y,Y,6,LI,College,Mortgage,Louisville,KY
A00002495,Tonya Wheeler,25,N,N,2,MI,Bachelor,Rent,Fayetteville,AR
A00004950,Louis Cooper,25,N,Y,4,HI,Masters,Mortgage,Fayetteville,AR
A00000559,Edward Hamons,55,Y,Y,7,HI,MD,Own,Montgomery,AL
A00008065,Gregory Kelly,26,N,Y,2,LI,Bachelor,Own,Nashville,TN
A00006507,Carol Paulseth,48,Y,Y,7,LI,Bachelor,Mortgage,Panama City,FL
A00006359,Gregory Pavlick,58,N,Y,4,MI,Bachelor,Rent,Montgomery,AL
A00004971,Ryan Perez,36,Y,Y,5,MI,College,Mortgage,Lynn Haven,FL
A00003346,Jeffrey Gutshall,44,Y,Y,7,HI,College,Own,Fayetteville,AR
A00008645,Harriet Harbin,51,N,Y,4,MI,Bachelor,Own,Louisville,KY
A00002748,Joy Bueno,39,Y,Y,5,LI,High School,Own,Panama City Beach,FL
A00001927,Leona Wallen,51,Y,Y,7,LI,Bachelor,Mortgage,Savannah,GA
A00008963,Donna Baines,29,Y,N,2,MI,College,Rent,Anchorage,AK
A00001039,Brenna Arnold,33,Y,Y,4,MI,Bachelor,Own,Glendale,AZ
A00007282,Maria Swedenburg,39,N,Y,3,MI,Bachelor,Mortgage,Glendale,AZ
A00009245,Ralph Warren,29,Y,Y,7,MI,Bachelor,Rent,Glendale,AZ
A00006980,Renee Cunningham,31,Y,Y,5,LI,High School,Rent,Nashville,TN
A00006875,Mark Hernandez,35,N,N,4,MI,College,Mortgage,Ashland,MA
A00000496,Lewis Smith,29,Y,Y,3,HI,High School,Own,Arvada,CO
A00004776,Mathew Wilder,36,Y,Y,7,MI,MD,Own,Sebastopol,CA
A00005708,Julie Duncan,59,Y,Y,5,LI,Bachelor,Rent,Somerville,MA
A00004681,Alexander Mullins,59,Y,Y,6,HI,College,Rent,Union City,CA
A00002785,Terri Filmore,31,Y,Y,6,MI,High School,Mortgage,Savannah,GA
A00009141,Tonya Boss,52,Y,Y,6,HI,High School,Rent,Fremont,CA
A00001604,Elizabeth Engelhardt,28,Y,Y,6,HI,Bachelor,Own,Fayetteville,AR
A00003170,Margarita Nicholas,32,N,Y,5,LI,Bachelor,Own,Castro Valley,CA
A00002689,Lyndsey Bernier,45,Y,Y,3,MI,High School,Mortgage,Washington,DC
A00001984,Adam Swindle,62,N,Y,5,LI,Bachelor,Mortgage,Milford,MA
A00001366,Diane Hartly,44,N,Y,3,MI,Masters,Mortgage,Glendale,AZ
A00005465,Grace Pierce,47,Y,Y,4,HI,College,Mortgage,Town of Rockingham,VT
A00003171,Robert Pace,55,Y,Y,7,HI,High School,Mortgage,Anchorage,AK
A00009859,Barry Hernandez,29,Y,Y,7,MI,Bachelor,Rent,Washington,DC
A00003335,Edward Green,54,Y,Y,6,MI,High School,Own,Severna Park,MD
A00008882,Jill Aquino,42,Y,Y,2,MI,Bachelor,Mortgage,Louisville,KY
A00002476,Chad Weaver,33,Y,N,6,MI,Bachelor,Rent,Nashville,TN
A00004900,Bonnie Mangina,60,N,Y,4,HI,College,Rent,Fremont,CA
A00006608,Ryan Creason,44,Y,Y,6,HI,Bachelor,Mortgage,Manchester,CT
A00003096,William Oliver,61,Y,Y,6,MI,High School,Rent,Arvada,CO
A00005251,Lemuel Berg,63,Y,Y,2,HI,NA,Own,Arvada,CO
A00006907,Ray Hill,29,Y,Y,4,MI,Bachelor,Mortgage,Arvada,CO
A00009876,Donald Middleton,28,N,Y,4,MI,Bachelor,Mortgage,Hayward,CA
A00007958,John Knudsen,25,N,Y,4,HI,MD,Rent,Manchester,CT
A00004385,Janice Maze,54,N,N,2,MI,MD,Rent,Harrah,OK
A00002603,Joseph Dickenson,39,Y,Y,5,MI,High School,Mortgage,Manchester,CT
A00008637,Austin Laxton,42,Y,Y,6,MI,NA,Mortgage,Fayetteville,AR
A00007964,Stephen Taylor,35,Y,Y,2,HI,MD,Mortgage,Berkeley,CA
A00008309,Cori Conti,50,N,Y,3,MI,High School,Mortgage,Fruita,CO
A00006753,Andrew Sampieri,54,N,Y,7,MI,High School,Own,Panama City,FL
A00000103,Lydia Slater,62,Y,Y,2,LI,High School,Own,Essex,VT
A00004495,Juana Croy,56,N,Y,2,MI,Bachelor,Rent,Union City,CA
A00000102,Johnathon Moore,62,Y,Y,5,MI,Masters,Own,Montgomery,AL
A00008564,Richard Law,55,Y,Y,5,HI,Masters,Mortgage,Glendale,AZ
A00002358,Chasity Walters,52,N,Y,3,MI,NA,Mortgage,Berkeley,CA
A00008381,Larry Pope,54,N,Y,4,HI,High School,Mortgage,Panama City,FL
A00002035,Dorothy Pearse,52,Y,N,7,MI,High School,Rent,Vallejo,CA
A00007193,Stephanie Witherspoon,43,Y,Y,2,MI,Masters,Rent,Manchester,CT
A00009754,Ron Loop,42,Y,Y,2,LI,High School,Own,Moore,OK
A00009329,Eric Gaff,40,Y,Y,2,LI,Masters,Rent,Newfane,VT
A00004466,Harold Taylor,61,Y,N,3,LI,MD,Own,Auburn,MA
A00006787,Curtis Watts,44,Y,Y,3,MI,Bachelor,Rent,Anchorage,AK
A00009647,Mae Smith,25,N,Y,3,HI,MD,Own,Louisville,KY
A00003094,Richard Downs,50,Y,Y,2,HI,Bachelor,Rent,Milton,MA
A00002445,Charles Cardwell,39,Y,Y,7,LI,Bachelor,Rent,Sutter Creek,CA
A00007079,Tiffany Rose,59,Y,Y,3,MI,Bachelor,Mortgage,Thunderbolt,GA
A00000686,Mary Jameson,63,Y,Y,5,LI,Bachelor,Mortgage,Proctor,VT
A00003734,Robert Ransom,47,Y,Y,5,MI,Bachelor,Own,Rutland,VT
A00008183,Paul Cantu,43,N,Y,6,MI,High School,Rent,Crofton,MD
A00003833,John Rodriguez,60,N,Y,4,MI,Masters,Mortgage,Belvidere,VT
A00005792,Donya Brooks,60,N,Y,2,LI,Masters,Own,Harrah,OK
A00001101,Kim Hernandez,33,Y,Y,2,MI,High School,Rent,Tewksbury,MA
A00009206,Gilbert Brand,45,Y,Y,5,MI,Bachelor,Own,Goodlettsville,TN
A00008906,Jae Tran,29,Y,Y,5,HI,High School,Own,Louisville,KY
A00001445,Michael Hagen,26,Y,Y,3,LI,Bachelor,Rent,Edgewater,MD
A00000675,Jackie Kerstetter,40,Y,Y,2,MI,Bachelor,Rent,Norman,OK
A00002786,Phyliss Stanley,57,Y,Y,2,HI,Masters,Rent,Annapolis,MD
A00003801,Caroline Lackey,46,Y,Y,2,MI,Bachelor,Rent,Oklahoma City,OK
A00000091,Isabel Lewis,47,Y,Y,7,MI,Bachelor,Rent,Montgomery,AL
A00005885,Glenn Howell,48,N,N,4,MI,College,Rent,Washington,DC
A00009659,Julie Rominger,28,Y,Y,3,HI,Bachelor,Rent,Panama City,FL
A00006833,Kimberly Butler,58,N,Y,5,LI,High School,Own,Williamstown,VT
A00006420,Deidra Wilson,29,Y,N,5,MI,Bachelor,Mortgage,Glen Burnie,MD
A00006124,Christina Aguilar,57,Y,N,6,HI,Bachelor,Rent,Hayward,CA
A00002995,Kathy Hazzard,28,Y,Y,7,MI,Masters,Mortgage,Nashville,TN
A00002060,Paula Ortiz,47,N,N,3,MI,Bachelor,Rent,Washington,DC
A00000840,Phyllis Hammond,45,Y,Y,3,MI,High School,Mortgage,Montgomery,AL
A00007817,Christopher Aquino,40,Y,N,5,MI,PhD,Rent,Laurel,MD
A00001518,Peter Marsh,57,N,N,5,LI,Bachelor,Own,Glendale,AZ
A00004756,William Beal,50,N,Y,3,LI,High School,Rent,Anchorage,AK
A00000537,Damien Gibson,32,Y,Y,6,MI,Bachelor,Mortgage,Moore,OK
A00005387,Nicole Nelson,51,N,Y,7,MI,Masters,Own,Louisville,KY
A00003852,Angel Sicard,30,N,Y,4,MI,High School,Rent,Port Wentworth,GA
A00003656,Carl Cherry,34,Y,Y,2,LI,Bachelor,Rent,Woburn,MA
A00009562,James Williams,54,Y,Y,4,MI,Bachelor,Mortgage,Fayetteville,AR
A00007362,Ronnie Booth,34,N,Y,4,LI,Bachelor,Own,Oklahoma City,OK
A00008696,Christine Wood,64,Y,Y,7,HI,High School,Mortgage,Fremont,CA
A00008468,George Williams,58,Y,Y,5,LI,High School,Rent,Fayetteville,AR
A00001235,Chad Petzold,59,Y,Y,5,LI,Bachelor,Own,Fayetteville,AR
A00007158,Bertha Page,39,Y,Y,7,HI,Masters,Own,Panama City,FL
A00009614,Alphonso Tuggle,44,Y,Y,6,HI,High School,Rent,Nashville,TN
A00002869,James James,26,Y,N,6,LI,Bachelor,Mortgage,Arvada,CO
A00000831,Arlene Durham,43,Y,Y,3,HI,PhD,Own,Farmington,AR
A00003815,Josephine Carhart,39,Y,Y,6,MI,College,Rent,Montgomery,AL
A00000075,Margaret Odonnell,37,Y,Y,6,MI,Masters,Rent,Savannah,GA
A00008631,Jessica Jones,39,Y,Y,6,HI,Bachelor,Mortgage,Manchester,CT
A00007850,John Heyward,34,Y,Y,3,HI,Bachelor,Mortgage,Saint Albans City,VT
A00009367,Bret Richardson,43,Y,Y,3,MI,Masters,Own,Manchester,CT
A00002485,Joe Pajerski,56,N,Y,3,HI,Bachelor,Own,Port Wentworth,GA
A00007589,Jesus Embry,58,N,Y,4,MI,High School,Rent,Nashville,TN
A00004959,Anne Siggins,32,N,N,7,HI,High School,Own,Poultney,VT
A00002510,Kristen Williams,32,Y,Y,7,MI,College,Mortgage,Washington,DC
A00007581,Zachary Brown,62,Y,Y,2,LI,College,Rent,Manchester,CT
A00005489,Sara Ciriaco,57,N,Y,3,HI,Masters,Mortgage,Savannah,GA
A00009683,Francis Bryant,41,Y,Y,2,LI,High School,Rent,Panama City,FL
A00002662,Kimberly Neally,40,N,N,4,MI,Bachelor,Own,Anchorage,AK
A00003683,Barbara Turner,30,Y,N,4,LI,High School,Own,Fayetteville,AR
A00007000,William Wilson,61,N,Y,5,HI,Bachelor,Mortgage,San Leandro,CA
A00000353,John Mckee,49,Y,Y,6,HI,Bachelor,Mortgage,San Leandro,CA
A00008957,Timmy Frank,35,Y,Y,6,LI,Bachelor,Mortgage,San Leandro,CA
A00000887,Dean Sands,50,Y,Y,4,MI,Bachelor,Mortgage,Milford,MA
A00000793,Efren Ferebee,30,Y,Y,5,MI,Bachelor,Own,Crofton,MD
A00001703,John Foster,44,Y,Y,6,LI,High School,Own,Glendale,AZ
A00003100,Eileen Greer,31,Y,Y,4,LI,Bachelor,Mortgage,Washington,DC
A00006711,Patricia Besse,56,Y,Y,4,HI,College,Own,Oakland,CA
A00005343,Doris Sparling,39,Y,Y,6,MI,MD,Mortgage,Arvada,CO
A00008539,Cheryl Pickens,30,Y,N,2,HI,Masters,Own,Panama City,FL
A00009161,Crystal Jones,32,Y,N,4,MI,Bachelor,Rent,Pittsfield,MA
A00008735,Ernest Sicilian,63,Y,Y,4,MI,Bachelor,Mortgage,Nashville,TN
A00009981,Mark Thurgood,55,Y,Y,6,MI,Bachelor,Rent,Nashville,TN
A00008067,Cornelius Johnson,50,N,Y,4,LI,Masters,Rent,Fayetteville,AR
A00002944,Raymond Greenhouse,43,Y,Y,4,HI,Bachelor,Mortgage,Savannah,GA
A00005910,Dolly Chacon,62,Y,Y,2,MI,Bachelor,Rent,Manchester,CT
A00006075,Gary Borkowski,42,Y,Y,2,HI,High School,Own,Louisville,KY
A00002317,Judith Pettit,49,Y,Y,4,HI,MD,Rent,Montgomery,AL
A00002185,Jeffrey Flores,30,Y,Y,7,MI,High School,Rent,Williamstown,VT
A00006639,Karen Maddox,47,N,Y,5,LI,Bachelor,Rent,Prospect,KY
A00004428,Troy Fillmore,41,Y,Y,7,LI,NA,Mortgage,San Lorenzo,CA
A00008066,Anthony Haddad,29,N,Y,3,HI,Bachelor,Own,Severna Park,MD
A00008988,Dorothy Session,37,Y,Y,5,LI,High School,Rent,Savannah,GA
A00003290,Aaron White,41,Y,Y,6,HI,PhD,Rent,Manchester,CT
A00009819,Marion Rideout,29,Y,Y,7,LI,Bachelor,Own,Manchester,CT
A00001030,Rochelle Pratt,44,N,Y,7,HI,Bachelor,Mortgage,Arvada,CO
A00008821,Mandi West,43,N,Y,4,LI,Bachelor,Own,Annapolis,MD
A00007154,Rosalie Weems,50,Y,Y,4,MI,Bachelor,Own,Millersville,MD
A00000417,Donna Craig,45,Y,Y,2,MI,Bachelor,Rent,Glendale,AZ
A00002371,Shirley Rodriguez,29,Y,Y,4,HI,Bachelor,Rent,Washington,DC
A00004786,Carlos Simpson,47,Y,Y,4,MI,Bachelor,Rent,Fayetteville,AR
A00007304,Vincent Erickson,25,Y,Y,7,HI,High School,Mortgage,Panama City,FL
A00004883,Laura Daugherty,29,Y,Y,4,HI,Bachelor,Own,Louisville,KY
A00001370,Patrica Norris,62,N,Y,6,HI,Masters,Mortgage,Savannah,GA
A00007205,James Lee,44,N,Y,4,HI,MD,Rent,Louisville,KY
A00005286,Matthew Depaul,35,Y,Y,6,MI,NA,Mortgage,Anchorage,AK
A00003777,Kevin Vannote,40,Y,Y,3,HI,Bachelor,Own,Manchester,CT
A00006301,Louis Harian,52,N,Y,2,MI,Bachelor,Mortgage,Montgomery,AL
A00005275,Stanley Jones,55,Y,Y,4,LI,College,Rent,Fayetteville,AR
A00003379,Sandra Walsh,51,N,N,5,MI,Bachelor,Rent,Washington,DC
A00002434,Philip Kime,49,Y,Y,7,LI,Masters,Mortgage,Panama City,FL
A00001601,Jim Feliciano,61,N,Y,5,MI,Bachelor,Rent,Fayetteville,AR
A00008733,April Moses,35,N,Y,7,MI,High School,Mortgage,Cupertino,CA
A00000141,Ryan Williams,47,Y,Y,3,LI,High School,Own,Berkeley,CA
A00000780,Mitchell Wise,62,Y,Y,5,HI,Masters,Own,Berkeley,CA
A00007790,Doris Sonoda,53,Y,Y,6,MI,Masters,Mortgage,Louisville,KY
A00005578,Emile Hughes,41,Y,Y,3,LI,College,Mortgage,Louisville,KY
A00000181,Amy Hatt,42,Y,Y,2,MI,Masters,Rent,Linda,CA
A00002156,Christa Moffitt,47,Y,Y,5,LI,College,Own,Marblehead,MA
A00009662,Dorothy Wallace,63,Y,Y,6,HI,Bachelor,Mortgage,Telluride,CO
A00003079,James Seumanu,46,Y,Y,7,MI,Bachelor,Own,Fountain,FL
A00002219,Ryan Hewes,29,Y,Y,2,MI,College,Mortgage,Anchorage,AK
A00005402,Selma Cirilo,42,Y,Y,7,MI,NA,Rent,Manchester,CT
A00002741,James Kinser,26,Y,Y,2,MI,Bachelor,Mortgage,Norman,OK
A00007980,Manuel Robb,54,N,Y,5,MI,High School,Mortgage,Arnold,MD
A00005024,Mary Rucker,37,Y,Y,4,HI,Bachelor,Rent,Washington,DC
A00003463,Judith Faust,30,N,Y,7,MI,Bachelor,Mortgage,Glen Burnie,MD
A00001110,Lynn Porter,35,Y,Y,2,MI,NA,Rent,Savannah,GA
A00009933,Donnie Cozart,30,Y,Y,7,MI,High School,Rent,Glendale,AZ
A00005103,Bess Jones,52,N,Y,5,MI,Bachelor,Rent,Montgomery,AL
A00008349,Ronald Hillman,59,Y,N,4,LI,College,Mortgage,Farmington,AR
A00000907,Hazel Mitchell,45,Y,Y,2,HI,High School,Rent,Savannah,GA
A00002736,Myrtle Robinson,46,N,N,7,MI,High School,Own,Arvada,CO
A00002454,Patricia Kelley,63,Y,Y,5,MI,Bachelor,Rent,Greeley,CO
A00007400,Bryan Kyser,52,Y,N,2,MI,Bachelor,Own,Blue Lake,CA
A00009567,Rene Higgenbotham,37,N,Y,7,HI,High School,Own,O'Neals,CA
A00002259,Randy Meier,38,N,Y,3,MI,High School,Mortgage,Arvada,CO
A00008997,Winston White,31,Y,Y,3,MI,Masters,Mortgage,Anchorage,AK
A00005401,Clarine Claycomb,41,Y,N,2,LI,Bachelor,Mortgage,Severn,MD
A00002141,Julie Deschamps,47,Y,Y,3,MI,Masters,Mortgage,Oklahoma City,OK
A00008509,Charles Mitchell,36,Y,Y,6,MI,Bachelor,Mortgage,Nashville,TN
A00004167,Julia Boulos,58,N,N,4,HI,NA,Mortgage,Fayetteville,AR
A00006599,Sandra Bodine,55,Y,N,4,LI,Bachelor,Rent,Holden,MA
A00004864,Melissa Tomasi,31,Y,Y,3,LI,Bachelor,Mortgage,Bloomingdale,GA
A00004010,Rachel Baisch,56,N,N,3,MI,Bachelor,Mortgage,Oakland,CA
A00003618,Chandra Tudela,26,Y,Y,7,LI,MD,Mortgage,Oklahoma City,OK
A00005551,Darla Mccoy,48,Y,Y,2,MI,High School,Mortgage,Fayetteville,AR
A00002594,Cherise Lewis,60,N,Y,6,MI,Bachelor,Own,Beverly,MA
A00004875,Jeffrey Hill,25,Y,Y,3,MI,High School,Own,Nashville,TN
A00003737,Alison Calvert,49,N,Y,7,MI,High School,Mortgage,Nashville,TN
A00009113,Rosalyn Taylor,48,Y,Y,2,LI,Bachelor,Rent,Fayetteville,AR
A00003490,Edith Flores,45,Y,N,4,HI,Masters,Rent,Manchester,CT
A00005012,Charles Cooper,46,Y,Y,2,HI,PhD,Own,Manchester,CT
A00006793,Linda Dobson,50,Y,Y,3,HI,Bachelor,Mortgage,Montgomery,AL
A00000742,Sang Anderson,29,N,Y,6,LI,Masters,Mortgage,Nashville,TN
A00002107,Herman Gipe,39,Y,Y,7,LI,Bachelor,Mortgage,Fresno,CA
A00000300,Paulette Byrne,35,Y,Y,3,HI,High School,Mortgage,Orange,CA
A00005428,Marilyn Berkowitz,32,Y,Y,6,LI,Bachelor,Own,Quincy,MA
A00006552,Doug Prevost,36,Y,Y,5,LI,High School,Mortgage,Saint Johnsbury,VT
A00004735,Faith Mackinnon,61,Y,Y,3,HI,High School,Rent,Oklahoma City,OK
A00005846,Sandra Turner,32,N,Y,6,MI,High School,Mortgage,Paso Robles,CA
A00009976,Patricia Custer,63,Y,Y,3,MI,Bachelor,Rent,Montgomery,AL
A00004101,Donald Keil,62,Y,Y,6,MI,Bachelor,Mortgage,San Leandro,CA
A00008403,Cathy Aubert,26,Y,Y,7,HI,MD,Rent,Washington,DC
A00005218,Sandra Laster,61,N,N,2,LI,NA,Mortgage,Fayetteville,AR
A00007281,Dorothy Santiago,55,Y,Y,6,HI,Bachelor,Mortgage,Montgomery,AL
A00006172,Bradley Rivera,32,Y,Y,5,MI,Bachelor,Mortgage,Panama City,FL
A00006519,Phyllis Vivier,36,Y,Y,4,LI,Bachelor,Mortgage,Montgomery,AL
A00001904,Francis Corey,28,Y,Y,2,HI,Bachelor,Own,Oklahoma City,OK
A00000025,Tammy Turner,61,N,Y,7,LI,High School,Mortgage,Arvada,CO
A00002501,Daphne Johnson,36,Y,Y,5,HI,High School,Rent,Fayetteville,AR
A00009737,Beatrice Johnson,42,Y,Y,3,HI,Bachelor,Own,Alburgh,VT
A00007337,Walter Freeman,48,Y,Y,7,HI,Bachelor,Own,Bakersfield,CA
A00000732,Tom Cohen,40,N,Y,2,LI,High School,Rent,Panama City Beach,FL
A00001950,Ramona Carrion,46,Y,Y,5,MI,NA,Own,Nashville,TN
A00008844,Evelyn Lawson,51,N,Y,5,LI,NA,Mortgage,Savannah,GA
A00003015,Luis Lichtenfeld,32,Y,Y,4,MI,Masters,Mortgage,Washington,DC
A00000673,Ryan George,37,Y,Y,2,MI,College,Mortgage,Hinesburg,VT
A00001774,Michele Longmire,33,Y,Y,5,MI,Bachelor,Mortgage,Agawam,MA
A00001434,James Thompson,64,Y,Y,6,MI,High School,Own,Wolcott,VT
A00007488,Helene Davis,52,Y,Y,2,LI,Bachelor,Mortgage,Panama City,FL
A00002997,Norman Sutton,42,Y,Y,3,LI,PhD,Mortgage,Montgomery,AL
A00000403,Andrea Nelson,58,Y,Y,6,MI,Bachelor,Own,Orange,CA
A00006177,Jeremy Thompson,48,N,N,4,LI,Bachelor,Rent,Panama City,FL
A00009861,Eduardo Coleman,27,Y,Y,6,HI,MD,Rent,Glendale,AZ
A00000628,Elizabeth Brandt,59,N,Y,4,MI,PhD,Own,Savannah,GA
A00007819,Fannie Wagner,63,N,Y,2,MI,High School,Rent,Anchorage,AK
A00002609,Donna Saville,32,Y,Y,2,LI,High School,Rent,Severn,MD
A00003010,Steve Dieter,32,Y,Y,6,MI,College,Own,Fayetteville,AR
A00000350,Amber Marguez,50,Y,Y,2,MI,Bachelor,Mortgage,Nashville,TN
A00009390,Sharon Lawrence,46,Y,Y,2,LI,Bachelor,Mortgage,Union City,CA
A00003778,Keith Lebrun,25,N,Y,2,MI,PhD,Mortgage,Arnold,MD
A00008165,Veronica Askew,29,Y,Y,5,HI,Bachelor,Own,Louisville,KY
A00002759,Tony Senz,53,Y,N,5,MI,High School,Own,Mammoth Lakes,CA
A00007274,Nicole Gobert,61,Y,Y,2,HI,Bachelor,Rent,Glendale,AZ
A00002907,Meghan Jones,30,N,Y,4,LI,Bachelor,Mortgage,Fayetteville,AR
A00005836,Barbara Rinehart,30,Y,N,7,LI,High School,Mortgage,Louisville,KY
A00004830,Susan Slocum,52,Y,Y,4,HI,Bachelor,Own,Brookline,MA
A00000947,Marie Red,28,Y,Y,7,HI,Masters,Mortgage,Washington,DC
A00001152,Carla Guerrera,31,Y,Y,2,HI,Masters,Mortgage,Fairlee,VT
A00006739,Myrtis Steen,36,Y,Y,5,HI,Masters,Own,Washington,DC
A00008945,Reginald Childers,43,Y,Y,7,HI,Bachelor,Rent,Savannah,GA
A00003136,Carmel Lee,62,Y,Y,3,LI,High School,Rent,Manchester,CT
A00009159,Tony Marta,53,Y,Y,5,LI,Bachelor,Rent,Panama City,FL
A00005250,Dana Snodgrass,62,Y,Y,2,LI,Masters,Rent,Louisville,KY
A00004490,Kevin Cain,32,Y,Y,3,LI,Bachelor,Mortgage,Hayward,CA
A00008089,Mary Oyler,34,Y,Y,6,HI,Bachelor,Mortgage,Savannah,GA
A00000191,Deborah Granger,59,N,Y,2,HI,Bachelor,Rent,Fayetteville,AR
A00008919,Kathy Keyser,61,Y,Y,3,MI,Bachelor,Own,Nashville,TN
A00007825,Frank Lewis,27,N,Y,4,MI,High School,Own,Braintree,MA
A00001569,Carl Rose,55,Y,Y,7,MI,Bachelor,Own,Nashville,TN
A00001353,Darlene Spivey,64,Y,Y,6,HI,Bachelor,Rent,Manchester,CT
A00004861,Ana Bautista,51,N,Y,4,LI,Bachelor,Rent,Arvada,CO
A00005654,Charles West,45,Y,Y,6,LI,High School,Own,Oklahoma City,OK
A00004016,Jesse Tatum,40,N,Y,3,HI,NA,Rent,Newark,CA
A00005497,Lawrence Smith,51,N,Y,4,MI,High School,Mortgage,Litchfield Park,AZ
A00008892,David Hamons,51,Y,N,7,HI,Bachelor,Own,San Leandro,CA
A00006122,Robert Melton,35,N,Y,4,MI,High School,Own,Savannah,GA
A00008785,Violet Bardwell,37,Y,Y,4,LI,NA,Rent,Panama City,FL
A00002850,Kevin Harden,37,Y,Y,6,HI,Bachelor,Own,Louisville,KY
A00004866,Brian Joseph,51,Y,Y,4,LI,High School,Rent,San Leandro,CA
A00004356,Amelia Rhynes,41,Y,Y,2,LI,PhD,Rent,Farmington,AR
A00000396,Craig Marine,49,Y,Y,4,HI,College,Own,Newark,CA
A00005377,Paul Barreto,46,Y,Y,5,HI,PhD,Own,Foxborough,MA
A00003723,Carl Macchiarella,54,Y,Y,2,LI,High School,Rent,Annapolis,MD
A00005237,Ronald Adams,44,N,Y,2,MI,Masters,Own,Anchorage,AK
A00009652,Kenneth Goeltz,41,N,Y,7,HI,Bachelor,Rent,Louisville,KY
A00005814,Hal Simonis,51,Y,Y,3,LI,MD,Mortgage,Manchester,CT
A00005691,Daniel Myrick,44,Y,N,4,MI,PhD,Rent,Nashville,TN
A00007933,Norman Perry,63,N,Y,3,LI,PhD,Rent,Arvada,CO
A00002150,Jessica Lubinski,54,Y,Y,6,MI,High School,Mortgage,Louisville,KY
A00000418,John Gregory,54,Y,Y,3,HI,PhD,Mortgage,Nashville,TN
A00008152,Laurie Smith,37,N,Y,7,MI,High School,Mortgage,Arvada,CO
A00004379,Curtis Griffith,58,N,Y,4,MI,PhD,Own,Farmington,AR
A00000317,Andrew Young,40,Y,Y,6,HI,High School,Own,Nashville,TN
A00000248,Savannah Powers,44,N,Y,4,MI,High School,Rent,Fayetteville,AR
A00002008,Elissa Miller,58,N,Y,4,HI,Masters,Own,Edmond,OK
A00003944,James Whitehead,43,Y,Y,7,MI,High School,Own,Montgomery,AL
A00004078,David Basbas,33,N,Y,3,HI,Bachelor,Mortgage,San Leandro,CA
A00003646,Kyle Smith,60,Y,Y,7,HI,Bachelor,Own,Savannah,GA
A00007710,Marcela Miller,60,Y,Y,3,MI,MD,Own,Arvada,CO
A00009777,Jeanne Bigelow,49,Y,Y,3,HI,High School,Rent,Washington,DC
A00002348,Mario James,57,N,Y,5,LI,MD,Own,Randolph,VT
A00006567,Mary Butts,48,N,N,6,LI,College,Rent,Panama City,FL
A00005744,Alisa Jasper,41,Y,Y,7,MI,Masters,Rent,Greenfield,MA
A00001499,Charles Baker,50,Y,Y,7,HI,Bachelor,Rent,Linda,CA
A00006152,Anita Holloway,54,Y,Y,6,HI,PhD,Own,Oklahoma City,OK
A00006479,Raymond Butcher,61,Y,Y,7,MI,High School,Own,Louisville,KY
A00000234,Rita Jones,46,Y,Y,2,MI,PhD,Own,Fayetteville,AR
A00008012,John Turner,33,Y,N,6,MI,Bachelor,Mortgage,Boulder,CO
A00006558,Peter Bement,49,Y,Y,6,LI,High School,Own,Fremont,CA
A00000596,Belinda Harrison,37,Y,Y,2,HI,Bachelor,Mortgage,,VT
A00004345,Melvin Sirles,36,N,Y,7,HI,High School,Own,Arvada,CO
A00004715,Johanna Hankins,36,N,Y,3,HI,PhD,Own,Louisville,KY
A00006562,Gary Winn,48,Y,N,5,HI,Bachelor,Rent,Savannah,GA
A00000739,Alvin Sigler,49,Y,Y,3,HI,NA,Rent,Nashville,TN
A00001360,Diane Carlisle,29,Y,N,2,MI,PhD,Rent,Springfield,MA
A00009419,Jerry Bulson,48,Y,Y,2,LI,Bachelor,Mortgage,Annapolis,MD
A00000953,Kevin Bentley,50,N,Y,3,MI,High School,Rent,Louisville,KY
A00006243,Donna Wright,36,Y,Y,3,MI,High School,Mortgage,Manchester,CT
A00009723,Wilma Thomas,49,Y,Y,5,HI,High School,Own,Glendale,AZ
A00004576,Ernest Green,34,N,Y,7,LI,Masters,Rent,Washington,DC
A00004348,Joyce Cocklin,26,Y,Y,4,MI,PhD,Mortgage,Hayward,CA
A00009602,Anna Hawk,62,N,Y,2,LI,MD,Rent,Crofton,MD
A00009992,Stacy Tucker,39,Y,Y,3,MI,High School,Rent,Newark,CA
A00000311,Connie Larrabee,51,Y,Y,6,MI,Masters,Rent,Louisville,KY
A00000641,Pamela Turner,42,N,Y,2,MI,College,Mortgage,Anchorage,AK
A00008771,Harold Cavazos,28,Y,Y,2,LI,NA,Mortgage,Fayetteville,AR
A00008197,Lindsey Mullen,42,Y,Y,3,MI,Bachelor,Rent,Braintree,MA
A00004842,Josephine Roland,58,N,Y,5,LI,Bachelor,Rent,Linthicum Heights,MD
A00006701,Willie Bow,32,N,Y,3,LI,College,Rent,Arvada,CO
A00003177,Carol Desrochers,59,Y,Y,7,HI,High School,Own,San Leandro,CA
A00001081,Robin Bowie,42,Y,Y,5,HI,Masters,Rent,Montgomery,AL
A00006418,Tommie Salmi,41,Y,Y,4,HI,NA,Own,Quincy,MA
A00005330,Shirley Neal,58,Y,Y,5,HI,Bachelor,Mortgage,Oklahoma City,OK
A00002737,Jeremy Vincent,61,N,Y,2,MI,Bachelor,Mortgage,Montgomery,AL
A00003550,Joseph Brake,54,Y,Y,4,HI,College,Own,Panama City Beach,FL
A00007240,Cheryl Dalton,64,Y,Y,5,MI,Bachelor,Mortgage,Fremont,CA
A00001798,Lawrence Wender,28,N,Y,3,LI,Masters,Mortgage,Fayetteville,AR
A00005443,Robert Greer,58,N,Y,6,MI,Bachelor,Mortgage,Washington,DC
A00008958,Chester Fortier,32,Y,Y,4,HI,Bachelor,Mortgage,Anchorage,AK
A00004343,Leonard Williams,40,N,Y,2,MI,Bachelor,Rent,Montgomery,AL
A00000546,Ruth Mawyer,62,N,Y,6,LI,Bachelor,Own,Montgomery,AL
A00009135,Nathaniel Silvers,43,Y,Y,7,MI,Bachelor,Rent,Panama City,FL
A00005080,Isaac Then,49,Y,Y,4,HI,High School,Rent,Sebastopol,CA
A00007247,Susie Cheatam,61,Y,Y,2,LI,Bachelor,Rent,Washington,DC
A00008737,Christopher George,59,Y,Y,4,MI,Bachelor,Mortgage,Oakland,CA
A00002095,Rex Stromquist,59,Y,Y,3,LI,High School,Mortgage,Manchester,CT
A00009297,Glenn Smith,60,Y,Y,4,MI,Masters,Own,Oklahoma City,OK
A00009392,Brenda Garrett,25,Y,Y,7,MI,Masters,Mortgage,Panama City Beach,FL
A00004036,Mary Kantor,38,Y,Y,5,LI,Bachelor,Rent,Arvada,CO
A00003695,David Wagner,35,N,Y,6,MI,Bachelor,Mortgage,Montgomery,AL
A00003478,Gerald Johns,33,Y,Y,7,HI,PhD,Rent,Fayetteville,AR
A00001946,Donna Pharmer,64,Y,Y,2,HI,Bachelor,Mortgage,Nashville,TN
A00003560,Adele Gregory,26,N,Y,4,MI,High School,Mortgage,Manchester,CT
A00004096,Mary Duncan,29,Y,Y,2,MI,NA,Rent,Oakland,CA
A00009469,Kevin Mitchell,59,Y,Y,5,MI,Bachelor,Rent,Manchester,CT
A00000391,Laura Smith,48,Y,Y,3,MI,Bachelor,Mortgage,Nashville,TN
A00007023,Karla Wilhelm,26,Y,Y,5,HI,Bachelor,Own,Arvada,CO
A00001885,Theresa Goldstein,40,N,Y,2,MI,College,Own,Fayetteville,AR
A00007537,Bruce Taylor,26,N,Y,2,LI,College,Own,Pooler,GA
A00006183,Mark Herring,44,N,Y,2,MI,Bachelor,Rent,Peabody,MA
A00001455,Michael Fontenot,63,Y,Y,3,MI,High School,Rent,Tyndall Air Force Base,FL
A00004368,Alexander Zehr,59,N,Y,2,MI,Bachelor,Rent,Edgewater,MD
A00005627,Seth Patel,45,N,N,2,LI,NA,Own,Louisville,KY
A00001630,Elizabeth Anderson,37,N,Y,7,HI,MD,Rent,Nashville,TN
A00008311,Kelly Joecks,49,N,Y,5,MI,High School,Mortgage,Brimfield,MA
A00008032,Michael Smith,25,Y,Y,7,HI,Masters,Mortgage,Woodford,VT
A00002299,Ralph Hatch,49,N,Y,6,MI,NA,Own,Nashville,TN
A00002222,Emilia Wininger,29,N,Y,5,MI,MD,Mortgage,Washington,DC
A00009759,Travis Bigelow,53,N,Y,5,MI,High School,Mortgage,Washington,DC
A00006612,Amy Cressey,28,Y,Y,6,MI,High School,Rent,Wheatland,CA
A00003972,Marcia Mcginty,60,N,Y,5,MI,Bachelor,Mortgage,Panama City,FL
A00008287,Ann Hooks,53,N,Y,4,MI,Bachelor,Mortgage,Fayetteville,AR
A00001025,Geneva Sorenson,44,Y,Y,3,MI,Masters,Rent,Panama City,FL
A00008155,Stephanie Rhodes,31,Y,Y,7,MI,High School,Rent,Louisville,KY
A00001103,Juan Ketchum,29,N,Y,6,MI,College,Own,Fremont,CA
A00003900,Jim Thomas,32,Y,Y,6,MI,High School,Rent,San Jose,CA
A00001397,Lynette Provost,56,N,Y,6,LI,NA,Own,Cupertino,CA
A00000765,Justin Kincade,58,N,Y,5,LI,High School,Own,Nashville,TN
A00009132,Richard Porterfield,33,Y,Y,3,HI,Masters,Own,Glendale,AZ
A00001651,Wayne Birdwell,34,N,Y,2,HI,Bachelor,Mortgage,Glendale,AZ
A00001321,Tonya Davis,27,Y,Y,7,MI,Bachelor,Mortgage,Montgomery,AL
A00007078,Patrick Thorne,36,Y,Y,4,MI,High School,Mortgage,Panama City Beach,FL
A00002157,Elizabeth Dunne,43,N,Y,6,MI,Bachelor,Own,Arvada,CO
A00006559,Stephen Fontenot,58,N,Y,5,HI,Bachelor,Mortgage,Manchester,CT
A00004608,Raymond Paradis,43,N,Y,7,LI,Masters,Mortgage,Louisville,KY
A00005844,Jeanette Garcia,47,N,Y,7,MI,Bachelor,Rent,Montgomery,AL
A00008289,Denis Collins,25,Y,Y,5,HI,Bachelor,Mortgage,Annapolis,MD
A00008064,Brittany Kelso,31,N,Y,2,MI,Bachelor,Rent,Goodlettsville,TN
A00006624,Charles Timmons,53,Y,Y,5,HI,High School,Own,Holbrook,MA
A00004105,Felipe Zurawski,33,N,Y,6,HI,Bachelor,Mortgage,South Burlington,VT
A00001618,Emanuel Wangberg,31,Y,Y,7,HI,High School,Mortgage,Newark,CA
A00001835,Sarita Iles,58,Y,Y,6,HI,Bachelor,Rent,Glendale,AZ
A00008353,Beatriz Poole,40,Y,Y,3,MI,Bachelor,Rent,Montgomery,AL
A00003829,Donald Keller,26,Y,Y,5,LI,NA,Rent,Tampa,FL
A00008466,Ruth Houston,44,Y,N,2,HI,High School,Mortgage,Groton,CT
A00003314,Glenn Luer,51,Y,Y,5,HI,Bachelor,Rent,Fremont,CA
A00001888,Tyler Alvarez,27,Y,Y,2,HI,High School,Own,Glendale,AZ
A00009789,Christopher Williams,28,Y,Y,3,MI,MD,Rent,Lawrence,MA
A00008142,Annette Clark,49,N,Y,3,MI,Bachelor,Rent,Peabody,MA
A00002862,Lisa Tew,50,N,Y,7,HI,College,Own,Arvada,CO
A00003808,Robert Zick,35,N,Y,4,LI,Bachelor,Mortgage,Glendale,AZ
A00001623,Gladys Flynn,60,Y,Y,5,MI,Masters,Mortgage,Williston,VT
A00003775,Dale Johnson,37,N,N,3,MI,High School,Mortgage,Glendale,AZ
A00005619,Christopher Guerrero,54,Y,Y,6,MI,Bachelor,Rent,Glendale,AZ
A00006779,Cassandra Freeman,47,Y,Y,7,MI,Bachelor,Own,Milton,MA
A00000008,Suzanne Dockstader,28,Y,Y,5,MI,Bachelor,Mortgage,New Bedford,MA
A00002629,Jonathan Minnich,33,Y,Y,3,MI,Bachelor,Rent,Hanover,MD
A00003052,Winston Neely,27,Y,Y,4,MI,Bachelor,Mortgage,Louisville,KY
A00004137,Joshua Laux,45,Y,Y,2,MI,Masters,Own,Bloomingdale,GA
A00001368,George Aucoin,45,N,N,2,MI,High School,Mortgage,Louisville,KY
A00008700,Marjorie Mclean,59,Y,Y,3,LI,Bachelor,Own,Essex,VT
A00007348,James Klan,37,Y,Y,5,LI,College,Mortgage,Panama City,FL
A00008522,Christopher Dotson,32,Y,Y,2,HI,Bachelor,Mortgage,Louisville,KY
A00001236,Arturo Robinson,28,N,Y,6,MI,High School,Mortgage,Glendale,AZ
A00005810,Matthew Bell,52,Y,Y,7,MI,Bachelor,Rent,Anchorage,AK
A00005569,Robert Cline,55,Y,Y,5,MI,Masters,Mortgage,Fayetteville,AR
A00006509,Stephanie Aupperle,62,N,Y,2,MI,College,Rent,Midwest City,OK
A00005899,Clara Walsh,40,Y,Y,7,MI,Masters,Rent,Odenton,MD
A00000514,Sandra Reed,58,N,Y,4,HI,College,Mortgage,Fort Collins,CO
A00007594,Fred Lennard,38,N,Y,5,HI,High School,Own,Louisville,KY
A00007473,Tonya Agee,26,Y,Y,6,LI,Bachelor,Mortgage,Redding,CA
A00002368,Maureen Day,46,Y,Y,6,MI,Bachelor,Own,Oklahoma City,OK
A00001844,Charles Smith,55,Y,Y,7,MI,Bachelor,Rent,Anchorage,AK
A00008814,Sarah Moscato,51,Y,N,3,LI,College,Mortgage,Washington,DC
A00000610,Richard Arredondo,35,Y,Y,3,MI,Bachelor,Own,Wheat Ridge,CO
A00005723,Jon Smith,43,Y,Y,4,HI,MD,Own,Annapolis,MD
A00006440,Kenneth Orwig,50,N,Y,6,MI,High School,Mortgage,Panama City,FL
A00006637,Nellie Sheppard,25,N,Y,3,MI,Bachelor,Own,Calhoun,GA
A00000027,Carla Spilde,45,N,Y,4,HI,Bachelor,Rent,Montgomery,AL
A00004760,Cheryl Roback,49,Y,Y,2,MI,High School,Rent,Savannah,GA
A00008968,William Wilson,38,Y,Y,4,MI,Masters,Rent,Arvada,CO
A00004625,Jerry Daniels,64,Y,N,4,HI,PhD,Mortgage,Davidsonville,MD
A00002991,James Leddy,60,N,Y,6,HI,High School,Rent,Montgomery,AL
A00002392,Ronald Andersen,54,Y,Y,6,MI,High School,Rent,Glendale,AZ
A00001859,Anne Abell,51,Y,Y,5,MI,High School,Mortgage,Louisville,KY
A00000996,Willa Opunui,41,Y,Y,7,LI,College,Mortgage,Washington,DC
A00008565,Joanne Singh,46,Y,Y,3,LI,Bachelor,Mortgage,Walpole,MA
A00009573,Callie Terkelsen,33,Y,Y,6,MI,College,Own,Riva,MD
A00008616,Amanda Auld,59,Y,Y,4,MI,High School,Mortgage,Manchester,CT
A00003904,Martha Bellinger,63,N,Y,5,LI,College,Rent,Mexico Beach,FL
A00000100,Ashley Martin,25,Y,Y,3,LI,High School,Rent,Arvada,CO
A00006053,Scotty Baumann,49,Y,Y,7,MI,Bachelor,Rent,Montgomery,AL
A00002851,Christian Rabe,63,Y,Y,6,LI,NA,Mortgage,Anchorage,AK
A00003498,John Manzanarez,56,Y,Y,2,MI,Bachelor,Rent,Louisville,KY
A00006890,Julia Shults,35,Y,Y,7,MI,Masters,Rent,Washington,DC
A00003280,Alejandro Williams,43,Y,Y,4,MI,PhD,Own,Montgomery,AL
A00005859,Nicole Krause,46,Y,Y,6,HI,Bachelor,Mortgage,Manchester,CT
A00007549,Rick Gauss,61,N,Y,3,MI,Bachelor,Own,Panama City Beach,FL
A00008862,Floyd Pearson,54,Y,Y,4,MI,MD,Mortgage,Oklahoma City,OK
A00006214,Cathy Clegg,60,Y,Y,3,MI,Bachelor,Rent,Louisville,KY
A00005778,Frederick Jones,55,N,Y,4,LI,Bachelor,Rent,Savannah,GA
A00005596,Dottie King,38,Y,Y,5,LI,Bachelor,Own,Ardmore,OK
A00000330,Dustin Cabrera,41,Y,Y,4,LI,High School,Mortgage,Pooler,GA
A00004400,Duane Defosses,36,Y,N,7,LI,High School,Mortgage,Litchfield Park,AZ
A00006863,Peter Marrufo,33,Y,Y,2,MI,Bachelor,Mortgage,Fayetteville,AR
A00006613,Donald Chiquito,30,Y,Y,4,MI,Bachelor,Own,Washington,DC
A00000038,Frank Calderon,56,Y,Y,4,MI,NA,Rent,Nashville,TN
A00001898,Barbara Russo,63,N,Y,3,MI,High School,Rent,Holyoke,MA
A00008961,James Thompson,63,Y,N,6,MI,Bachelor,Rent,Edmond,OK
A00007684,Ramona Brandt,54,Y,Y,4,LI,PhD,Own,Nashville,TN
A00009251,Mary Seman,50,Y,Y,3,LI,Bachelor,Rent,Berkeley,CA
A00009549,Sharon Wright,32,Y,Y,7,HI,Bachelor,Rent,Louisville,KY
A00001493,George Cothran,60,Y,Y,3,MI,Masters,Rent,Fayetteville,AR
A00000452,John Wright,29,Y,Y,6,MI,Bachelor,Own,Panama City,FL
A00009578,Becky Meza,37,Y,Y,4,HI,Bachelor,Rent,Windsor,VT
A00005620,Luz Vance,25,N,Y,7,LI,Bachelor,Own,Panama City,FL
A00002734,Ami Wells,56,N,Y,5,LI,Bachelor,Own,Montgomery,AL
A00002423,Darryl Gandy,41,Y,Y,4,HI,Bachelor,Rent,Glendale,AZ
A00006709,Jason Collier,27,Y,Y,6,MI,High School,Mortgage,Anchorage,AK
A00000504,John Holbach,60,N,Y,4,MI,Bachelor,Own,Manchester,CT
A00001157,Erin Willie,28,N,Y,2,MI,Bachelor,Mortgage,Washington,DC
A00002331,Ruth Reamy,58,N,Y,3,LI,Bachelor,Own,Manchester,CT
A00001874,Dennis Spurlock,43,Y,Y,7,MI,College,Rent,Crownsville,MD
A00007920,Jan Mcentire,38,Y,N,6,MI,Bachelor,Rent,Peoria,AZ
A00001524,Ralph Bolden,28,Y,Y,5,MI,High School,Mortgage,Chester,VT
A00002431,Flora Scipioni,48,Y,Y,2,LI,Masters,Rent,Hubbardston,MA
A00008148,William Clifton,33,Y,Y,4,MI,Bachelor,Mortgage,Nashville,TN
A00001695,Denise Hayes,56,Y,Y,4,MI,High School,Rent,Manchester,CT
A00004051,Lester Tanaka,59,Y,Y,3,MI,Masters,Rent,Lynn Haven,FL
A00002823,Irene Kimmes,36,Y,Y,2,LI,High School,Own,Arvada,CO
A00004935,Gary Thomas,49,N,Y,7,MI,Bachelor,Rent,Agawam,MA
A00001761,Ryann Cauterucci,25,Y,Y,7,MI,NA,Own,Louisville,KY
A00008082,Alan Hernandez,56,Y,Y,2,LI,Bachelor,Own,Montgomery,AL
A00004207,Carmen Grisham,55,Y,N,2,HI,Bachelor,Mortgage,Groton,VT
A00008877,Nancy Edwards,57,Y,Y,7,HI,NA,Own,Savannah,GA
A00008665,Sarah Chadwick,45,Y,Y,3,LI,High School,Own,Bethany,OK
A00001051,Dale Sweeney,25,Y,Y,2,MI,College,Rent,Oklahoma City,OK
A00008474,Gerald Davila,55,Y,Y,3,MI,Bachelor,Mortgage,Manchester,CT
A00005974,Kim Hughes,52,Y,Y,7,MI,High School,Mortgage,Manchester,CT
A00009036,Lisa Everts,48,Y,Y,2,MI,Bachelor,Rent,South Burlington,VT
A00009259,Velva Taylor,56,Y,Y,3,MI,Bachelor,Mortgage,Redding,CA
A00003738,Michael Howard,41,N,Y,2,MI,High School,Mortgage,Anchorage,AK
A00007951,Ruth Strate,27,Y,Y,6,HI,Bachelor,Rent,Arvada,CO
A00007779,Gregory Taylor,30,Y,Y,5,LI,PhD,Rent,Manchester,CT
A00009787,Robert Mitchelle,42,Y,Y,5,LI,College,Rent,Manchester,CT
A00009836,Carol Elliott,30,N,Y,7,LI,High School,Rent,Savannah,GA
A00004791,Shauna Lincoln,33,Y,Y,5,MI,Bachelor,Rent,Glendale,AZ
A00005961,Robbie Alfano,48,Y,Y,2,LI,Bachelor,Mortgage,Louisville,KY
A00005556,Erica Rasmussen,33,Y,Y,6,HI,High School,Rent,Montgomery,AL
A00001383,Harry Alexander,59,Y,Y,2,LI,MD,Own,Fremont,CA
A00006452,Brooks Coughlin,49,N,Y,6,HI,Bachelor,Rent,Washington,DC
A00001745,Stefanie Pina,33,N,Y,6,LI,High School,Rent,Montgomery,AL
A00001637,Elizabeth Rodriguez,45,Y,N,2,LI,Bachelor,Own,Cambridge,MA
A00007255,Russell Stclair,51,Y,N,6,HI,Bachelor,Rent,Alburgh,VT
A00002266,Jack Bren,32,Y,Y,3,LI,Bachelor,Rent,Louisville,KY
A00008956,Eva Ledesma,42,Y,Y,2,LI,College,Mortgage,Oklahoma City,OK
A00007189,Jean Lapoint,30,Y,Y,3,HI,Bachelor,Mortgage,Castro Valley,CA
A00008712,Steven Roberts,57,N,Y,5,LI,Bachelor,Rent,Fayetteville,AR
A00008652,Gordon Davis,38,N,Y,4,MI,Bachelor,Rent,Arvada,CO
A00007517,Randall Baker,64,N,Y,5,MI,Bachelor,Own,Montgomery,AL
A00005017,Jacqueline Castillo,35,Y,Y,4,LI,Masters,Own,Montgomery,AL
A00009763,Sabrina Mara,62,N,Y,4,LI,MD,Rent,Manchester,CT
A00005533,Joseph Henderson,47,Y,Y,6,MI,Bachelor,Rent,Fayetteville,AR
A00009090,Allison Miller,56,Y,Y,2,MI,High School,Mortgage,Anchorage,AK
A00001369,John Jeansonne,45,Y,N,7,LI,High School,Mortgage,Louisville,KY
A00005541,Dennis Collier,64,Y,Y,3,MI,MD,Own,Louisville,KY
A00001978,Marjorie Layman,48,Y,N,6,MI,Masters,Own,Pasadena,MD
A00007648,Micah Quezada,40,Y,Y,6,MI,Masters,Mortgage,Savannah,GA
A00004966,Mary Hartman,57,Y,Y,7,HI,College,Own,Barre,VT
A00004106,Brian Morison,56,N,Y,7,HI,Bachelor,Mortgage,Louisville,KY
A00003236,Lidia Hernandez,44,Y,Y,7,MI,High School,Own,Tampa,FL
A00005458,Marie Hughes,43,Y,Y,3,LI,Masters,Own,Oklahoma City,OK
A00007508,Daniel Jones,27,Y,Y,4,LI,Bachelor,Rent,Montgomery,AL
A00002067,Irvin Hooker,46,Y,Y,7,HI,Bachelor,Mortgage,Panama City,FL
A00009155,Kathi Mitchell,57,N,Y,2,HI,College,Rent,Springfield,MA
A00003582,Bobby Ard,42,Y,Y,7,LI,College,Rent,Louisville,KY
A00004931,James Englert,33,N,Y,3,HI,College,Rent,Anchorage,AK
A00004840,Charlotte Hayes,60,N,Y,3,LI,High School,Rent,Nashville,TN
A00003299,Spencer Stewart,29,Y,Y,5,MI,High School,Rent,Arvada,CO
A00003273,Maurita Thomas,35,Y,Y,7,HI,Bachelor,Own,Hayward,CA
A00001312,Frank Reeser,43,Y,Y,7,HI,Bachelor,Own,Arvada,CO
A00003082,Gerald Mcalpine,38,N,N,3,HI,Bachelor,Own,Nashville,TN
A00000875,Jonathan Hurley,37,Y,Y,5,LI,MD,Rent,Oklahoma City,OK
A00001872,Robin Crawford,49,Y,Y,4,LI,Bachelor,Rent,Moore,OK
A00007239,Jennifer Wardwell,47,Y,Y,4,LI,Bachelor,Own,Louisville,KY
A00007120,Kelli Stanton,40,N,Y,2,MI,Masters,Mortgage,Pueblo,CO
A00009082,Carl Dunn,36,Y,Y,3,LI,College,Own,Glendale,AZ
A00000513,Jessica Ecker,48,Y,Y,2,LI,MD,Mortgage,Louisville,KY
A00009884,Barbara Williams,37,Y,Y,7,MI,High School,Rent,San Diego,CA
A00001462,Dorothy Nalley,26,N,Y,6,MI,Bachelor,Rent,Sacramento,CA
A00006286,Charles Wadley,39,Y,Y,4,HI,Masters,Mortgage,Orange,CA
A00009661,Robert Flores,60,N,N,5,MI,College,Mortgage,Nashville,TN
A00006668,Kevin Barron,64,Y,Y,5,HI,College,Mortgage,Fayetteville,AR
A00007270,Joan Shapiro,54,Y,Y,6,MI,College,Rent,Anchorage,AK
A00001463,Crystal Flight,55,Y,Y,7,LI,Bachelor,Own,Anchorage,AK
A00003134,Jasmine Manns,42,Y,Y,2,MI,College,Mortgage,Panama City,FL
A00001503,Warren Frink,51,Y,Y,2,LI,Masters,Rent,Oklahoma City,OK
A00001684,Allison Lysiak,56,Y,Y,6,LI,Bachelor,Rent,Severn,MD
A00008488,Shirley Smith,49,Y,Y,4,LI,High School,Own,Oklahoma City,OK
A00008654,James Sutton,49,Y,Y,7,LI,Masters,Mortgage,Nashville,TN
A00006578,Timothy Oneill,52,Y,Y,6,LI,High School,Mortgage,Shaftsbury,VT
A00001259,Steve Loya,36,N,Y,7,HI,Bachelor,Own,Arvada,CO
A00005677,Randy Yates,57,N,Y,2,HI,NA,Mortgage,Manchester,CT
A00006881,Pamela Withers,40,Y,Y,6,MI,Bachelor,Mortgage,Nashville,TN
A00009729,Thelma Henry,47,Y,Y,2,MI,High School,Mortgage,Edmond,OK
A00005579,Carol Gravel,54,Y,Y,5,HI,NA,Own,Alburgh,VT
A00009863,Mary Bowlin,52,N,Y,2,MI,Bachelor,Rent,Louisville,KY
A00001427,Teresa Petitt,51,Y,Y,4,MI,Bachelor,Mortgage,Washington,DC
A00000717,Mickey Myers,56,Y,Y,7,MI,College,Own,Arvada,CO
A00006097,Bill Meyer,27,Y,Y,6,MI,PhD,Own,Anchorage,AK
A00008248,Debbie Valerio,58,Y,Y,4,LI,College,Rent,Montgomery,AL
A00005614,Virginia Nickerson,30,N,Y,6,MI,Masters,Own,Barre,VT
A00008706,Jacinta Suiter,49,Y,Y,2,LI,Bachelor,Own,San Leandro,CA
A00009682,Linda Hearn,30,Y,Y,6,MI,High School,Own,Newfane,VT
A00006312,Brenda Norman,38,N,N,6,HI,NA,Own,Ashland,MA
A00008396,Shirley Pugliese,56,Y,Y,5,LI,Bachelor,Own,Fayetteville,AR
A00007032,Kenneth Currie,35,Y,Y,3,MI,Bachelor,Rent,Oklahoma City,OK
A00002437,Zenaida Norman,54,Y,Y,4,MI,Bachelor,Mortgage,Nashville,TN
A00000020,Richard Durham,57,Y,N,2,MI,High School,Own,Glendale,AZ
A00007722,Heather Casey,57,Y,Y,6,HI,High School,Rent,Montgomery,AL
A00009441,Natasha Coe,44,Y,Y,6,HI,Bachelor,Mortgage,Fall River,MA
A00002976,Richard Paredes,64,Y,Y,3,MI,College,Own,Telluride,CO
A00006944,Rose Hane,52,Y,Y,7,MI,High School,Rent,Washington,DC
A00001278,Jene Willett,64,Y,Y,2,MI,Masters,Own,Fremont,CA
A00005413,Tammie Debose,38,N,Y,6,MI,College,Mortgage,Richford,VT
A00004732,Lazaro Nee,45,Y,Y,2,HI,Bachelor,Rent,Glendale,AZ
A00009109,Oscar Smiley,64,Y,Y,4,MI,Bachelor,Own,Glendale,AZ
A00002020,Nicholas Honokaupu,61,Y,Y,4,HI,PhD,Rent,Montgomery,AL
A00001892,Kristie Garcia,31,Y,Y,7,LI,College,Own,Manchester,CT
A00003854,Dean Barton,56,Y,Y,3,MI,High School,Own,Panama City Beach,FL
A00004995,Diane Mcchristian,50,Y,Y,3,HI,Bachelor,Own,Washington,DC
A00008449,Michael Ellis,30,Y,Y,7,MI,MD,Rent,Glendale,AZ
A00003278,Keith Bateman,38,N,Y,2,MI,PhD,Mortgage,Panama City Beach,FL
A00002192,David Johnson,61,Y,Y,5,HI,College,Own,Washington,DC
A00000583,Phillip Walker,46,Y,Y,3,MI,Bachelor,Rent,Montgomery,AL
A00005461,Charlene Schnitker,62,Y,N,3,MI,Masters,Mortgage,Montgomery,AL
A00005618,Pablo Mccarthy,42,Y,Y,6,LI,Bachelor,Rent,Annapolis,MD
A00002693,James Dixon,41,Y,Y,4,MI,Bachelor,Rent,Savannah,GA
A00007484,Shari Gransberry,38,N,N,2,LI,Masters,Mortgage,New Bedford,MA
A00003027,Orville Carbone,62,Y,Y,2,LI,Bachelor,Mortgage,Severn,MD
A00002180,Eugene Ditzel,37,Y,Y,6,MI,Bachelor,Rent,Glendale,AZ
A00001587,Doris Koon,31,N,Y,5,MI,Bachelor,Mortgage,Manchester,CT
A00009431,Barbara Vega,32,Y,Y,5,MI,PhD,Rent,Fremont,CA
A00002953,John Clem,46,Y,Y,7,HI,NA,Rent,Hayward,CA
A00007053,Tim Mello,58,N,Y,5,MI,Bachelor,Rent,Arvada,CO
A00003430,William Garcia,36,Y,Y,5,HI,High School,Rent,Arvada,CO
A00008535,Helena Newby,54,Y,Y,2,MI,Bachelor,Mortgage,Arvada,CO
A00003556,Michael Botti,62,Y,Y,4,HI,High School,Rent,Richford,VT
A00002364,Stacie Mcarthur,49,Y,Y,6,MI,Bachelor,Rent,Mountain View,CA
A00008747,Lindsay Sammartino,36,Y,Y,2,MI,College,Own,Fayetteville,AR
A00009663,Ralph Potter,27,N,Y,6,MI,NA,Mortgage,Fairfield,CA
A00007184,Michael Kimball,53,Y,Y,5,MI,Bachelor,Mortgage,Manchester,CT
A00006480,Tonya Nutting,28,Y,Y,7,HI,MD,Mortgage,Manchester,CT
A00006151,Thomas Smith,49,Y,Y,3,LI,MD,Mortgage,Panama City,FL
A00008263,Edyth Hogan,30,N,Y,2,MI,NA,Own,Sebastopol,CA
A00004697,Tammy Pedraza,60,Y,Y,5,MI,PhD,Mortgage,Swanton,VT
A00008001,Timothy Mcknight,28,Y,Y,4,HI,Bachelor,Own,Washington,DC
A00008646,James Polczynski,54,Y,Y,6,LI,High School,Mortgage,Montgomery,AL
A00003895,Ruth Hoskins,59,Y,N,7,MI,NA,Mortgage,Washington,DC
A00000683,Chris Border,63,N,Y,3,MI,Bachelor,Rent,Manchester,CT
A00008307,Heidi Whaley,58,Y,Y,4,LI,MD,Rent,Montgomery,AL
A00009685,Misty Lopez,37,Y,Y,2,LI,Bachelor,Own,Mexico Beach,FL
A00009447,Edna Drakes,49,Y,Y,5,LI,Bachelor,Own,Saint Matthews,KY
A00001382,Melinda Lappin,43,N,Y,3,HI,High School,Mortgage,Hartford,VT
A00008978,Thaddeus Mishar,27,Y,Y,2,MI,Bachelor,Own,Braintree,MA
A00007680,Kathryn Batiste,57,Y,Y,7,LI,College,Rent,Nashville,TN
A00008767,Chad Aiken,33,Y,Y,2,MI,College,Mortgage,Warren,VT
A00000267,Steve Morgan,27,Y,Y,5,HI,Bachelor,Rent,Mammoth Lakes,CA
A00009142,Carrie Garcia,59,Y,Y,3,HI,NA,Own,Fayetteville,AR
A00006036,Timothy Kelso,54,Y,Y,3,MI,High School,Own,Manchester,CT
A00001694,Gwendolyn Bojorquez,48,Y,Y,2,LI,Bachelor,Mortgage,Manchester,CT
A00003375,Elaine Esqueda,45,N,N,6,HI,Bachelor,Own,Washington,DC
A00007395,Angela Hale,39,N,Y,4,LI,College,Mortgage,Kenai,AK
A00002014,Drew Harrison,62,Y,Y,5,LI,Bachelor,Mortgage,Severn,MD
A00002548,Kenneth Wyatt,31,Y,Y,7,LI,Masters,Rent,Anchorage,AK
A00007035,Anastasia Hawk,38,Y,Y,2,MI,High School,Mortgage,Louisville,KY
A00005876,David Scott,52,Y,Y,6,HI,College,Mortgage,Colchester,VT
A00008716,Frank Trudnowski,63,Y,Y,3,MI,College,Mortgage,Pooler,GA
A00001661,Kyle Mcbride,47,Y,Y,6,HI,Bachelor,Rent,Fayetteville,AR
A00007307,Matthew Contreras,33,Y,Y,2,HI,College,Rent,Manchester,CT
A00009918,Lisa Prieto,63,Y,Y,7,MI,NA,Own,Lynn Haven,FL
A00005427,Russell Brogan,40,Y,Y,7,MI,Masters,Own,Litchfield Park,AZ
A00002301,Betty Beasley,60,Y,Y,4,LI,Bachelor,Own,Savannah,GA
A00002312,Warren Davis,54,Y,Y,5,MI,High School,Mortgage,Panama City,FL
A00005408,Carol Keomanivong,62,N,Y,6,MI,Bachelor,Rent,Pike Road,AL
A00001500,Heather Jackson,42,N,Y,6,HI,MD,Mortgage,Edmond,OK
A00009286,Dennis Pugh,30,N,Y,7,HI,College,Rent,Oroville,CA
A00007695,Charlotte Audia,34,Y,N,4,MI,Masters,Rent,Oklahoma City,OK
A00000773,Jasmin Neville,54,Y,Y,3,HI,Bachelor,Mortgage,Montgomery,AL
A00000873,Eric Melear,26,Y,Y,2,MI,High School,Own,Arvada,CO
A00007600,Robert Ramirez,46,Y,Y,3,MI,Bachelor,Mortgage,Lithia,FL
A00009328,Erin Smith,49,Y,Y,6,HI,NA,Rent,Louisville,KY
A00006108,Martha Morris,41,N,Y,2,MI,Bachelor,Rent,Nashville,TN
A00004728,David Goodman,51,N,Y,4,LI,Masters,Rent,Berkeley,CA
A00003291,Andrea Silver,33,Y,Y,7,MI,Masters,Mortgage,Manchester,CT
A00005805,Joe Introini,31,Y,Y,6,HI,Bachelor,Own,,MD
A00007160,Roxann Waters,61,Y,Y,3,HI,Bachelor,Rent,Arvada,CO
A00006417,Lloyd Roberts,40,Y,Y,4,HI,Bachelor,Rent,Savannah,GA
A00005752,Marion Smith,36,N,Y,2,MI,High School,Rent,Washington,DC
A00007146,Edward Menden,56,Y,Y,3,HI,High School,Mortgage,Newfane,VT
A00006821,Krista Brown,57,Y,Y,2,MI,Bachelor,Rent,Panama City Beach,FL
A00001730,Brandon Osmer,53,N,Y,5,HI,College,Rent,Savannah,GA
A00006594,Garnet Williamson,30,Y,Y,4,LI,College,Mortgage,Glendale,AZ
A00009523,Benjamin Wagner,39,Y,Y,6,HI,High School,Own,Severna Park,MD
A00003514,Benjamin Brocklehurst,35,N,Y,5,MI,College,Mortgage,Panama City,FL
A00006378,Ronny Swanson,57,Y,Y,7,LI,Bachelor,Own,Arvada,CO
A00006019,Allan Baumeister,30,Y,Y,6,HI,Bachelor,Mortgage,Fayetteville,AR
A00000526,Minnie Davison,35,Y,Y,2,MI,High School,Mortgage,San Lorenzo,CA
A00004868,Eula Rodriguez,36,N,Y,3,MI,College,Own,Montgomery,AL
A00002053,Collin Benton,54,Y,Y,2,LI,Bachelor,Rent,Washington,DC
A00007591,Robert Sim,60,Y,Y,7,LI,High School,Mortgage,Oklahoma City,OK
A00008321,Carlos Oden,36,N,Y,3,MI,Masters,Mortgage,Glen Burnie,MD
A00001229,Emmanuel Hawley,33,Y,Y,5,MI,Masters,Mortgage,Annapolis,MD
A00003761,Robyn Mays,31,N,Y,6,MI,Bachelor,Rent,Anchorage,AK
A00002203,Anne Dendy,35,Y,Y,2,LI,College,Own,Montgomery,AL
A00002882,Rosita Thomas,35,Y,Y,2,MI,High School,Mortgage,Norman,OK
A00000344,Kyle Smith,32,N,Y,3,MI,PhD,Mortgage,Washington,DC
A00004855,Magaly Smith,61,N,Y,4,MI,NA,Rent,Punta Gorda,FL
A00000944,Gerard Lang,64,Y,Y,7,MI,Masters,Own,Panama City,FL
A00003455,James Glass,40,Y,Y,4,HI,College,Own,Oklahoma City,OK
A00009002,John Viera,63,Y,Y,3,MI,Bachelor,Mortgage,Manchester,CT
A00009197,Miles Mirabella,29,Y,Y,4,LI,Bachelor,Rent,Washington,DC
A00003999,Louella Kurz,26,N,Y,5,HI,Bachelor,Own,Fort Collins,CO
A00003222,Barbara Faust,49,Y,Y,6,HI,Bachelor,Own,Oklahoma City,OK
A00005487,Deborah Smith,26,N,Y,7,LI,High School,Own,Glendale,AZ
A00005407,Rodney Kerr,52,N,Y,2,HI,Masters,Own,Ludlow,VT
A00008339,Pierre Wiley,53,Y,Y,4,LI,Bachelor,Mortgage,Santa Rosa,CA
A00009304,Reynaldo Aguirre,53,Y,Y,3,HI,Masters,Own,Oklahoma City,OK
A00002498,Kelly Mccubbin,59,Y,Y,2,MI,High School,Own,Glendale,AZ
A00006951,Dan Chan,33,Y,Y,5,MI,High School,Rent,Annapolis,MD
A00002071,Emily Gordon,33,Y,Y,3,MI,High School,Rent,Tybee Island,GA
A00002411,Ray Biro,44,Y,Y,5,HI,Bachelor,Own,Savannah,GA
A00006264,Lesley Friel,58,Y,Y,7,MI,Bachelor,Own,Lynn,MA
A00002402,James Smith,63,Y,Y,6,HI,Masters,Own,Fayetteville,AR
A00002105,Doris Roher,40,N,Y,6,HI,Bachelor,Own,Lynn Haven,FL
A00000448,David Alexander,41,N,N,5,LI,High School,Rent,Anchorage,AK
A00006098,Randal Grimshaw,25,Y,Y,3,MI,NA,Mortgage,Holbrook,MA
A00009589,Hazel Littlewood,50,Y,Y,4,HI,High School,Own,Nashville,TN
A00000566,Richard George,49,Y,Y,5,LI,College,Own,Haverhill,MA
A00001818,Ethel Jewett,60,Y,Y,3,HI,Bachelor,Rent,Louisville,KY
A00008812,Kathryn Solomon,28,Y,Y,2,LI,MD,Mortgage,Yarmouth,MA
A00009944,James Mora,64,Y,Y,7,MI,High School,Rent,Manchester,CT
A00000387,Clifford Pina,30,Y,Y,6,HI,Masters,Rent,Washington,DC
A00000061,Lloyd Vaughan,56,Y,Y,6,HI,Bachelor,Own,Fayetteville,AR
A00004501,Genevieve Taylor,41,Y,Y,5,HI,MD,Mortgage,Savannah,GA
A00004322,Angel Frazier,59,Y,N,7,MI,NA,Mortgage,Savannah,GA
A00006595,Lynn Diaz,49,N,Y,5,MI,MD,Own,Anchorage,AK
A00002430,Ronald Roddy,29,Y,Y,4,LI,Bachelor,Rent,Glendale,AZ
A00008787,Tracy Taylor,53,N,Y,4,MI,Bachelor,Rent,Oakland,CA
A00004661,Bernard Pinette,25,N,Y,4,LI,MD,Own,West Sacramento,CA
A00008024,Elizabeth Pyle,41,Y,Y,5,MI,Bachelor,Own,Calera,AL
A00003783,Margaret Paulson,51,Y,Y,7,HI,Bachelor,Rent,Montgomery,AL
A00001588,Jesse Thompson,30,Y,N,7,HI,NA,Rent,Nashville,TN
A00006026,Tony Donatich,34,Y,Y,7,MI,Bachelor,Mortgage,Nashville,TN
A00008213,Shannon Heft,48,N,Y,3,MI,Bachelor,Rent,Anchorage,AK
A00006468,Nathaniel Grace,38,Y,Y,6,LI,High School,Rent,Arvada,CO
A00006728,Peter Paget,52,N,Y,3,MI,MD,Mortgage,Oklahoma City,OK
A00005881,Loretta Storey,61,N,Y,6,LI,High School,Own,Savannah,GA
A00004248,Timothy Kirchausen,48,Y,N,4,MI,PhD,Own,Edmond,OK
A00003663,Kristy Rutkowski,52,Y,Y,3,MI,College,Mortgage,Nashville,TN
A00000563,Jimmy Collins,57,N,Y,5,HI,Bachelor,Rent,Prospect,KY
A00004529,Demetrius Nekola,33,Y,N,5,MI,NA,Rent,Montgomery,AL
A00008004,Keith Cook,45,N,Y,7,MI,College,Rent,Manchester,CT
A00007881,Michael Garcia,45,Y,N,5,MI,High School,Mortgage,Annapolis,MD
A00003591,Martine Carver,56,Y,Y,2,HI,Bachelor,Own,Norman,OK
A00008131,John Austin,38,Y,Y,7,MI,High School,Rent,Tollhouse,CA
A00000737,Tammy Delperdang,28,N,Y,2,HI,Bachelor,Mortgage,Washington,DC
A00006804,Mary Allen,41,Y,Y,7,MI,Bachelor,Own,Nashville,TN
A00007686,Jason Garrison,33,Y,Y,5,LI,Bachelor,Mortgage,Manchester,CT
A00004723,Archie Wolfe,46,Y,Y,5,MI,Bachelor,Own,Anchorage,AK
A00003169,Audrey Barrett,34,Y,Y,6,LI,Masters,Mortgage,Escondido,CA
A00008400,Cheryl Kranawetter,59,Y,Y,5,LI,Bachelor,Mortgage,Anchorage,AK
A00006786,Roscoe Troupe,59,N,Y,4,MI,Bachelor,Mortgage,Montgomery,AL
A00004258,Hollis Livingston,47,N,Y,3,MI,Bachelor,Own,Montgomery,AL
A00008836,Jerry Taylor,63,Y,Y,3,MI,Masters,Own,Panama City,FL
A00009765,Matthew Gandolfi,29,Y,Y,6,HI,High School,Rent,Pooler,GA
A00008970,Rhonda Marren,35,N,Y,7,MI,College,Mortgage,Fayetteville,AR
A00000874,Margaret Redden,47,Y,Y,5,HI,High School,Mortgage,Hayward,CA
A00006202,Alyce Barger,55,Y,N,3,MI,Bachelor,Own,Panama City,FL
A00007075,Dawn Abbenante,53,N,Y,3,HI,Bachelor,Own,Louisville,KY
A00009746,Carolyn White,36,Y,Y,2,MI,Bachelor,Mortgage,Gardner,MA
A00005134,William Watson,50,Y,Y,4,MI,Bachelor,Own,Panama City Beach,FL
A00004350,Janice Williams,45,Y,Y,3,MI,High School,Mortgage,Panama City,FL
A00001806,Jason Mcfadden,47,Y,Y,7,MI,Bachelor,Rent,Conway,AR
A00005952,Patricia Chouinard,36,N,N,5,LI,Bachelor,Own,Washington,DC
A00001532,Harold Scott,50,N,Y,2,LI,Masters,Mortgage,Hingham,MA
A00007387,Jesse Hepfer,42,Y,Y,6,HI,Bachelor,Own,Fayetteville,AR
A00005560,Emily Lacourse,62,Y,Y,2,HI,Bachelor,Own,Fayetteville,AR
A00006995,Raymond Richardson,40,Y,Y,2,MI,NA,Mortgage,Rutland,VT
A00007290,Joann Nelson,27,Y,Y,3,HI,Masters,Rent,Alameda,CA
A00001217,David Patterson,63,Y,Y,5,LI,High School,Mortgage,Savannah,GA
A00001752,Patricia Thompson,25,N,Y,4,HI,Bachelor,Mortgage,Evergreen,CO
A00008111,Carl Hartt,54,Y,Y,6,HI,NA,Rent,Louisville,KY
A00003945,Hope Ace,47,Y,Y,3,LI,College,Mortgage,Arvada,CO
A00005044,Jerome Rollins,34,Y,Y,6,MI,College,Rent,Savannah,GA
A00008020,Man Hamilton,45,Y,Y,5,LI,Bachelor,Own,Oklahoma City,OK
A00002214,Ross Graves,42,N,Y,4,MI,Bachelor,Own,Nashville,TN
A00001659,Wilson Axtell,31,Y,Y,6,MI,College,Own,Litchfield Park,AZ
A00006622,Russell Pinson,48,Y,Y,2,HI,Masters,Rent,Fayetteville,AR
A00000002,Larry Williams,38,Y,Y,3,LI,Bachelor,Mortgage,Washington,DC
A00004220,Kenneth Riley,27,Y,Y,7,LI,High School,Rent,Anchorage,AK
A00003217,Janice Campbell,41,N,Y,2,HI,High School,Rent,Holbrook,MA
A00008410,Norma Bryant,63,Y,Y,6,MI,Bachelor,Own,Panama City,FL
A00006101,Linda Destefano,46,Y,Y,2,MI,High School,Mortgage,Louisville,KY
A00001348,James Dennis,27,Y,Y,2,LI,Bachelor,Rent,Fremont,CA
A00007003,Frances Reifsteck,60,Y,Y,4,MI,PhD,Own,San Leandro,CA
A00000974,Elizabeth Joachim,54,Y,Y,3,HI,Bachelor,Own,Fayetteville,AR
A00008259,Robert Thompson,52,N,Y,7,MI,Bachelor,Mortgage,Pueblo,CO
A00005510,Robert Bean,47,N,Y,3,MI,Masters,Rent,Anchorage,AK
A00001922,Lannie Dolecki,46,N,Y,6,LI,Bachelor,Own,Bolton,VT
A00005120,Angela Sherry,27,N,Y,7,HI,High School,Own,Arvada,CO
A00006716,Thurman Sommer,53,Y,Y,6,HI,Masters,Rent,Farmington,AR
A00004937,Imogene Labelle,40,Y,Y,2,MI,Masters,Rent,Panama City Beach,FL
A00000611,Bill Mcgee,56,Y,Y,5,HI,Bachelor,Own,Louisville,KY
A00009138,Monica Knight,38,N,Y,2,LI,Bachelor,Mortgage,Savannah,GA
A00003369,Tim Hugo,59,Y,Y,7,LI,Bachelor,Mortgage,Montgomery,AL
A00001649,Raymond Snyder,28,Y,Y,5,LI,High School,Own,Arvada,CO
A00000712,Richard Dudley,46,Y,Y,7,LI,High School,Rent,,VT
A00001512,Son Carlucci,51,N,Y,6,MI,Masters,Own,Hanover,MD
A00004563,Norma Obrien,61,Y,Y,2,LI,Bachelor,Mortgage,Watertown,MA
A00009189,Grace Bossey,40,N,Y,4,MI,Bachelor,Own,Panama City,FL
A00008171,Martin Hirsh,62,Y,Y,2,HI,Bachelor,Mortgage,Louisville,KY
A00003677,Victor Smart,55,Y,Y,5,MI,High School,Own,Fremont,CA
A00008825,Tom Linder,31,Y,Y,2,HI,Masters,Mortgage,Oakland,CA
A00005591,Beth Rosenberg,44,Y,Y,2,MI,College,Own,Savannah,GA
A00006473,Laura Patterson,30,N,Y,7,MI,Bachelor,Own,Lawrence,MA
A00008768,Steven Blair,53,Y,Y,6,MI,Masters,Own,Anchorage,AK
A00006526,Muriel Vazquez,56,N,Y,5,MI,High School,Rent,Panama City,FL
A00002408,Junior Sanders,41,Y,Y,7,HI,Masters,Own,Noble,OK
A00004468,William Johnston,52,Y,Y,5,MI,Bachelor,Rent,Concord,CA
A00000888,Carmen Giles,48,N,Y,5,HI,High School,Mortgage,Panama City Beach,FL
A00005102,Louis Depew,50,N,Y,4,MI,High School,Mortgage,Savannah,GA
A00001067,Alice Howard,52,Y,Y,2,HI,Bachelor,Own,Nashville,TN
A00002905,Veronica Logie,46,Y,Y,4,LI,High School,Rent,Glendale,AZ
A00001839,Donnie Bush,39,Y,Y,2,LI,Bachelor,Own,Nashville,TN
A00000726,Elizabeth Kahl,37,N,Y,6,MI,College,Mortgage,Glendale,AZ
A00006897,Danielle Sarris,45,N,Y,4,MI,Bachelor,Own,Nashville,TN
A00003249,Albert Laughary,55,N,Y,7,LI,Bachelor,Own,Pleasanton,CA
A00001865,Tammy Cooper,29,Y,Y,6,LI,Bachelor,Rent,Montgomery,AL
A00009303,Ian Marsh,43,Y,Y,4,MI,Bachelor,Rent,Panama City,FL
A00004099,James Stoviak,60,Y,Y,2,MI,High School,Mortgage,Louisville,KY
A00006416,Jason Everson,29,Y,Y,2,LI,High School,Mortgage,Arvada,CO
A00008075,Thomas Anderson,49,Y,N,7,LI,Bachelor,Rent,Savannah,GA
A00009362,Susan Piccinone,29,Y,Y,3,MI,High School,Own,Washington,DC
A00005057,Morgan Courter,63,Y,Y,3,MI,College,Mortgage,Montgomery,AL
A00008687,Michael Haas,35,N,Y,7,HI,MD,Own,Washington,DC
A00000042,John Kennedy,49,Y,N,5,MI,MD,Own,Arvada,CO
A00004918,Christine Johnson,45,Y,Y,2,HI,Bachelor,Own,Agawam,MA
A00005813,Rodney James,41,Y,Y,6,MI,Bachelor,Own,Athol,MA
A00003416,Robert Hatcher,30,N,Y,3,MI,Bachelor,Rent,Savannah,GA
A00005573,Judith Patton,45,Y,Y,7,HI,MD,Mortgage,Arvada,CO
A00004397,Peggy Weaver,44,Y,Y,2,HI,College,Own,Oklahoma City,OK
A00005363,Glen Degidio,61,Y,Y,6,MI,PhD,Mortgage,Montgomery,AL
A00007204,Heather Patrick,35,Y,Y,2,LI,Bachelor,Mortgage,Washington,DC
A00000427,Richard Collins,49,N,Y,2,MI,College,Mortgage,Glen Burnie,MD
A00007743,Chad Furlong,27,N,Y,5,HI,Bachelor,Own,Glendale,AZ
A00003575,Betty Dickey,53,Y,Y,3,MI,MD,Rent,Mexico Beach,FL
A00004721,Shannon Comeaux,51,Y,Y,4,LI,Bachelor,Rent,Salinas,CA
A00008031,Pa Kang,51,Y,Y,2,MI,Bachelor,Own,Louisville,KY
A00002692,Marie Mohler,51,N,Y,2,HI,Bachelor,Own,Anchorage,AK
A00001511,Robbie Maxwell,32,Y,Y,3,LI,MD,Own,Lynn Haven,FL
A00009144,Rose Spellman,46,Y,Y,4,MI,High School,Mortgage,Fayetteville,AR
A00005721,Joel Pace,28,N,N,2,HI,Bachelor,Mortgage,Anchorage,AK
A00007986,Jocelyn Kinney,53,Y,Y,3,HI,MD,Mortgage,Savannah,GA
A00000723,Daniel Palmer,63,Y,N,7,LI,Masters,Mortgage,Severn,MD
A00001825,Bernita Odom,61,N,Y,4,HI,Masters,Own,Anchorage,AK
A00004284,Brian Cottrell,53,N,Y,6,MI,Bachelor,Mortgage,Fayetteville,AR
A00002771,Carlos Jenkins,34,Y,Y,3,LI,MD,Own,Mexico Beach,FL
A00006488,Jacqueline Webb,60,Y,Y,4,LI,High School,Mortgage,Moretown,VT
A00007520,Gail Lall,28,Y,Y,2,MI,Bachelor,Rent,Williston,VT
A00006866,Jennifer Johnston,55,Y,Y,4,MI,Bachelor,Own,Agawam,MA
A00008724,Laura Jenkins,40,Y,Y,3,MI,Bachelor,Mortgage,Anchorage,AK
A00002557,Justin Junes,26,Y,Y,3,LI,Bachelor,Mortgage,Louisville,KY
A00000657,John Pittman,54,N,Y,7,LI,NA,Own,,VT
A00008632,David Leith,52,N,Y,7,MI,Bachelor,Own,Thunderbolt,GA
A00009318,Danielle Hetzler,31,Y,Y,3,MI,NA,Mortgage,Castro Valley,CA
A00009473,Patrick Serrano,62,N,Y,4,MI,NA,Mortgage,Louisville,KY
A00009869,Bonita Campbell,47,Y,Y,5,HI,High School,Mortgage,Beverly Hills,FL
A00004593,Norman Hipsher,33,N,Y,3,LI,NA,Own,Severn,MD
A00008722,Theodore Mendibles,31,Y,Y,6,HI,Bachelor,Rent,Oklahoma City,OK
A00009970,Simone Thompson,44,Y,Y,5,MI,High School,Rent,Fayetteville,AR
A00004401,Melvin Nielsen,40,N,Y,2,MI,NA,Rent,Shelburne,VT
A00002340,Rachel Robinson,42,N,Y,2,MI,High School,Rent,Woodford,VT
A00009015,Norman Farmer,58,N,Y,4,MI,Bachelor,Mortgage,Montgomery,AL
A00001356,Kevin Perry,35,Y,N,5,MI,PhD,Mortgage,Fayetteville,AR
A00009811,Valerie Hill,59,Y,N,7,HI,College,Own,Montgomery,AL
A00001729,Jo Koopmans,29,Y,Y,3,MI,Bachelor,Own,Oakland,CA
A00004486,Linda Gilstrap,61,N,Y,4,LI,College,Mortgage,Nashville,TN
A00005203,Anna Janicki,48,Y,Y,4,MI,High School,Own,Montgomery,AL
A00003517,Kyle Wilson,42,Y,Y,6,MI,High School,Mortgage,Anchorage,AK
A00002622,John Bellman,62,N,Y,6,LI,NA,Mortgage,Severna Park,MD
A00002688,Neal Evans,58,Y,Y,3,LI,High School,Own,Carson,CA
A00005825,Tyler Jesus,59,Y,Y,5,MI,Bachelor,Rent,Washington,DC
A00006233,Dorthea Policare,47,Y,Y,4,MI,Masters,Rent,Anchorage,AK
A00005953,James Krawiec,58,N,Y,3,LI,Bachelor,Own,Pooler,GA
A00009103,Angela Sampsell,53,Y,Y,3,MI,College,Mortgage,Fayetteville,AR
A00007774,Lisa Cokley,43,Y,Y,6,HI,Masters,Rent,Washington,DC
A00007780,Joyce Lacroix,60,N,Y,4,MI,MD,Mortgage,Glendale,AZ
A00008261,George Shively,37,Y,Y,3,HI,College,Own,Nashville,TN
A00003862,Linda Daniele,49,N,Y,4,MI,College,Mortgage,Montgomery,AL
A00006671,Birdie Joseph,54,Y,Y,2,LI,PhD,Rent,Fayetteville,AR
A00005696,Anna Jenkins,33,Y,Y,7,MI,High School,Mortgage,Anchorage,AK
A00002117,Ann Pelcher,29,Y,Y,4,HI,MD,Mortgage,Redding,CA
A00003885,Michael Moore,47,N,Y,4,HI,Masters,Rent,Oakland,CA
A00003597,Richard Koeneman,32,Y,Y,5,LI,PhD,Own,Fayetteville,AR
A00004298,Mae Lowman,31,Y,Y,4,HI,High School,Own,Arvada,CO
A00008341,Arthur Stanhope,49,Y,Y,7,LI,College,Mortgage,Montgomery,AL
A00002724,Brenda Miller,46,Y,Y,7,MI,High School,Rent,Crownsville,MD
A00009533,Tasha Williams,32,Y,N,3,MI,High School,Rent,North Beach,MD
A00001680,Antonio Tullis,27,N,Y,6,HI,High School,Own,Glendale,AZ
A00002983,Ruth Wilson,25,N,Y,2,LI,NA,Rent,Annapolis,MD
A00005713,Shirley Underhill,34,Y,Y,3,MI,High School,Mortgage,Nashville,TN
A00000099,Paul Graham,55,Y,Y,3,MI,Bachelor,Own,Edmond,OK
A00004829,Kum Baty,45,Y,Y,5,MI,Bachelor,Rent,Washington,DC
A00003038,Ruth Gilmore,53,Y,Y,7,MI,College,Mortgage,Randolph,VT
A00001599,Jimmy Parnell,58,Y,Y,4,MI,Masters,Rent,Manchester,CT
A00005452,Christopher Whited,43,Y,Y,4,HI,MD,Mortgage,Colchester,VT
A00009576,Rena Heck,32,Y,Y,7,MI,PhD,Rent,Washington,DC
A00004492,Irwin Hallett,56,Y,Y,5,LI,Masters,Own,Fayetteville,AR
A00008995,James Harvey,53,N,Y,4,HI,Masters,Mortgage,Aptos,CA
A00000632,Diane Pujol,42,Y,Y,7,LI,Bachelor,Rent,Beverly Hills,FL
A00001836,Terrance Fabian,44,N,Y,5,MI,Bachelor,Own,Panama City,FL
A00002523,Anita Hamel,51,N,Y,7,MI,High School,Rent,Arvada,CO
A00000578,John Harper,47,Y,Y,6,LI,Bachelor,Rent,Washington,DC
A00001093,Peter Lachance,45,Y,Y,5,MI,Bachelor,Mortgage,Moore,OK
A00007037,George Nott,25,Y,Y,2,MI,High School,Rent,Arvada,CO
A00002161,Lisa Lamblin,29,N,Y,4,LI,Bachelor,Rent,Annapolis,MD
A00009544,Bryan Bernal,26,Y,Y,6,MI,Bachelor,Mortgage,Hanover,MD
A00002652,Kevin Richardson,63,N,Y,5,MI,Bachelor,Mortgage,Highgate,VT
A00000026,Myrtle Aadland,50,Y,Y,7,HI,High School,Rent,Nashville,TN
A00002962,Patrick Crouch,58,N,Y,6,MI,Bachelor,Rent,Fayetteville,AR
A00007055,Ramon Sumners,48,Y,Y,2,MI,Bachelor,Own,Rancho Cordova,CA
A00001486,James Pinder,62,N,Y,6,MI,College,Mortgage,Savannah,GA
A00000304,Bernadette Oshell,37,Y,N,4,MI,Bachelor,Rent,Pasadena,MD
A00006616,Booker Mcgowan,51,Y,Y,7,MI,High School,Mortgage,Fayetteville,AR
A00004041,Jamie Day,32,Y,Y,4,MI,Bachelor,Rent,Anchorage,AK
A00002696,Oscar Haynes,32,Y,Y,2,LI,Bachelor,Own,Mount Juliet,TN
A00005069,Myra Rich,52,N,Y,6,MI,College,Own,Bethany,OK
A00008139,Cierra Jenkins,37,Y,Y,3,MI,Bachelor,Mortgage,Anchorage,AK
A00005484,Albert Wolfram,46,N,Y,5,LI,High School,Rent,Glendale,AZ
A00004892,Sirena Gregory,44,Y,Y,2,LI,High School,Own,Glendale,AZ
A00006664,Fern Cook,37,Y,Y,6,MI,MD,Rent,Athol,MA
A00009502,Gary Villasenor,42,Y,Y,2,MI,Masters,Rent,Panama City Beach,FL
A00005935,Thomas Gallaher,36,Y,Y,3,HI,High School,Rent,Nashville,TN
A00009619,Laura Smith,64,Y,Y,3,MI,PhD,Rent,Oklahoma City,OK
A00009615,Kim Nichols,27,N,Y,5,MI,Bachelor,Own,Washington,DC
A00009266,Harold Jones,63,Y,Y,4,LI,Bachelor,Own,Anchorage,AK
A00007750,Nancy Johnson,55,Y,Y,6,HI,High School,Mortgage,Manchester,CT
A00009551,Steven Allen,52,Y,Y,4,MI,Masters,Own,Hayward,CA
A00006238,Gerald Macias,48,N,Y,3,HI,Bachelor,Mortgage,Nashville,TN
A00005552,Michael Alamo,45,Y,Y,6,MI,High School,Own,Washington,DC
A00002578,Martha Tisdale,32,Y,Y,4,MI,College,Own,Panama City,FL
A00008319,Paul Maha,48,Y,Y,3,LI,High School,Own,Montgomery,AL
A00004088,Billie Gholston,31,N,Y,5,MI,Bachelor,Own,Washington,DC
A00009931,Linda Burkart,62,Y,Y,2,MI,High School,Rent,Nashville,TN
A00008037,Harold Gardner,42,Y,Y,2,MI,Bachelor,Mortgage,Fayetteville,AR
A00000678,Lori Bush,38,Y,Y,6,MI,Bachelor,Mortgage,Farmington,AR
A00000577,Lawrence Endicott,35,Y,Y,4,MI,High School,Own,Glen Burnie,MD
A00008463,Sherri Alves,30,Y,Y,4,HI,Bachelor,Rent,Louisville,KY
A00003183,Carolyn Anderson,60,Y,Y,4,LI,MD,Own,Manchester,CT
A00009776,Kenneth Krieger,59,Y,Y,7,MI,High School,Rent,Louisville,KY
A00000721,Marjorie Ayala,33,Y,Y,5,MI,MD,Rent,Panama City,FL
A00003165,Karl Flores,40,N,Y,3,MI,PhD,Mortgage,Fayetteville,AR
A00008376,Eddie Gaylor,33,N,N,3,LI,Bachelor,Mortgage,Cupertino,CA
A00000118,Julia Greene,43,Y,Y,7,LI,Bachelor,Mortgage,Savannah,GA
A00001734,Clyde Wolf,40,Y,Y,2,MI,Bachelor,Rent,Louisville,KY
A00000152,Ellen Baker,32,Y,N,7,LI,PhD,Rent,San Lorenzo,CA
A00007394,Barbara Longwell,26,Y,N,3,LI,High School,Own,Fayetteville,AR
A00002337,Suzanne Pierson,28,Y,Y,7,MI,Bachelor,Own,Arnold,MD
A00006302,Joe Brady,32,Y,Y,6,HI,Bachelor,Rent,Louisville,KY
A00001221,Edward Reyes,46,Y,N,3,MI,Bachelor,Own,Glendale,AZ
A00001320,Jeffrey Gould,41,N,Y,5,MI,College,Mortgage,Manchester,CT
A00000865,Michael Rodriguez,58,Y,Y,2,LI,Bachelor,Rent,Severn,MD
A00001748,Harry Bales,34,N,Y,3,HI,Bachelor,Rent,Oklahoma City,OK
A00002256,Jacob Jones,35,Y,Y,7,MI,Bachelor,Rent,Glendale,AZ
A00001554,Brett May,58,Y,Y,7,MI,High School,Mortgage,Nashville,TN
A00005925,Michael Patel,34,Y,Y,7,HI,Bachelor,Own,Louisville,KY
A00005193,Serena Lindsey,57,N,Y,3,LI,High School,Rent,Barnard,VT
A00005865,Robert Bondurant,57,Y,Y,2,LI,College,Mortgage,Fairlee,VT
A00003516,Eric Moss,55,Y,Y,5,MI,Bachelor,Own,Severna Park,MD
A00007182,Diana Austin,49,Y,Y,2,MI,PhD,Mortgage,Hayward,CA
A00009750,Dorothy Owen,43,N,Y,4,MI,College,Rent,Danville,VT
A00000220,Robin Lund,47,N,Y,7,HI,College,Rent,Montgomery,AL
A00003662,Janis Johnson,47,Y,Y,5,MI,NA,Rent,Montgomery,AL
A00007139,Anthony Oneal,48,Y,Y,4,MI,NA,Own,Belvidere,VT
A00007357,Earl Blackburn,35,Y,Y,7,HI,Masters,Mortgage,Louisville,KY
A00009169,Alicia Peterson,27,Y,Y,3,MI,PhD,Mortgage,Dennis,MA
A00003554,Hilda Lapointe,50,Y,Y,3,MI,College,Rent,Manchester,CT
A00007667,Pamela Murphy,47,Y,Y,3,MI,Bachelor,Own,Guilford,VT
A00006799,Rowena Hastings,57,Y,Y,2,MI,College,Rent,Oakland,CA
A00009539,Deborah Newman,41,Y,Y,6,MI,PhD,Own,Montgomery,AL
A00002055,Amy Rodriguez,25,Y,Y,5,MI,High School,Own,Oklahoma City,OK
A00006296,Donald Gravina,26,Y,Y,4,MI,High School,Rent,Washington,DC
A00003035,Joseph Simons,29,Y,N,7,MI,Bachelor,Rent,Oklahoma City,OK
A00004714,Lynne Hill,33,Y,N,6,LI,College,Mortgage,Louisville,KY
A00003485,Dianna Lewis,49,N,Y,7,MI,Bachelor,Mortgage,Norman,OK
A00000656,Antony Brunson,44,Y,Y,3,LI,College,Mortgage,Washington,DC
A00008245,Melinda Whitcomb,57,Y,Y,5,HI,High School,Mortgage,Moore,OK
A00005716,Ryan Townsend,46,Y,Y,6,MI,College,Rent,Arvada,CO
A00007297,Michael Glud,44,Y,Y,7,MI,Masters,Own,Oklahoma City,OK
A00002120,Jasmine Kuhn,56,Y,Y,7,MI,Masters,Mortgage,Oklahoma City,OK
A00008954,Karen Strause,50,N,Y,6,LI,Bachelor,Mortgage,Glendale,AZ
A00004498,Alice Williams,44,Y,Y,7,HI,NA,Rent,Louisville,KY
A00008643,Keith Tilghman,37,N,Y,7,LI,Bachelor,Own,Laurel,MD
A00008345,Susan Delvalle,63,Y,Y,2,LI,Bachelor,Mortgage,Manchester,CT
A00008897,Ezra Faulk,39,Y,Y,4,LI,Bachelor,Own,Arvada,CO
A00008164,Catherine Carrillo,50,Y,Y,4,HI,High School,Mortgage,Montgomery,AL
A00002194,Maudie Matney,32,N,Y,4,MI,High School,Mortgage,Montgomery,AL
A00005945,Jean Schultz,28,Y,Y,7,LI,Bachelor,Mortgage,Lynn,MA
A00008798,Hilda Bell,32,N,Y,2,LI,Masters,Rent,Fayetteville,AR
A00000833,Joanne Grant,39,Y,Y,2,MI,Masters,Mortgage,Fayetteville,AR
A00009583,Ella Watson,45,Y,Y,2,MI,PhD,Rent,Anchorage,AK
A00003615,Karen Harris,56,Y,Y,5,MI,Masters,Own,Glendale,AZ
A00003218,Anthony Evey,61,Y,N,6,MI,College,Rent,Oakland,CA
A00009488,Kim Saxe,49,Y,Y,2,HI,High School,Mortgage,Arvada,CO
A00008296,James Tullis,58,Y,Y,4,MI,High School,Own,Glen Burnie,MD
A00009751,Aurelio Smith,55,Y,Y,2,MI,Masters,Rent,Conway,AR
A00003705,Ada Zimmerman,54,Y,Y,4,MI,Bachelor,Own,Manchester,CT
A00006179,Maude Jordan,35,Y,Y,7,MI,PhD,Mortgage,Annapolis,MD
A00007137,Joni Jones,36,N,Y,5,HI,Bachelor,Rent,,VT
A00009675,Jodi Sanzotta,36,Y,Y,5,MI,College,Own,San Leandro,CA
A00000209,Agustin Willis,29,Y,Y,7,MI,High School,Mortgage,Nashville,TN
A00007421,Eleanor Eison,37,Y,Y,6,LI,Bachelor,Mortgage,Montgomery,AL
A00009195,Maria Ellison,42,Y,Y,4,MI,Bachelor,Own,Montgomery,AL
A00004555,Joseph Crocker,62,Y,Y,4,MI,Bachelor,Mortgage,Nashville,TN
A00001009,Betty Strickland,64,N,N,5,MI,PhD,Mortgage,Nashville,TN
A00006386,Danny Owens,37,Y,Y,5,MI,Bachelor,Own,Arvada,CO
A00004850,Nicholas Siebert,62,Y,N,4,MI,High School,Rent,Crofton,MD
A00004713,Carolyn Noyes,51,N,Y,5,LI,Bachelor,Rent,Annapolis,MD
A00005315,Jovita Richardson,29,Y,Y,7,MI,Masters,Mortgage,Anchorage,AK
A00002075,Rex Ward,46,Y,N,7,MI,Masters,Mortgage,Needham,MA
A00008815,Vincent Pellegrino,62,Y,Y,6,MI,Bachelor,Own,Fayetteville,AR
A00003412,Frank Marino,61,Y,N,2,MI,College,Rent,Brookline,MA
A00002520,Robert Schwend,35,Y,Y,3,HI,College,Rent,Manchester,CT
A00007637,David Burgess,64,Y,Y,7,LI,Bachelor,Mortgage,Peabody,MA
A00008448,Felicia Shaffer,51,N,Y,6,MI,Bachelor,Own,Harwood,MD
A00003216,Vivian Brotzman,50,Y,Y,2,HI,High School,Rent,Fayetteville,AR
A00001622,Patrick Toth,55,Y,Y,3,MI,High School,Rent,Moore,OK
A00002122,Joseph Stephenson,40,Y,Y,6,MI,Masters,Mortgage,Annapolis,MD
A00000499,Margaret Schafer,43,Y,Y,5,HI,College,Own,Pooler,GA
A00006450,Francine Rievley,53,N,Y,3,LI,MD,Own,Louisville,KY
A00007797,Timothy Lichty,28,Y,Y,5,LI,High School,Mortgage,Arvada,CO
A00006458,Jessica Hutter,43,Y,Y,4,MI,Bachelor,Own,Fayetteville,AR
A00000442,Patrick Mchendry,60,Y,Y,7,MI,PhD,Own,Nashville,TN
A00003842,Ian James,25,Y,Y,3,HI,MD,Mortgage,Arvada,CO
A00008452,Murray Merriman,48,N,Y,5,HI,College,Rent,Moore,OK
A00003074,Jeremiah Fanno,48,Y,Y,5,HI,Bachelor,Own,Fayetteville,AR
A00000486,Megan Jones,59,Y,Y,3,HI,Bachelor,Rent,Manchester,CT
A00007116,Herman Ingram,46,N,Y,6,HI,Bachelor,Own,Livermore,CA
A00007103,Gene Larrabee,35,N,Y,3,LI,Bachelor,Rent,Arvada,CO
A00000493,Joel Simpson,33,Y,Y,7,HI,High School,Rent,Savannah,GA
A00006938,Dianne Black,28,N,Y,2,LI,Bachelor,Own,Anchorage,AK
A00000919,Ruth Maretti,60,Y,Y,5,LI,Masters,Rent,Nashville,TN
A00001559,Robert Cobb,26,Y,Y,2,LI,Bachelor,Mortgage,Castro Valley,CA
A00009618,Gino Campos,34,Y,Y,3,HI,College,Mortgage,Arvada,CO
A00004158,Deborah Dewitt,42,Y,N,6,HI,Masters,Mortgage,Manchester,CT
A00009919,Patricia Reyes,59,Y,Y,2,LI,Bachelor,Own,Glendale,AZ
A00001029,Mckinley Book,32,N,Y,5,MI,College,Mortgage,Panama City Beach,FL
A00004074,Tiffanie Holland,28,Y,Y,2,LI,High School,Rent,Washington,DC
A00006529,Robert Vanwinkle,45,Y,Y,3,MI,Bachelor,Mortgage,Montgomery,AL
A00004214,Dustin Howland,37,Y,Y,2,MI,Bachelor,Mortgage,Manchester,CT
A00004461,Jill White,49,Y,Y,2,LI,Bachelor,Own,Arvada,CO
A00004039,Donna Hoston,46,Y,Y,3,HI,MD,Own,Oklahoma City,OK
A00009629,Ronald Lee,53,N,Y,7,MI,High School,Mortgage,Fayetteville,AR
A00006814,Pearl Conner,52,Y,Y,7,MI,Bachelor,Mortgage,Norman,OK
A00001066,Ellen Rose,44,Y,Y,6,LI,Bachelor,Rent,Arvada,CO
A00001318,Anthony Warthen,37,Y,Y,3,LI,Bachelor,Mortgage,Nashville,TN
A00002660,Matilda Liu,54,Y,Y,5,LI,PhD,Mortgage,Glendale,AZ
A00002876,Mike Tucker,62,Y,Y,4,MI,Bachelor,Own,Nashville,TN
A00008893,Tawana Roberts,33,N,Y,3,LI,Bachelor,Own,,VT
A00005108,Lillian Mcdaniel,37,Y,Y,5,LI,Bachelor,Mortgage,Pooler,GA
A00007422,Leland Young,31,Y,Y,7,MI,Bachelor,Rent,Oakland,CA
A00002880,Bunny Cole,41,Y,Y,3,LI,High School,Rent,Hanford,CA
A00001071,Evelyn Hughes,39,Y,Y,7,LI,High School,Mortgage,Panama City Beach,FL
A00002391,Jimmy Hart,49,Y,Y,5,MI,PhD,Mortgage,Louisville,KY
A00008251,Jessie Longoria,27,Y,Y,3,MI,College,Rent,Anchorage,AK
A00001674,Elizabet Kranawetter,61,Y,Y,2,LI,Bachelor,Own,Greenfield,MA
A00002115,Louise Gordon,50,Y,Y,7,LI,High School,Own,Anchorage,AK
A00000239,Richard Moses,49,N,Y,2,HI,Bachelor,Rent,Manchester,CT
A00004919,James Ross,53,Y,Y,4,HI,Bachelor,Own,Savannah,GA
A00006750,Gladys Dougherty,27,Y,Y,7,MI,Masters,Rent,Northfield,KY
A00006257,James Celestine,38,Y,Y,2,MI,High School,Rent,Nashville,TN
A00006910,Tammy Larson,44,N,Y,3,HI,Bachelor,Own,Savannah,GA
A00006809,Jerome Patrick,33,Y,Y,7,MI,High School,Own,Glendale,AZ
A00006544,Michael Cueto,38,N,Y,6,LI,College,Mortgage,Piedmont,CA
A00004734,Casey Rogers,38,Y,Y,7,MI,High School,Own,Nashville,TN
A00000471,Ed Kelleher,49,Y,Y,2,LI,Bachelor,Mortgage,Oakland,CA
A00008091,Kevin Simon,55,N,N,5,MI,High School,Rent,Glendale,AZ
A00003494,David Harris,25,Y,Y,4,HI,High School,Own,Glendale,AZ
A00002305,Aaron Hernandez,49,Y,Y,6,MI,MD,Own,Pooler,GA
A00003508,Nakisha Johnson,51,Y,Y,2,HI,PhD,Own,Nashville,TN
A00007115,Danny Miceli,51,N,Y,2,MI,High School,Own,Nashville,TN
A00008650,Clyde Brown,32,Y,Y,3,MI,Bachelor,Rent,Glendale,AZ
A00002687,Gloria Dettman,54,Y,Y,7,MI,High School,Own,Fayetteville,AR
A00004321,Diane Dorsey,54,Y,Y,5,HI,College,Mortgage,,VT
A00009762,James Vick,33,Y,Y,4,HI,PhD,Own,Union City,CA
A00002837,Douglas Alexander,51,N,Y,2,LI,High School,Rent,Montgomery,AL
A00004279,Mary Reedy,28,Y,N,6,HI,Bachelor,Rent,Farmington,AR
A00001317,Linda Mitchell,49,Y,Y,2,MI,Masters,Mortgage,Glendale,AZ
A00001540,Tom Price,37,Y,Y,4,MI,Bachelor,Mortgage,Arvada,CO
A00005745,James Hatala,60,N,Y,3,MI,PhD,Own,Fayetteville,AR
A00004390,Lillie Folsom,63,N,Y,5,HI,Bachelor,Own,Berkeley,CA
A00005385,David Nelson,50,Y,Y,5,MI,High School,Rent,Panama City,FL
A00003743,Michael Colangelo,28,N,Y,4,MI,High School,Rent,Montgomery,AL
A00003298,Harry Barnes,41,Y,Y,7,HI,MD,Own,Manchester,CT
A00007225,Eric Harrison,30,N,Y,2,MI,High School,Rent,Fayetteville,AR
A00001895,Beverly Ames,26,Y,Y,4,HI,PhD,Own,Annapolis,MD
A00007159,Sue Masters,46,Y,N,6,LI,High School,Mortgage,Pooler,GA
A00000371,Sharon Moore,63,Y,Y,7,MI,Bachelor,Own,Mansfield,MA
A00002354,Wanda Sanchez,54,N,Y,7,HI,Masters,Own,Montgomery,AL
A00001582,Sidney Perez,39,Y,Y,6,LI,Masters,Mortgage,Cupertino,CA
A00009171,Troy Fuller,30,N,N,7,MI,High School,Own,Arvada,CO
A00008304,Bryan Brewer,60,Y,N,3,MI,NA,Rent,Louisville,KY
A00006695,Mark Hancock,33,Y,Y,6,MI,High School,Mortgage,Washington,DC
A00009975,Mae Smith,35,N,Y,2,HI,High School,Own,Calera,AL
A00000479,Anne Davis,41,Y,Y,2,MI,College,Mortgage,Oklahoma City,OK
A00000892,Suzan Ortega,49,N,Y,3,MI,Bachelor,Mortgage,Barnard,VT
A00003135,Patrick Dodson,56,Y,Y,7,MI,College,Rent,Savannah,GA
A00002069,Nancy Amoa,38,Y,Y,7,LI,High School,Mortgage,Montgomery,AL
A00000972,Danna Lund,41,N,Y,4,LI,Masters,Own,Arvada,CO
A00007961,Dorothy Darden,27,Y,Y,5,LI,Masters,Mortgage,Montpelier,VT
A00005884,Janice Roggenbaum,53,N,Y,5,HI,MD,Rent,Washington,DC
A00005753,Chad Jackson,35,Y,Y,6,MI,Bachelor,Own,Louisville,KY
A00004007,Kimberly Richardson,31,Y,Y,3,MI,PhD,Mortgage,Fayetteville,AR
A00009406,Michael Irwin,54,Y,Y,6,MI,Bachelor,Own,Montgomery,AL
A00009402,Christopher Cantrel,34,Y,Y,6,MI,Masters,Rent,Anchorage,AK
A00008922,Robert Dixon,28,N,Y,5,LI,Bachelor,Rent,New Bedford,MA
A00009865,Brandon Lints,37,Y,Y,2,LI,Bachelor,Own,Nashville,TN
A00001735,Alberta Brown,53,N,Y,3,MI,High School,Mortgage,Washington,DC
A00006551,Maria Hotton,48,Y,Y,3,HI,High School,Own,Fayetteville,AR
A00000282,Nathan Yusef,54,N,N,5,MI,High School,Rent,Panama City Beach,FL
A00001464,Rosemary Keller,48,N,Y,5,HI,Masters,Own,Moore,OK
A00000323,Sylvester Ramirez,34,Y,Y,3,MI,Bachelor,Mortgage,Panama City,FL
A00008256,Mary Stewart,58,Y,Y,6,MI,MD,Rent,Colchester,VT
A00003279,Roy Green,55,N,Y,6,HI,NA,Rent,Lowell,MA
A00002380,Edward Magers,29,Y,Y,3,MI,Bachelor,Mortgage,Port Wentworth,GA
A00008548,Dawn Roses,51,Y,Y,7,MI,High School,Mortgage,Burke,VT
A00006660,Walter Cox,52,N,Y,4,LI,College,Rent,Savannah,GA
A00000965,Vera James,39,N,Y,3,HI,High School,Mortgage,Louisville,KY
A00004281,Sharon Carrell,57,N,Y,7,MI,High School,Own,Fayetteville,AR
A00005059,Fred Foret,26,Y,Y,2,LI,Bachelor,Own,Fayetteville,AR
A00008362,James Willis,64,Y,Y,2,MI,MD,Own,Worcester,MA
A00000101,Andrew Wilkerson,29,Y,Y,2,HI,Bachelor,Rent,Lincoln,CA
A00002154,Howard Robinson,50,N,Y,3,LI,PhD,Rent,Manchester,CT
A00006767,Lashawn Donalson,37,Y,Y,2,MI,Masters,Rent,Lexington,MA
A00007409,Donald Crain,33,N,Y,3,MI,High School,Mortgage,Glendale,AZ
A00009454,Margaret Alicea,40,Y,Y,4,HI,Bachelor,Mortgage,Fayetteville,AR
A00009227,Ronald Bingler,42,Y,Y,7,MI,Bachelor,Own,Louisville,KY
A00006105,Cheryl Denny,30,Y,Y,6,LI,Bachelor,Mortgage,Lynn Haven,FL
A00009277,Holli Fisher,45,N,Y,5,HI,Bachelor,Own,Severna Park,MD
A00007563,Robert Langone,56,N,Y,6,HI,Bachelor,Mortgage,Washington,DC
A00000763,Julie Moses,49,Y,Y,6,LI,College,Own,Randolph,VT
A00008249,Robin Townsend,56,N,Y,2,LI,Bachelor,Mortgage,Panama City Beach,FL
A00009668,Jules Hughes,39,Y,Y,5,MI,Bachelor,Mortgage,Tybee Island,GA
A00004911,Arnold Adair,57,Y,Y,4,HI,College,Rent,Fountain,FL
A00001267,Margaret Staples,38,Y,Y,6,MI,High School,Mortgage,Arvada,CO
A00000280,Charles Jordan,48,N,N,3,MI,Bachelor,Mortgage,Panama City,FL
A00005176,Florence Cooper,48,N,N,2,MI,Bachelor,Rent,Anchorage,AK
A00002606,Anthony Miller,32,Y,Y,6,HI,PhD,Rent,Anchorage,AK
A00001972,Homer Snellen,53,N,Y,4,MI,College,Mortgage,Anchorage,AK
A00008327,Maria Johnson,44,Y,Y,3,HI,Bachelor,Rent,Arvada,CO
A00008984,Alfredo Althouse,53,Y,Y,7,MI,College,Mortgage,Oklahoma City,OK
A00004150,Angela Smallwood,52,Y,Y,7,LI,MD,Own,Oakland,CA
A00003834,Paul Valentine,43,Y,Y,5,MI,High School,Own,Arvada,CO
A00008149,Ricardo Gatlin,61,N,Y,4,MI,Bachelor,Rent,Arvada,CO
A00007890,Charles Johnson,26,N,Y,2,LI,College,Mortgage,Berkeley,CA
A00002171,Christopher Larry,29,Y,Y,3,MI,Masters,Rent,Hayward,CA
A00001605,Leslie Ramirez,25,Y,Y,7,LI,College,Mortgage,Essex,VT
A00009906,Amber Adams,62,Y,Y,2,MI,High School,Mortgage,Oklahoma City,OK
A00003903,Charles Odom,37,Y,Y,4,LI,College,Rent,Norman,OK
A00000709,Robert Acosta,43,N,Y,7,HI,Masters,Rent,Panama City,FL
A00009434,Vincent Santos,61,Y,Y,6,MI,Masters,Mortgage,Louisville,KY
A00005020,Marianne Pearson,37,Y,Y,7,MI,MD,Mortgage,Manchester,CT
A00009133,Leigh Tucker,34,Y,Y,4,HI,High School,Own,Nashville,TN
A00000859,Donald Meehan,41,Y,N,7,MI,Bachelor,Rent,Oklahoma City,OK
A00006667,Robert Valasquez,63,Y,Y,5,LI,Bachelor,Mortgage,Arvada,CO
A00003819,Sarah Cotto,40,N,Y,4,MI,High School,Own,Hartford,VT
A00002669,Amanda Tusa,41,N,Y,4,HI,Bachelor,Rent,Fayetteville,AR
A00007031,Don Solorio,59,Y,Y,5,LI,MD,Mortgage,Washington,DC
A00000983,William Marcus,53,N,Y,6,MI,College,Mortgage,Peabody,MA
A00006281,Billy Macaraeg,42,Y,N,4,HI,High School,Mortgage,Sutter Creek,CA
A00000262,Oscar Reza,48,N,N,2,MI,Bachelor,Own,Washington,DC
A00004826,Laurie Murphy,27,Y,Y,6,HI,Bachelor,Rent,Glendale,AZ
A00000792,Terry Guthrie,52,N,Y,3,MI,Masters,Rent,Burlington,VT
A00008173,Jason Rodriguez,51,Y,Y,2,HI,Masters,Rent,Livermore,CA
A00008607,Bertha Roseman,56,N,Y,5,HI,Bachelor,Mortgage,Louisville,KY
A00002041,Irene Nixon,50,Y,Y,3,HI,Masters,Mortgage,Washington,DC
A00007419,Daniel Palmer,41,N,Y,2,HI,High School,Rent,Manchester,CT
A00003401,Donald Davis,34,Y,Y,6,MI,Bachelor,Own,Oklahoma City,OK
A00000271,Allen Garcia,50,Y,Y,7,MI,Masters,Own,Cupertino,CA
A00006327,Kevin Rodriguez,54,Y,Y,6,HI,College,Rent,Panama City,FL
A00002211,Douglas Richardson,51,Y,Y,4,HI,High School,Mortgage,Annapolis,MD
A00008271,Sergio Griggs,44,N,Y,4,HI,MD,Rent,Arvada,CO
A00001849,Robert Drake,34,Y,Y,4,MI,MD,Own,Manchester,CT
A00006640,Patty Hayward,51,N,Y,6,MI,High School,Mortgage,Nashville,TN
A00004746,David Mimaki,51,Y,Y,4,MI,Masters,Rent,Redding,CA
A00002124,Sharon Dong,29,Y,Y,2,LI,High School,Rent,Hartford,VT
A00008483,Carol Bronk,45,Y,Y,6,LI,NA,Mortgage,Anchorage,AK
A00003644,Melody Pruzansky,62,Y,Y,5,MI,Bachelor,Own,Fayetteville,AR
A00005921,Betty Kolb,30,Y,Y,2,MI,High School,Rent,Nashville,TN
A00006598,Ben Smith,28,Y,Y,6,LI,Bachelor,Own,Vergennes,VT
A00007728,Anita Wilner,46,N,Y,7,MI,NA,Mortgage,Greeley,CO
A00005147,Salvatore Stlaurent,31,Y,Y,3,MI,Bachelor,Own,Anchorage,AK
A00006034,Maria Hom,39,Y,Y,5,HI,Masters,Mortgage,Norman,OK
A00006953,Eve Camren,31,Y,Y,7,HI,Masters,Mortgage,Washington,DC
A00001876,Alexander Mills,26,N,Y,4,MI,Masters,Own,Norman,OK
A00001243,Joshua Cooper,47,Y,Y,4,LI,Bachelor,Mortgage,Jeffersontown,KY
A00006083,Duane Watkins,37,Y,Y,5,MI,College,Rent,Savannah,GA
A00002313,Ralph Smith,64,Y,Y,4,LI,PhD,Rent,Savannah,GA
A00009515,Anthony Lee,38,N,Y,7,LI,Bachelor,Own,Manchester,CT
A00008469,Darla Clark,64,Y,Y,4,LI,College,Rent,Savannah,GA
A00002573,Betty Price,42,N,Y,7,MI,High School,Rent,Union City,CA
A00006909,Leslie Allen,50,N,Y,7,HI,College,Rent,Jackson,CA
A00003383,Bertha Chen,59,Y,Y,2,MI,Bachelor,Own,Louisville,KY
A00003557,Jordan Pierre,54,N,N,7,HI,Bachelor,Mortgage,Edgewater,MD
A00006178,Patricia Dominquez,49,N,Y,7,MI,High School,Mortgage,Nashville,TN
A00009321,Dennis Roberts,45,Y,Y,5,MI,Bachelor,Own,Savannah,GA
A00005318,Catherine Sisco,32,Y,Y,7,LI,Bachelor,Own,Panama City,FL
A00007490,Angelo Belcher,60,Y,Y,3,MI,Bachelor,Rent,Millersville,MD
A00005589,Guy Black,63,Y,Y,7,MI,Bachelor,Mortgage,Colchester,VT
A00006162,Donnie Brown,61,Y,Y,2,HI,PhD,Mortgage,Savannah,GA
A00007989,Diana Scott,63,Y,Y,6,MI,Masters,Own,Arvada,CO
A00008107,Karl Petrie,51,N,Y,3,MI,Masters,Mortgage,Fayetteville,AR
A00004227,Michael Mctaggart,25,N,Y,2,MI,Bachelor,Mortgage,Anchorage,AK
A00004393,Jeannette Harris,51,Y,Y,7,LI,PhD,Own,Arvada,CO
A00000977,Robert Perris,34,N,Y,7,MI,Masters,Mortgage,Savannah,GA
A00006496,Zachary Garza,49,Y,Y,4,LI,Bachelor,Rent,Hayward,CA
A00003922,Robert Lawrence,50,Y,Y,7,MI,Bachelor,Mortgage,,VT
A00000228,David Lam,53,Y,Y,4,LI,College,Rent,Louisville,KY
A00002335,Martin White,43,Y,Y,5,MI,Bachelor,Rent,Montgomery,AL
A00006942,Rodolfo Moore,56,N,Y,3,MI,Bachelor,Rent,Savannah,GA
A00005016,Beatrice Thomas,60,Y,Y,3,MI,College,Rent,Washington,DC
A00002839,James Cameron,28,Y,Y,4,LI,College,Mortgage,Jeffersontown,KY
A00000298,Brenda Norman,33,N,Y,6,HI,College,Mortgage,Prospect,KY
A00009203,Babette Simon,36,Y,Y,6,HI,High School,Rent,Louisville,KY
A00009140,Lena Saunders,30,Y,Y,6,LI,Masters,Mortgage,Washington,DC
A00006956,Melissa Mcgehee,47,Y,Y,2,LI,College,Mortgage,Hinesburg,VT
A00002032,Monty Valerio,58,Y,Y,4,LI,Bachelor,Rent,Castleton,VT
A00002465,Kathleen Lloyd,44,Y,N,5,HI,Masters,Mortgage,Santa Rosa,CA
A00008621,Lee Stone,25,N,Y,7,LI,Bachelor,Rent,Nashville,TN
A00008388,Linda Mcnair,64,Y,Y,5,HI,PhD,Rent,Mammoth Lakes,CA
A00005860,Ella Conner,64,N,Y,2,LI,NA,Mortgage,Panama City Beach,FL
A00000646,Viola French,25,Y,Y,3,MI,High School,Own,Orange,CA
A00003354,Andree Williams,43,Y,Y,6,MI,College,Mortgage,Crofton,MD
A00009319,Richard Love,52,Y,Y,7,MI,High School,Own,Pleasanton,CA
A00003356,Matthew Vosmus,48,N,Y,6,HI,Bachelor,Rent,Severna Park,MD
A00003258,Peggy Robinson,30,Y,Y,5,MI,College,Own,Newport,VT
A00006252,David Price,31,Y,Y,6,MI,Bachelor,Own,Louisville,KY
A00001447,Kathy Keim,29,N,Y,2,HI,Bachelor,Mortgage,Montgomery,AL
A00002438,Ashley Sweet,39,Y,Y,5,MI,Bachelor,Own,Mount Tabor,VT
A00009534,Ashley Emery,40,N,N,7,MI,High School,Own,Louisville,KY
A00007837,Esther Hines,57,N,Y,4,LI,Bachelor,Own,Cambridge,MA
A00007766,Marget Santoyo,46,N,N,7,MI,Bachelor,Own,Readsboro,VT
A00008196,Katrina Lama,42,N,Y,3,MI,NA,Mortgage,Washington,DC
A00006511,Deborah Limbrick,29,N,Y,2,LI,High School,Rent,Washington,DC
A00009547,Mae Lowery,42,N,Y,4,HI,Bachelor,Rent,Nashville,TN
A00003377,James Hook,63,Y,Y,7,MI,Bachelor,Own,Arvada,CO
A00001792,Ryan Hansen,32,Y,Y,7,MI,PhD,Mortgage,Louisville,KY
A00002988,Sandra Snell,29,Y,Y,4,MI,NA,Rent,,VT
A00001209,James Lyvers,49,N,Y,5,LI,High School,Own,Washington,DC
A00007267,Kenneth Hunt,59,Y,Y,6,MI,College,Mortgage,Mathews,AL
A00002166,Lydia Cordes,39,Y,Y,2,MI,PhD,Rent,Glendale,AZ
A00009311,Lisa Gholston,35,Y,Y,5,MI,College,Own,Panama City Beach,FL
A00009519,Maria Kosmowski,54,Y,Y,5,LI,Bachelor,Rent,Montgomery,AL
A00000445,Alexander Anderson,58,N,Y,7,MI,Bachelor,Rent,Haverhill,MA
A00000778,Irene Trinh,25,Y,Y,7,MI,MD,Own,Savannah,GA
A00000768,Johnathan Sheehan,36,Y,Y,6,LI,High School,Own,Bethany,OK
A00004630,Brenda Dell,55,Y,Y,3,MI,Masters,Rent,Fayetteville,AR
A00002432,Ken Kirker,30,Y,Y,4,HI,Bachelor,Own,Montgomery,AL
A00001020,Mary Trombley,49,N,Y,3,LI,College,Mortgage,Anchorage,AK
A00005392,Daniel Jones,29,Y,Y,5,LI,Bachelor,Own,Pooler,GA
A00000995,Paul Fredeen,42,Y,Y,2,MI,College,Own,Washington,DC
A00002409,Mary Cooper,39,Y,Y,3,MI,College,Mortgage,Oklahoma City,OK
A00008358,Carolyn Perry,42,Y,Y,5,LI,MD,Own,Panama City Beach,FL
A00005084,Cathrine Fuller,51,Y,Y,2,HI,Masters,Mortgage,Grass Valley,CA
A00006790,Leslie Mann,32,Y,Y,2,HI,High School,Mortgage,Glendale,AZ
A00006730,Matthew Pelletier,34,Y,Y,2,MI,Masters,Own,Anchorage,AK
A00006158,Trista Villalobos,27,Y,Y,2,MI,Masters,Rent,Montgomery,AL
A00002455,John Singer,28,Y,N,3,MI,Masters,Mortgage,Manchester,CT
A00004478,Joanna Bennett,47,N,Y,5,HI,High School,Mortgage,Louisville,KY
A00003069,Jessica Spivey,56,Y,Y,6,LI,Bachelor,Mortgage,Tyndall Air Force Base,FL
A00003192,Nicholas Gilford,42,Y,Y,5,MI,Bachelor,Rent,Redding,CA
A00009490,Janet Miller,28,N,Y,2,MI,Masters,Own,Glendale,AZ
A00006341,Jesse Douglas,59,Y,Y,4,LI,Bachelor,Own,Louisville,KY
A00007820,Richard Giebner,44,Y,Y,6,MI,College,Mortgage,Montgomery,AL
A00009858,Christina Petty,62,Y,Y,5,HI,PhD,Mortgage,Union City,CA
A00004242,Bruce Schecter,51,Y,Y,4,MI,Bachelor,Rent,Oakland,CA
A00007199,Trevor Rowell,42,Y,Y,7,HI,PhD,Own,Arvada,CO
A00005384,Adam Perez,30,Y,N,2,MI,Masters,Mortgage,Montgomery,AL
A00004058,Marie Espinoza,51,Y,Y,6,MI,Bachelor,Rent,Glendale,AZ
A00000364,Russell Hill,62,N,Y,6,MI,MD,Mortgage,Piedmont,CA
A00003548,Robert Thompson,47,Y,Y,7,MI,College,Rent,Montgomery,AL
A00009820,Patricia Scruggs,25,Y,Y,2,LI,Bachelor,Mortgage,Melrose,MA
A00009667,Jack Leach,41,Y,Y,4,HI,High School,Mortgage,Anchorage,AK
A00001829,Nichole Hayhurst,36,Y,Y,6,LI,NA,Own,Anchorage,AK
A00007434,Ruth Comstock,35,Y,Y,4,HI,Bachelor,Mortgage,Cupertino,CA
A00009466,Paula Garcia,37,Y,Y,6,LI,High School,Mortgage,Windsor,VT
A00006241,Sherry Cardona,51,Y,Y,6,HI,High School,Own,Panama City Beach,FL
A00001982,Martha Trinka,41,Y,N,2,MI,High School,Mortgage,Montgomery,AL
A00001869,David Entrekin,37,N,Y,2,MI,College,Rent,Fayetteville,AR
A00007724,Lewis Whittaker,39,Y,Y,6,MI,College,Rent,Fayetteville,AR
A00009173,Anna Pepin,37,Y,N,2,HI,Bachelor,Rent,Oklahoma City,OK
A00002467,Leona Rivera,29,Y,Y,5,HI,Bachelor,Own,Hayward,CA
A00008640,David Hebrank,56,Y,Y,3,MI,MD,Rent,Montgomery,AL
A00003140,Norman Easter,26,Y,Y,5,MI,Bachelor,Own,Panama City,FL
A00002583,Ryan Beecher,43,N,Y,2,HI,NA,Rent,Dublin,CA
A00008852,John Racine,56,Y,N,5,MI,Bachelor,Own,Louisville,KY
A00002980,Bruce Scott,30,N,Y,6,MI,NA,Own,Anchorage,AK
A00008335,Monica Hill,53,N,N,6,LI,Bachelor,Own,Nashville,TN
A00004720,Stacey Lopez,51,Y,Y,6,MI,High School,Own,Hartford,VT
A00009706,Mariana Waller,55,Y,Y,6,HI,Masters,Own,Montgomery,AL
A00006080,Laura Marcus,51,Y,Y,7,MI,Bachelor,Mortgage,Midwest City,OK
A00003678,Violet Montoya,63,Y,Y,4,MI,Bachelor,Mortgage,Arvada,CO
A00006344,Jon Bailey,30,N,Y,6,MI,High School,Mortgage,Fayetteville,AR
A00002899,Diane Hooper,32,Y,Y,7,HI,College,Own,Glen Burnie,MD
A00009100,Jacqueline Woodard,57,Y,Y,2,HI,Bachelor,Mortgage,Nashville,TN
A00009920,Eva Pratt,46,Y,Y,4,LI,Bachelor,Mortgage,Merritt Island,FL
A00005901,Ron Morrison,33,Y,Y,6,HI,Masters,Mortgage,Arvada,CO
A00002543,Sherwood Wells,47,Y,Y,3,MI,Bachelor,Mortgage,Washington,DC
A00005382,Elizabeth Clark,50,N,Y,7,MI,Masters,Own,Panama City Beach,FL
A00002254,Jeremiah Guy,28,Y,Y,4,LI,Bachelor,Own,Oakland,CA
A00006165,Jerry Mankowski,35,Y,Y,6,LI,Masters,Rent,Fayetteville,AR
A00004234,James Hodges,42,N,Y,7,HI,Bachelor,Mortgage,Sacramento,CA
A00001553,Perry Wright,64,N,Y,3,MI,Bachelor,Mortgage,Arlington,MA
A00008791,William Santiago,37,N,Y,7,MI,NA,Mortgage,Anchorage,AK
A00006892,James Dill,35,Y,Y,5,LI,High School,Mortgage,Worcester,MA
A00003686,Traci Dorsey,58,N,Y,5,MI,Bachelor,Mortgage,Severn,MD
A00007200,Phyllis Mimnaugh,62,N,Y,6,MI,College,Mortgage,Manchester,CT
A00005681,Kandice Pickle,40,Y,Y,5,LI,Bachelor,Rent,Arvada,CO
A00007152,Michael Young,60,N,Y,6,LI,NA,Mortgage,Nashville,TN
A00009461,Julie Deal,57,Y,Y,7,LI,Bachelor,Own,Oklahoma City,OK
A00002433,Kenneth Duffield,37,N,Y,3,MI,Bachelor,Mortgage,Louisville,KY
A00006028,William Tollison,47,Y,Y,5,HI,NA,Own,Nashville,TN
A00008659,Clyde Mitchell,51,N,Y,5,MI,Masters,Mortgage,Charlton,MA
A00007354,Brian Howell,40,Y,Y,4,MI,PhD,Mortgage,Boxford,MA
A00007810,Carrie Hales,47,N,Y,6,MI,MD,Mortgage,Montgomery,AL
A00009868,Mary Henderson,44,N,Y,2,LI,High School,Own,Oklahoma City,OK
A00006601,Steven Caponigro,64,Y,Y,4,MI,High School,Mortgage,Hayward,CA
A00007769,Susan Whitfield,25,Y,Y,2,MI,High School,Rent,Severn,MD
A00007514,Jose Young,34,Y,Y,2,LI,Bachelor,Mortgage,Oklahoma City,OK
A00008141,Frances Jacobs,32,Y,Y,5,MI,High School,Mortgage,Panama City,FL
A00000296,Shelley Moore,49,Y,Y,6,HI,NA,Own,Lyndon,VT
A00006571,Jeanne Toney,48,N,N,5,MI,Bachelor,Own,Fremont,CA
A00002577,Jennifer Gomez,29,Y,Y,2,LI,PhD,Mortgage,Louisville,KY
A00006226,Darline Facundo,49,Y,N,3,LI,High School,Rent,Millis,MA
A00000715,Julio Reed,25,N,Y,5,MI,Masters,Rent,Woodland,CA
A00007957,Diana Sticht,26,N,N,7,LI,College,Rent,Norman,OK
A00007446,Jeffrey Horton,35,N,Y,4,LI,Bachelor,Own,Burlington,VT
A00000376,Lessie Garcia,29,Y,Y,7,MI,MD,Mortgage,Williamstown,VT
A00001616,Sylvia Moua,28,N,Y,6,MI,Bachelor,Own,Montgomery,AL
A00006543,Walter Laughary,32,N,Y,6,MI,Bachelor,Rent,Arvada,CO
A00001158,Kathleen Sims,27,Y,Y,2,HI,Bachelor,Own,Glendale,AZ
A00006103,George Rahm,26,Y,Y,6,MI,Bachelor,Mortgage,Glendale,AZ
A00006922,Steven Wise,43,Y,Y,2,MI,NA,Rent,Louisville,KY
A00005283,Betty Matthews,27,Y,Y,6,MI,High School,Rent,Tyngsborough,MA
A00007249,Melissa Cantley,64,Y,Y,6,HI,Bachelor,Mortgage,Brighton,VT
A00000480,Jeffrey Meyers,38,N,Y,2,LI,College,Mortgage,Essex,VT
A00000838,Clarence Miller,45,N,Y,3,HI,High School,Rent,Nashville,TN
A00007087,Frank Kym,53,Y,Y,2,HI,Bachelor,Own,Oklahoma City,OK
A00002172,Alta Kulik,40,Y,Y,6,HI,Bachelor,Mortgage,Louisville,KY
A00001258,Daniel Sansotta,56,N,Y,5,MI,High School,Rent,Arvada,CO
A00008417,Pamela Hunter,29,Y,Y,3,HI,College,Mortgage,Dummerston,VT
A00004314,Larry Eglinton,35,Y,Y,3,MI,High School,Own,Nashville,TN
A00007726,Jeffrey Whitt,42,Y,Y,2,MI,PhD,Mortgage,Tybee Island,GA
A00001567,John Cornett,62,Y,Y,2,HI,Masters,Rent,Panama City,FL
A00006864,Tina Searcy,39,Y,Y,4,LI,College,Rent,Oklahoma City,OK
A00006776,Dale Criswell,35,Y,Y,3,MI,High School,Rent,Port Wentworth,GA
A00009604,Lorena Soles,59,Y,Y,5,LI,Bachelor,Mortgage,Washington,DC
A00001331,Ok Murray,39,Y,Y,7,HI,Bachelor,Mortgage,Panama City,FL
A00005903,Antoinette Stanley,53,Y,Y,6,HI,Bachelor,Mortgage,Oklahoma City,OK
A00007460,Jesus Perry,52,Y,Y,4,HI,Masters,Mortgage,Arvada,CO
A00005287,Marguerite Merlino,62,Y,Y,6,MI,NA,Mortgage,Anchorage,AK
A00009450,Duane Davis,37,Y,Y,3,HI,High School,Mortgage,Savannah,GA
A00005809,Bradley Alston,25,N,Y,3,HI,High School,Own,Montgomery,AL
A00001208,Anne Bybee,27,N,Y,7,HI,College,Rent,Oklahoma City,OK
A00002938,Antony Aaron,48,Y,Y,7,HI,Bachelor,Mortgage,Deale,MD
A00006584,Denny Harvey,57,Y,Y,6,LI,NA,Own,Washington,DC
A00003427,Gail King,59,Y,Y,6,MI,Bachelor,Mortgage,Berkeley,CA
A00008521,Reynalda Canada,63,Y,Y,6,LI,High School,Own,Hayward,CA
A00009219,Ernestine Wackerly,29,Y,Y,5,HI,College,Rent,Panama City,FL
A00004402,Jerry Marsh,43,Y,Y,5,LI,Bachelor,Mortgage,Tybee Island,GA
A00003472,Cristina Prichard,60,Y,Y,2,MI,Masters,Mortgage,Norman,OK
A00001803,Michael Ashley,38,Y,Y,6,LI,High School,Own,Glen Burnie,MD
A00008558,William Baskin,29,Y,Y,3,LI,Bachelor,Mortgage,Manchester,CT
A00008334,Inez Faucher,35,Y,Y,7,MI,MD,Mortgage,Arvada,CO
A00000319,Beverly Sanderson,57,N,Y,2,HI,NA,Rent,Haverhill,MA
A00009400,Jean Guevara,49,N,Y,7,LI,High School,Own,Fairfield,CA
A00005436,Barbara Mathews,29,N,Y,2,LI,Bachelor,Mortgage,Anchorage,AK
A00005703,Drew Soares,63,Y,Y,2,MI,High School,Own,Louisville,KY
A00006923,Shirley Lancaster,42,Y,Y,3,MI,High School,Mortgage,Manchester,CT
A00002844,James Gannon,41,Y,Y,7,LI,Masters,Mortgage,Washington,DC
A00006762,Carolyn Moyers,61,Y,Y,7,LI,High School,Rent,Fayetteville,AR
A00005155,Edward Lange,39,N,N,7,HI,Masters,Mortgage,Panama City Beach,FL
A00002362,Kenneth Deshong,51,Y,Y,2,LI,Masters,Rent,Hayward,CA
A00001629,Bernice Odonnell,61,Y,Y,7,MI,Masters,Mortgage,Glendale,AZ
A00002992,Veda Briggs,26,N,Y,4,LI,Bachelor,Rent,Hayward,CA
A00001195,Diane Kelly,44,Y,Y,2,LI,NA,Mortgage,Medway,MA
A00009570,Joe Simpkins,25,Y,Y,4,MI,Bachelor,Own,Pasadena,MD
A00005588,Howard Leclair,48,N,Y,6,LI,High School,Mortgage,Panama City Beach,FL
A00007531,Charles Guyette,45,Y,Y,2,LI,Bachelor,Mortgage,Severna Park,MD
A00001770,George Lepe,25,N,Y,7,LI,NA,Mortgage,Franklin,VT
A00006419,Brittany Barry,36,Y,N,5,MI,Masters,Own,Anchorage,AK
A00009731,Stephan Athans,46,Y,Y,7,MI,Bachelor,Mortgage,Fountain,FL
A00007552,Leslie Davidson,52,Y,Y,7,MI,College,Own,Anchorage,AK
A00007138,Michael Boone,56,N,Y,4,HI,PhD,Rent,Arvada,CO
A00005019,Darryl Dahlman,60,Y,Y,5,HI,High School,Mortgage,Montgomery,AL
A00007382,Margaret Rhodes,38,N,Y,2,MI,MD,Own,Glendale,AZ
A00006831,John Chambers,38,Y,Y,5,LI,College,Rent,Savannah,GA
A00000676,Velma Sloan,50,Y,Y,7,MI,High School,Rent,Louisville,KY
A00002517,Wayne Blue,30,Y,Y,3,LI,College,Own,Manchester,CT
A00004727,Irma Wineman,29,Y,Y,5,HI,NA,Own,Conway,AR
A00008571,Jerry Hart,48,Y,Y,3,MI,College,Rent,Montgomery,AL
A00003351,Sylvester Young,37,Y,Y,3,HI,NA,Mortgage,Severn,MD
A00001311,Joel Shelby,40,Y,Y,2,LI,PhD,Rent,Panama City,FL
A00009679,Michael Tappen,54,Y,Y,4,MI,Bachelor,Mortgage,Nashville,TN
A00009216,Raul Campbell,45,Y,N,4,MI,NA,Mortgage,Savannah,GA
A00001253,Alice Vecker,49,Y,Y,6,LI,College,Rent,Oklahoma City,OK
A00004405,Jason Albertson,34,Y,N,4,MI,College,Own,Washington,DC
A00005679,Christy Hindman,62,Y,Y,3,LI,College,Own,Oakland,CA
A00004155,Katrina Carey,63,Y,Y,3,HI,College,Mortgage,Redding,CA
A00000933,Trinidad Harton,53,N,Y,3,MI,High School,Mortgage,Quincy,MA
A00006110,Debbie Via,40,N,Y,5,MI,Bachelor,Own,Glen Burnie,MD
A00005554,Irene Maldonado,36,N,Y,4,MI,Bachelor,Mortgage,Peoria,AZ
A00003207,Leila Jones,55,Y,Y,6,MI,Bachelor,Mortgage,Arvada,CO
A00007322,Vincent Griffin,64,N,Y,6,MI,High School,Mortgage,Washington,DC
A00003497,Mark Smothers,26,N,Y,3,LI,Bachelor,Rent,Arvada,CO
A00006692,Kathy Shireman,43,Y,Y,5,HI,PhD,Mortgage,Fayetteville,AR
A00001957,Kevin Young,27,N,Y,7,LI,Bachelor,Own,Del City,OK
A00003451,Eric Cummings,53,N,Y,3,MI,Bachelor,Mortgage,Severn,MD
A00001658,Raymond Hileman,36,Y,Y,6,MI,High School,Rent,Boulder,CO
A00008385,Paul Pollard,43,Y,N,5,LI,High School,Mortgage,Arvada,CO
A00007171,James Hall,50,Y,Y,4,MI,MD,Mortgage,Anchorage,AK
A00005022,Elizabeth Hughes,34,Y,Y,3,MI,College,Rent,Alameda,CA
A00005531,Lisa Hargrove,28,Y,Y,3,HI,High School,Mortgage,Montgomery,AL
A00005104,Gary Grindle,35,N,Y,2,MI,Bachelor,Own,Ludlow,VT
A00003044,Geoffrey Mccurry,55,Y,Y,4,HI,High School,Rent,Anchorage,AK
A00001631,Roberta Babino,38,Y,Y,6,MI,Masters,Own,Nashville,TN
A00008874,Bill Morris,47,Y,Y,5,LI,High School,Rent,Montgomery,AL
A00004274,Cynthia Olson,29,N,Y,5,MI,High School,Own,Washington,DC
A00007377,Carmela Diaz,28,Y,N,4,HI,Bachelor,Own,Nashville,TN
A00001145,Albert Norris,54,Y,Y,5,MI,Bachelor,Mortgage,Fayetteville,AR
A00002188,Linda Pereira,63,N,Y,3,MI,High School,Mortgage,Arvada,CO
A00004117,Genevieve Elkins,39,Y,Y,7,MI,Bachelor,Mortgage,Savannah,GA
A00008110,William Petit,33,Y,Y,2,LI,Bachelor,Rent,Savannah,GA
A00005260,Gladys Diego,51,N,Y,3,HI,Masters,Own,Anchorage,AK
A00005642,Curtis Ness,28,Y,Y,7,LI,MD,Own,Livermore,CA
A00009733,Joseph Hayes,31,Y,Y,7,MI,Bachelor,Mortgage,Arvada,CO
A00007683,Jessica Frazier,41,Y,Y,7,MI,Bachelor,Rent,Washington,DC
A00009023,Jonathan Comee,25,Y,Y,5,HI,MD,Mortgage,Nashville,TN
A00001123,Walter Houck,37,Y,N,5,HI,Masters,Rent,Montgomery,AL
A00007036,Willie Cribb,52,N,Y,6,LI,Bachelor,Rent,Williamstown,VT
A00000022,Virginia Kepler,43,N,Y,3,LI,NA,Rent,,VT
A00003188,David Tremblay,36,Y,Y,7,MI,Bachelor,Mortgage,Panama City,FL
A00005238,Alice Carroll,55,Y,Y,7,MI,Bachelor,Mortgage,Moore,OK
A00002671,Mable Gerald,31,Y,Y,5,LI,Bachelor,Mortgage,Vershire,VT
A00006702,Patricia Buckner,56,Y,Y,5,LI,Bachelor,Mortgage,Glendale,AZ
A00002298,Juan White,57,Y,Y,3,MI,Bachelor,Rent,Nashville,TN
A00008162,Amy Veit,59,Y,N,2,MI,College,Own,Glendale,AZ
A00005441,Donna Mcgeeney,29,Y,Y,5,LI,College,Own,Glen Burnie,MD
A00009246,Michael Marshall,46,Y,Y,6,MI,College,Rent,Piedmont,CA
A00004668,Matthew Griffin,52,N,Y,2,HI,Bachelor,Own,Annapolis,MD
A00000370,Justin Crites,32,Y,Y,3,MI,Bachelor,Own,Glendale,AZ
A00001597,Grace Mcfarlin,53,Y,Y,4,HI,High School,Mortgage,Oklahoma City,OK
A00004880,Melinda Reed,63,Y,Y,3,MI,Bachelor,Own,Arvada,CO
A00008300,Robert Silvia,50,Y,Y,3,MI,High School,Mortgage,Anchorage,AK
A00008137,Iris Motyka,60,Y,Y,5,MI,High School,Own,Arvada,CO
A00002519,Lu Savitch,49,Y,Y,2,MI,Masters,Mortgage,Oakland,CA
A00000649,Joseph Zachery,42,N,Y,7,MI,Bachelor,Mortgage,Washington,DC
A00009915,Frankie Robinson,39,N,Y,6,HI,Bachelor,Rent,Panama City,FL
A00004008,Tawana Morris,49,Y,Y,4,HI,Masters,Own,Berkeley,CA
A00004907,Marc Lovejoy,26,Y,Y,2,MI,Bachelor,Mortgage,Indian Springs Village,AL
A00005640,Dora Loveall,27,N,Y,2,MI,College,Rent,Oakland,CA
A00002581,Mindy Horr,38,N,Y,3,HI,Bachelor,Mortgage,Fayetteville,AR
A00006260,Dana Simmons,35,N,Y,4,MI,Bachelor,Rent,Savannah,GA
A00004623,Robert Krantz,38,Y,Y,3,MI,High School,Rent,Nashville,TN
A00000774,Joy Lawless,57,Y,Y,4,HI,Bachelor,Rent,Watertown,MA
A00008189,Paulette Smith,49,Y,Y,4,MI,NA,Rent,Hanover,MD
A00003645,Javier Calzada,35,Y,Y,2,MI,High School,Mortgage,Panama City,FL
A00001254,Robert Hulstine,35,Y,Y,5,MI,Bachelor,Rent,Edmond,OK
A00001505,Donna Long,45,N,Y,6,MI,PhD,Mortgage,Washington,DC
A00006125,Michael Hilker,32,Y,Y,2,LI,Bachelor,Mortgage,Nashville,TN
A00007861,Heather Macqueen,35,N,N,4,MI,Bachelor,Mortgage,Louisville,KY
A00008125,Melissa Ebling,35,Y,Y,2,LI,High School,Rent,Brentwood,TN
A00001072,Ann Thomas,46,Y,N,6,LI,Bachelor,Mortgage,Nashville,TN
A00007599,Robert Nelson,39,Y,Y,6,HI,Bachelor,Mortgage,Glendale,AZ
A00001621,Shirley Sevilla,63,Y,Y,3,HI,PhD,Mortgage,Glendale,AZ
A00002589,Mary Fogg,29,Y,Y,7,MI,Bachelor,Own,Arvada,CO
A00003697,Wesley Johnson,57,Y,Y,5,LI,NA,Rent,Glendale,AZ
A00001791,Christopher Morehead,58,Y,Y,2,HI,Bachelor,Mortgage,Anchorage,AK
A00001801,Paul Maretti,49,N,Y,5,MI,Bachelor,Rent,Manchester,CT
A00001939,James Leser,39,Y,Y,2,MI,Bachelor,Mortgage,Anchorage,AK
A00003300,Gerald Custer,63,Y,Y,2,LI,Bachelor,Mortgage,Twentynine Palms,CA
A00009958,Cynthia Jackson,60,Y,Y,6,LI,MD,Own,Panama City,FL
A00008647,Dorothy Brock,59,Y,Y,2,MI,MD,Mortgage,Louisville,KY
A00008592,Donna Marable,42,Y,Y,2,MI,High School,Own,Arvada,CO
A00005025,Esther Deleon,41,Y,Y,6,MI,Masters,Rent,Louisville,KY
A00001054,Katelyn Castro,33,Y,Y,6,HI,High School,Mortgage,Washington,DC
A00006481,Harriet Goode,49,Y,Y,6,LI,Bachelor,Own,Fayetteville,AR
A00002782,Richard Segura,57,Y,Y,5,MI,Bachelor,Own,Savannah,GA
A00003710,Bertha Sierra,55,Y,Y,3,MI,Bachelor,Own,Anchorage,AK
A00000658,Mark Peno,25,Y,Y,7,HI,NA,Rent,Manchester,CT
A00007021,Natalie Parkinson,48,Y,Y,7,MI,Masters,Own,Cupertino,CA
A00007094,Delilah Woodman,33,Y,Y,5,MI,Bachelor,Own,Weathersfield,VT
A00009040,Tonya Clapper,40,Y,Y,5,MI,High School,Mortgage,Louisville,KY
A00007393,Emma Crabtree,45,N,Y,6,LI,Bachelor,Rent,Savannah,GA
A00008959,Shari Gray,43,Y,Y,2,LI,High School,Mortgage,Montgomery,AL
A00004278,Kevin Williams,29,N,Y,3,MI,High School,Own,Glendale,AZ
A00001947,Lorraine Rosier,32,Y,Y,4,MI,Bachelor,Rent,Glendale,AZ
A00004952,Francis Mangino,48,Y,Y,2,MI,Bachelor,Mortgage,Annapolis,MD
A00005386,Sharon Atchison,52,Y,Y,2,LI,High School,Own,Washington,DC
A00004275,Samuel Depp,39,Y,Y,5,MI,Bachelor,Own,Nashville,TN
A00005379,Franklin Treadwell,32,Y,Y,7,MI,Masters,Own,Moore,OK
A00001199,Adele Milbourn,52,Y,Y,5,MI,Bachelor,Own,Arvada,CO
A00001866,Roland Jones,50,N,N,6,HI,High School,Rent,Mexico Beach,FL
A00004116,Eugene Perry,39,Y,Y,7,MI,Bachelor,Rent,Glendale,AZ
A00004825,Odessa Deleon,53,N,Y,6,LI,PhD,Mortgage,Fayetteville,AR
A00002616,Larry Mclean,39,Y,Y,2,MI,College,Rent,Fremont,CA
A00004163,James Harris,33,Y,Y,6,HI,PhD,Mortgage,Arvada,CO
A00006661,Michelle Williams,54,N,Y,7,MI,Bachelor,Rent,Oklahoma City,OK
A00007067,Kathryn Dean,39,N,Y,4,MI,Bachelor,Mortgage,Rohnert Park,CA
A00002699,Nancy Hudson,53,N,Y,5,MI,PhD,Mortgage,Anchorage,AK
A00002209,Catherine Moore,25,Y,Y,7,MI,High School,Own,Fayetteville,AR
A00002361,Richard Linstrom,61,N,Y,5,MI,High School,Rent,Anchorage,AK
A00009083,Willard Noyes,55,Y,Y,2,HI,High School,Own,,VT
A00002307,Earl Brimage,52,Y,Y,3,MI,College,Mortgage,Manchester,CT
A00004808,Nelda Vasko,54,N,Y,6,MI,High School,Rent,Fayetteville,AR
A00002132,Jeffrey Lockwood,25,N,Y,6,MI,PhD,Own,Oklahoma City,OK
A00006676,Todd Shields,25,N,Y,6,LI,High School,Mortgage,Hayward,CA
A00006858,Melissa Gray,26,Y,Y,3,MI,High School,Rent,Anchorage,AK
A00003963,Wendy Wilson,47,Y,Y,3,LI,Bachelor,Rent,Lynn Haven,FL
A00001879,Carol Berg,39,N,Y,4,LI,Masters,Mortgage,Arvada,CO
A00006323,Virginia Allison,64,Y,Y,3,HI,High School,Rent,Montgomery,AL
A00005732,Tracey Lawrence,27,Y,N,6,LI,Bachelor,Rent,Montgomery,AL
A00000790,Melisa Kump,26,Y,Y,5,HI,Bachelor,Rent,Washington,DC
A00009226,Alana Anderson,38,N,Y,4,LI,High School,Mortgage,Louisville,KY
A00004513,Ida Benson,32,Y,Y,6,MI,Masters,Rent,Anchorage,AK
A00000380,Annie Curry,55,Y,Y,2,MI,College,Rent,Panama City,FL
A00009014,James Hance,39,Y,Y,2,MI,High School,Mortgage,Louisville,KY
A00006154,Katrina Patel,57,N,Y,2,MI,High School,Rent,Nashville,TN
A00009941,Ollie Williamson,55,N,Y,7,MI,Bachelor,Mortgage,Nashville,TN
A00006555,Douglas Alvarez,35,Y,Y,7,HI,High School,Mortgage,Glendale,AZ
A00006500,Tamela Gilkes,61,Y,Y,4,MI,Bachelor,Own,Glendale,AZ
A00005862,David Angel,26,N,Y,3,MI,High School,Rent,Fruita,CO
A00004947,Dora Gust,29,Y,Y,3,LI,Bachelor,Mortgage,Youngstown,FL
A00008656,Hattie Ward,44,N,Y,7,MI,Bachelor,Rent,Oklahoma City,OK
A00000328,Monica Patel,34,N,Y,2,LI,High School,Own,Alburgh,VT
A00007099,Roy Ledesma,34,Y,Y,7,LI,High School,Mortgage,Savannah,GA
A00003899,Travis Ford,45,N,Y,5,MI,Masters,Mortgage,Milton,MA
A00004033,Edward Almy,36,N,Y,6,LI,MD,Mortgage,Washington,DC
A00001889,Crystal Brumback,25,Y,Y,6,LI,MD,Own,Pasadena,MD
A00008713,John Bouman,54,Y,N,6,LI,High School,Own,Montgomery,AL
A00000615,Brenna Stephens,26,Y,Y,6,MI,NA,Own,Louisville,KY
A00004355,Glenna Kennedy,37,N,Y,5,MI,High School,Mortgage,Anchorage,AK
A00003488,Henry Hendricks,49,Y,Y,7,LI,Bachelor,Rent,Annapolis,MD
A00004352,Dennis Kemp,26,Y,Y,4,LI,PhD,Mortgage,Oklahoma City,OK
A00007910,Benjamin Ramos,43,Y,Y,2,MI,Bachelor,Own,Montgomery,AL
A00007845,John Le,25,Y,Y,2,HI,Bachelor,Mortgage,Glendale,AZ
A00000636,Timothy Stewart,29,Y,Y,4,MI,Bachelor,Mortgage,Castro Valley,CA
A00000807,Gerry Bridgman,58,Y,Y,2,MI,Masters,Rent,Manchester,CT
A00001551,Mary Lemme,59,Y,Y,3,MI,College,Own,Arvada,CO
A00005092,Cathy Farmer,35,Y,Y,5,LI,High School,Mortgage,Pasadena,MD
A00004122,Christopher Galyen,39,Y,Y,2,HI,PhD,Rent,Nashville,TN
A00009498,Marsha Nadeau,50,Y,Y,5,MI,Bachelor,Mortgage,Panama City Beach,FL
A00006973,Patricia Carter,57,N,Y,3,HI,Bachelor,Mortgage,Manchester,CT
A00005688,Steve Mavai,64,Y,Y,2,MI,High School,Own,Brooklyn Park,MD
A00004881,Cecile Cadiz,50,Y,Y,7,MI,Bachelor,Mortgage,Burlington,VT
A00008678,Marcia Oetting,25,Y,Y,3,HI,NA,Mortgage,Anchorage,AK
A00009143,Betty Richman,46,N,Y,7,MI,College,Mortgage,Norman,OK
A00005395,Nathaniel Flannery,52,N,Y,4,MI,Masters,Mortgage,San Leandro,CA
A00001867,Robin Taylor,56,Y,Y,7,MI,Masters,Own,Panama City,FL
A00006655,Charles Watson,28,Y,Y,4,MI,Bachelor,Rent,Savannah,GA
A00001121,Richard Ellis,51,Y,Y,4,MI,MD,Rent,Manchester,CT
A00004595,Tiffany Cser,33,N,N,6,MI,College,Rent,Nashville,TN
A00007809,Nathaniel Morgan,58,Y,N,4,LI,High School,Own,Worcester,MA
A00002326,Randi Haight,57,N,Y,2,LI,NA,Own,Arvada,CO
A00001546,Jacob Galentine,26,N,Y,2,HI,High School,Mortgage,Wilmington,VT
A00007086,Terry Carvajal,56,Y,Y,2,LI,High School,Mortgage,Nashville,TN
A00006398,William Barkley,44,Y,N,3,LI,MD,Mortgage,Castro Valley,CA
A00003640,Mary Brockway,49,Y,Y,5,LI,High School,Mortgage,Fayetteville,AR
A00000411,Steve Chaput,27,Y,Y,3,HI,Bachelor,Rent,Anchorage,AK
A00002223,Danielle Reynolds,25,Y,Y,5,MI,Bachelor,Mortgage,Nashville,TN
A00005869,Jeffery Bryant,43,N,Y,6,HI,NA,Mortgage,Fremont,CA
A00001790,Carolyn Schmucker,41,N,Y,4,HI,Bachelor,Own,Agawam,MA
A00002675,Joe Maclean,57,Y,Y,2,LI,MD,Own,Washington,DC
A00002309,Paul Rider,55,N,Y,5,MI,High School,Own,Millersville,MD
A00007441,Shirley Patterson,51,Y,N,5,LI,High School,Mortgage,Manchester,CT
A00007677,Richard Brown,60,N,Y,5,MI,High School,Mortgage,Arvada,CO
A00000044,Nancy Blumberg,42,Y,Y,5,HI,Bachelor,Mortgage,Savannah,GA
A00006326,Pam Gentile,34,Y,Y,2,MI,Masters,Mortgage,Louisville,KY
A00007547,Nathan Susanin,58,Y,Y,4,MI,Bachelor,Mortgage,Glendale,AZ
A00001786,Christopher Bartkowski,55,Y,Y,2,MI,College,Mortgage,Anchorage,AK
A00000971,Hugh Haynes,57,N,Y,6,HI,High School,Rent,Montgomery,AL
A00002503,Willie Weaver,26,N,Y,6,HI,Bachelor,Own,Louisville,KY
A00003970,Lorene Newton,38,Y,Y,6,MI,Masters,Rent,Glendale,AZ
A00009248,Karen Knights,54,Y,Y,6,MI,Bachelor,Mortgage,Montgomery,AL
A00001376,Vera Chase,45,Y,Y,7,MI,Bachelor,Mortgage,Agawam,MA
A00007879,Rebecca Payne,26,N,Y,7,HI,Bachelor,Rent,,VT
A00009012,Veronica James,61,Y,Y,4,HI,Bachelor,Rent,Arvada,CO
A00005643,Tina Corliss,53,Y,Y,2,MI,Masters,Mortgage,Berkeley,CA
A00006133,Betty Mcclarty,49,Y,Y,2,HI,College,Own,Washington,VT
A00005136,Cheryl Obrien,30,Y,Y,3,MI,MD,Mortgage,Arvada,CO
A00001857,Benjamin Mccay,50,N,Y,7,MI,High School,Mortgage,Panama City,FL
A00009117,Joseph Scuderi,37,N,Y,4,LI,Bachelor,Mortgage,Panama City,FL
A00001425,Leslie Redding,55,Y,Y,2,LI,High School,Mortgage,,TN
A00002729,Juan Jones,30,Y,Y,3,MI,Bachelor,Own,Manchester,CT
A00008891,Gerald Varella,27,Y,Y,2,MI,High School,Own,Glen Burnie,MD
A00004964,Mark Mcdowell,32,Y,Y,4,HI,Bachelor,Mortgage,Washington,DC
A00007826,Amber Windham,51,Y,Y,3,MI,Bachelor,Mortgage,Port Charlotte,FL
A00004443,Henry Sebald,41,Y,Y,5,MI,Bachelor,Mortgage,Nashville,TN
A00008514,Doreen Vizarro,30,Y,Y,2,MI,Bachelor,Own,Pooler,GA
A00003789,Argentina Weaver,43,N,Y,7,HI,Bachelor,Own,Anchorage,AK
A00005992,Marlene Tiller,62,N,N,6,HI,College,Own,Washington,DC
A00003058,Virgina Quiroz,56,Y,Y,3,MI,MD,Rent,,MD
A00005319,Elsie Reece,33,Y,Y,5,HI,High School,Rent,Glendale,AZ
A00008610,Virginia Lindsay,59,Y,Y,2,HI,Bachelor,Mortgage,Annapolis,MD
A00000637,Jose Hickman,52,Y,Y,3,MI,Bachelor,Rent,Glendale,AZ
A00009119,Robert Rocha,54,Y,Y,6,LI,High School,Mortgage,Manchester,CT
A00009198,Daniel Pults,46,N,Y,2,HI,High School,Mortgage,Gloucester,MA
A00002834,Bonita Smith,29,Y,Y,5,HI,High School,Mortgage,Fayetteville,AR
A00002560,Jose Ellis,62,Y,Y,5,MI,College,Rent,Montgomery,AL
A00001196,Robert Froedge,59,N,Y,2,MI,Bachelor,Own,Agawam,MA
A00000422,Betty Magill,41,N,Y,7,HI,Bachelor,Own,Montgomery,AL
A00009537,Mildred Delong,32,Y,Y,6,MI,PhD,Own,Washington,DC
A00009278,Joseph Mccabe,46,Y,Y,4,LI,Bachelor,Mortgage,Woburn,MA
A00000441,Jane Abbott,28,Y,Y,5,HI,Bachelor,Rent,Louisville,KY
A00003158,Juan Whitchurch,26,Y,Y,3,MI,NA,Own,Selma,CA
A00006902,Charlie Segura,60,N,Y,2,MI,Bachelor,Rent,Arvada,CO
A00002066,Mildred Olsen,52,N,Y,7,MI,Bachelor,Own,Fort Collins,CO
A00008930,Herbert Tack,26,Y,Y,6,MI,High School,Own,Nashville,TN
A00002048,Ralph Dawkins,32,Y,Y,5,MI,High School,Own,Holbrook,MA
A00000713,Jean Grant,61,Y,Y,6,HI,Bachelor,Own,Panama City,FL
A00002576,Julia Starner,32,Y,Y,3,HI,Bachelor,Mortgage,Washington,DC
A00002173,Michael Mustard,53,N,Y,6,MI,Bachelor,Rent,Walpole,MA
A00000292,Kirby Hendrix,64,Y,Y,6,LI,Masters,Mortgage,West Brattleboro,VT
A00005036,Annette Lane,59,Y,Y,6,MI,Bachelor,Own,Arvada,CO
A00000372,Jose Bailey,40,Y,Y,2,LI,Bachelor,Mortgage,Pasadena,MD
A00000045,Corey Phillips,33,Y,Y,4,MI,Bachelor,Own,Edmond,OK
A00000668,Harold Wight,62,Y,Y,4,LI,Masters,Rent,Glendale,AZ
A00006123,Stephen Steele,28,N,Y,2,MI,Bachelor,Mortgage,Manchester,CT
A00004504,Leah Adame,31,Y,Y,6,HI,Masters,Rent,Louisville,KY
A00001454,Amber Morris,47,Y,Y,2,HI,Bachelor,Rent,Louisville,KY
A00003001,Darryl Stewart,63,Y,Y,3,MI,Bachelor,Mortgage,Washington,DC
A00000095,Brooks Grizzle,59,Y,Y,6,HI,Bachelor,Mortgage,Reading,MA
A00002750,Casey Hadsell,38,Y,Y,2,LI,High School,Own,Panama City Beach,FL
A00007561,Johnathan Morey,53,N,Y,3,MI,Masters,Mortgage,Louisville,KY
A00000428,Steve Martin,28,Y,Y,4,MI,NA,Mortgage,Glen Burnie,MD
A00004104,Linda Thomas,59,N,Y,6,HI,NA,Rent,Washington,DC
A00005213,Billy Breeding,38,N,Y,2,LI,Bachelor,Own,Manchester,CT
A00003595,Derek Schuster,62,Y,Y,7,HI,Bachelor,Rent,Savannah,GA
A00001248,Helen Gracie,46,N,Y,5,LI,High School,Own,Fayetteville,AR
A00007966,Richard Gish,27,Y,Y,6,LI,PhD,Rent,Nashville,TN
A00003452,Theodore Townsend,25,Y,Y,7,MI,Bachelor,Rent,Anchorage,AK
A00002840,Adele Gonzales,41,Y,N,5,MI,College,Rent,Orange,CA
A00003240,Jean Hyneman,60,Y,Y,5,LI,High School,Mortgage,Savannah,GA
A00005272,Flossie Leleux,55,Y,Y,2,MI,High School,Rent,Panama City,FL
A00000446,Thomas Kirby,42,Y,Y,5,MI,NA,Rent,Arvada,CO
A00005177,Deirdre Bachman,55,N,Y,5,HI,NA,Rent,Nashville,TN
A00005971,Dora Kutner,34,Y,Y,5,LI,High School,Rent,Arvada,CO
A00006304,Lauri Coronel,33,Y,Y,2,HI,PhD,Own,Plymouth,VT
A00006077,Betty Beebe,36,Y,Y,4,MI,MD,Mortgage,Berkeley,CA
A00001986,Frankie Suryan,31,Y,Y,2,LI,PhD,Rent,Deale,MD
A00001646,Jeremy Hathorn,34,Y,Y,7,LI,Bachelor,Own,Louisville,KY
A00001845,Joseph Swearinger,50,N,Y,7,LI,Bachelor,Mortgage,Piedmont,CA
A00005322,Mark White,36,Y,Y,3,LI,High School,Mortgage,Panama City,FL
A00002960,Randall Woolum,55,Y,Y,7,HI,NA,Mortgage,Berkeley,CA
A00000423,Linda Carol,35,Y,N,3,LI,Masters,Own,Montgomery,AL
A00003525,Rhonda Mangan,33,Y,Y,4,HI,Bachelor,Mortgage,Glendale,AZ
A00005305,James Laditka,34,Y,N,5,MI,Bachelor,Mortgage,Vergennes,VT
A00008252,Tony Beausoleil,45,Y,Y,3,HI,Bachelor,Mortgage,Glendale,AZ
A00008982,Kenneth Le,47,Y,Y,4,MI,College,Mortgage,Montgomery,AL
A00007888,Theresa Mathis,30,Y,Y,6,HI,Bachelor,Own,Glendale,AZ
A00005101,Maggie Dunkelberger,57,Y,Y,6,MI,High School,Rent,Savannah,GA
A00007551,Jenny Simmons,45,Y,N,3,LI,NA,Mortgage,Panama City,FL
A00003826,Harland Angelilli,32,Y,Y,7,HI,High School,Mortgage,Glendale,AZ
A00007911,Samuel Garrett,33,Y,Y,6,MI,Bachelor,Rent,Middlebury,VT
A00002659,Elizabeth Saunders,34,Y,Y,3,MI,MD,Rent,Arvada,CO
A00006967,Lora Rowden,62,Y,Y,5,HI,Bachelor,Rent,Arvada,CO
A00001309,Gregorio Swint,63,Y,Y,4,MI,Bachelor,Own,Arvada,CO
A00004815,Janice Reynolds,57,Y,Y,4,MI,MD,Mortgage,Glendale,AZ
A00006058,Edmond Luna,42,Y,Y,7,HI,Bachelor,Mortgage,Louisville,KY
A00007219,James Ford,59,Y,Y,4,MI,Bachelor,Own,Fair Haven,VT
A00000331,Laurie Vinson,27,Y,Y,6,MI,College,Mortgage,Washington,DC
A00003715,Amy Jobst,50,Y,Y,7,LI,College,Own,Lynn Haven,FL
A00004615,Amanda Longsdorf,37,Y,Y,6,LI,Bachelor,Own,Saint Albans City,VT
A00009336,Michael Boyne,51,Y,Y,3,MI,Bachelor,Own,Savannah,GA
A00008158,Arlene Love,26,N,Y,2,MI,Bachelor,Rent,Louisville,KY
A00002384,John Humphrey,41,Y,Y,2,MI,Bachelor,Rent,Anchorage,AK
A00002113,Ronald Pedersen,38,Y,Y,3,LI,Bachelor,Own,Savannah,GA
A00000690,Rae Rosado,31,N,Y,3,HI,High School,Mortgage,Worcester,MA
A00009526,Anita Goble,59,Y,Y,7,LI,Masters,Own,Nashville,TN
A00003791,Christopher Williamson,37,Y,Y,5,HI,Bachelor,Mortgage,Manchester,CT
A00003792,Nicholas Simpson,27,Y,Y,2,MI,Bachelor,Own,Panama City,FL
A00003484,Thomas Lyons,42,Y,N,5,MI,PhD,Own,Anchorage,AK
A00007930,Elizabeth Croteau,62,Y,Y,4,MI,Masters,Rent,Montgomery,AL
A00008203,Amanda Browning,42,N,Y,7,MI,Bachelor,Own,Montgomery,AL
A00006698,William Perryman,47,Y,Y,2,HI,NA,Rent,Peoria,AZ
A00002435,Sean Cather,35,Y,Y,5,LI,Masters,Own,Montgomery,AL
A00007862,Roy Mckenney,54,Y,Y,2,HI,Bachelor,Rent,Montgomery,AL
A00008623,Lee Brown,44,Y,Y,7,HI,Masters,Own,Fort Collins,CO
A00006959,Angel Gruber,36,N,N,5,MI,Bachelor,Own,Hayward,CA
A00006991,Sara Borkowski,37,Y,Y,4,MI,Bachelor,Rent,Oklahoma City,OK
A00001468,Jessica Yu,46,Y,Y,5,LI,NA,Mortgage,Anchorage,AK
A00003781,Tonia Helm,37,Y,Y,3,MI,Bachelor,Rent,Savannah,GA
A00009233,Rosa Harsh,26,Y,Y,6,MI,High School,Own,Montgomery,AL
A00004531,Shawn Miller,54,Y,N,5,LI,Bachelor,Rent,Berkeley,CA
A00005164,Elizabeth Wolff,60,Y,Y,3,MI,MD,Rent,Glendale,AZ
A00002891,Leslie Nail,48,Y,Y,6,HI,College,Rent,Mammoth Lakes,CA
A00006843,Grover Woodring,28,N,Y,3,HI,High School,Own,Aurora,CO
A00003776,Eric Orwig,38,Y,Y,3,HI,College,Own,Nashville,TN
A00002444,Randi Earls,36,Y,Y,6,LI,MD,Rent,Glendale,AZ
A00007433,Ronald Osborn,30,Y,Y,5,LI,Masters,Rent,Arvada,CO
A00007432,Jacob Minichiello,32,N,Y,4,LI,High School,Mortgage,Oklahoma City,OK
A00004316,Peter Nock,49,Y,Y,2,HI,Masters,Mortgage,Glendale,AZ
A00007516,Paula Winchester,41,Y,Y,7,MI,Masters,Own,Savannah,GA
A00005494,Wayne Jackson,41,Y,Y,4,MI,Bachelor,Rent,Arvada,CO
A00000917,Eugene Alcala,50,Y,Y,3,MI,Bachelor,Own,Ione,CA
A00007215,Walter Conner,31,Y,Y,2,HI,Bachelor,Own,Hayward,CA
A00009391,George Oliver,34,Y,Y,3,MI,Masters,Rent,Montgomery,AL
A00000791,Doris Gonzalez,63,Y,Y,2,MI,Bachelor,Rent,Brookline,MA
A00000246,Dennis Rodriquez,38,Y,Y,7,MI,Bachelor,Mortgage,Anchorage,AK
A00007057,Glenn Loe,26,Y,Y,5,LI,NA,Rent,Savannah,GA
A00001319,Jesus Castle,58,Y,Y,5,MI,Bachelor,Own,Oklahoma City,OK
A00006813,Jason Garrett,41,Y,Y,7,LI,High School,Mortgage,Fayetteville,AR
A00008781,Heather Bodak,60,Y,Y,5,HI,NA,Mortgage,Edmond,OK
A00000966,Hosea Hyland,26,Y,Y,2,LI,NA,Own,Hingham,MA
A00000571,Susan Cooney,51,Y,Y,7,MI,High School,Rent,Anchorage,AK
A00006486,Raymond Daves,61,N,Y,6,MI,Bachelor,Own,Oklahoma City,OK
A00004202,Gladys Wilson,44,Y,Y,2,HI,Bachelor,Mortgage,Oakland,CA
A00005782,Matthew Lee,53,Y,Y,7,HI,Bachelor,Own,Louisville,KY
A00005606,Samuel Mart,62,Y,Y,7,LI,High School,Mortgage,Louisville,KY
A00002205,Amy Butler,39,N,Y,6,HI,High School,Own,Westmore,VT
A00005882,Thomas Austin,61,Y,Y,3,HI,College,Own,South Burlington,VT
A00005202,Francis Maddox,28,Y,Y,2,LI,Masters,Mortgage,Fayetteville,AR
A00000240,Ruth Royse,54,Y,Y,3,MI,High School,Own,Fayetteville,AR
A00005381,Erick Wade,53,N,Y,7,MI,High School,Rent,Pleasanton,CA
A00008889,Misty Reynolds,42,Y,Y,6,HI,Bachelor,Mortgage,Tyndall Air Force Base,FL
A00002779,Teresa Hogan,56,Y,Y,6,HI,Bachelor,Rent,Montgomery,AL
A00000071,Kevin Yarbrough,54,Y,Y,5,MI,MD,Rent,Arnold,MD
A00008813,Russell Ito,31,Y,Y,7,HI,PhD,Own,Louisville,KY
A00008253,Christy Berry,38,Y,Y,7,MI,NA,Mortgage,Washington,DC
A00005364,Joseph Rosenow,56,Y,Y,6,LI,MD,Own,Louisville,KY
A00000553,Margaret Williams,56,Y,Y,3,LI,Bachelor,Rent,Quincy,MA
A00005595,Mary Stanton,45,Y,Y,4,HI,Bachelor,Rent,Glendale,AZ
A00008255,John Sequeira,55,Y,Y,4,LI,College,Own,Manchester,CT
A00007029,Janell Small,44,Y,Y,4,MI,High School,Rent,Oakland,CA
A00002077,Everett Johnson,42,Y,Y,2,LI,College,Mortgage,Montgomery,AL
A00001641,Keith Stephens,50,Y,Y,3,HI,Bachelor,Own,Fayetteville,AR
A00004146,Jason Freeman,30,N,Y,6,HI,Masters,Rent,Saint Johnsbury,VT
A00003020,Christina Caudill,40,Y,Y,4,MI,College,Own,Tyngsborough,MA
A00000269,Amanda Murphy,43,Y,Y,3,LI,Bachelor,Mortgage,Edgewater,MD
A00006824,Donna Tesoriero,44,N,Y,2,MI,Bachelor,Own,Louisville,KY
A00002472,Ronda Fluegge,36,Y,Y,2,LI,Bachelor,Own,Glendale,AZ
A00002147,Hugo Akins,37,Y,Y,5,HI,Masters,Mortgage,Manchester,CT
A00003699,Timothy Buchan,50,Y,Y,2,MI,Masters,Own,Washington,DC
A00007266,James Clayton,41,Y,Y,3,MI,Bachelor,Own,Aurora,CO
A00001944,Jon Williams,44,Y,Y,4,MI,Bachelor,Rent,Youngstown,FL
A00003066,Richard Eggleston,44,Y,Y,5,HI,PhD,Rent,Fall River,MA
A00007718,Susan Nutting,54,Y,Y,7,MI,High School,Mortgage,Oak Bluffs,MA
A00007327,Douglas Vargas,46,Y,N,7,LI,Bachelor,Mortgage,Arvada,CO
A00006605,Debra Parrish,57,Y,Y,3,HI,College,Mortgage,Arnold,MD
A00003470,Sara Stanbaugh,36,Y,Y,4,HI,College,Rent,Nashville,TN
A00009075,Brian Brown,43,Y,Y,6,MI,Masters,Mortgage,Fayetteville,AR
A00000930,Gloria Straton,31,Y,Y,4,MI,High School,Own,Nashville,TN
A00001163,Terry Estes,60,Y,Y,5,MI,NA,Rent,Washington,DC
A00003924,Jessie Williams,43,N,Y,4,HI,College,Mortgage,Olivehurst,CA
A00007893,Debra Taylor,45,N,Y,6,MI,High School,Mortgage,Panama City,FL
A00009334,Martha Toms,26,Y,Y,5,LI,Bachelor,Mortgage,Glendale,AZ
A00003110,Robert Hermanson,43,N,Y,7,HI,College,Rent,Manchester,CT
A00002287,Sean Baldwin,64,Y,Y,2,HI,High School,Rent,Anchorage,AK
A00000949,Jeffrey James,64,Y,Y,7,MI,High School,Mortgage,Fayetteville,AR
A00009530,Calvin Howell,54,Y,Y,7,MI,Bachelor,Own,Fayetteville,AR
A00002575,Brenda Eddins,51,Y,Y,5,MI,Masters,Mortgage,Arvada,CO
A00003475,Marilyn Egan,39,N,Y,7,MI,Bachelor,Mortgage,Fayetteville,AR
A00009315,John Davenport,60,Y,Y,6,LI,Bachelor,Mortgage,Goodlettsville,TN
A00000693,John Leberte,37,Y,Y,7,MI,High School,Mortgage,Arvada,CO
A00002291,April Bell,55,Y,Y,7,HI,Bachelor,Mortgage,Fayetteville,AR
A00002723,Sharon Butler,30,Y,Y,6,LI,High School,Own,Sebastopol,CA
A00000894,Tara Curran,29,Y,Y,6,MI,High School,Rent,Annapolis,MD
A00006225,Corine Bergquist,52,Y,Y,6,MI,Bachelor,Rent,Anchorage,AK
A00008177,Stephanie Welch,36,N,Y,2,MI,Bachelor,Rent,Oklahoma City,OK
A00002470,Gregory Tuttle,64,Y,Y,6,LI,High School,Rent,Pasadena,MD
A00000702,Marilyn Bowling,56,Y,Y,5,LI,College,Rent,Fayetteville,AR
A00005617,David Pennington,55,Y,Y,6,HI,PhD,Mortgage,McCrory,AR
A00006219,Jeremy Phillips,47,Y,Y,2,MI,Bachelor,Rent,Oklahoma City,OK
A00007084,Barbara Harness,62,N,Y,4,MI,Bachelor,Own,Pasadena,MD
A00002635,Erica Revels,60,Y,Y,4,MI,High School,Mortgage,Edmond,OK
A00000982,Julie Hoover,27,Y,Y,5,MI,Bachelor,Mortgage,Severn,MD
A00007869,Frances Hall,64,N,Y,2,MI,High School,Rent,Fremont,CA
A00004121,Brenda Solomon,54,Y,Y,5,MI,Bachelor,Mortgage,Manchester,CT
A00000219,Raul Kilgallon,41,Y,Y,4,MI,Bachelor,Rent,Panama City,FL
A00001415,Ruth Elder,31,N,N,3,MI,Bachelor,Own,Manchester,CT
A00002849,Myra Nunnally,28,Y,Y,7,MI,NA,Own,Anchorage,AK
A00005566,Sherry Nunez,38,Y,N,6,MI,MD,Mortgage,Glen Burnie,MD
A00009610,Barry Telschow,47,Y,Y,7,MI,High School,Rent,Pasadena,MD
A00002599,Charles Smith,49,N,Y,6,HI,High School,Rent,Glendale,AZ
A00009962,Mary Roscoe,28,N,N,6,HI,Bachelor,Mortgage,Fayetteville,AR
A00005761,Ellen Delarosa,35,N,Y,4,LI,NA,Rent,Savannah,GA
A00001050,Maria Dahlheimer,30,Y,Y,6,HI,Bachelor,Mortgage,Midwest City,OK
A00009543,Fredda Parsons,58,Y,Y,3,HI,MD,Rent,Oklahoma City,OK
A00000956,Mary Cotton,51,Y,Y,2,MI,High School,Rent,Glendale,AZ
A00005542,Sarah Clermont,37,Y,Y,6,LI,College,Rent,Fayetteville,AR
A00006293,Joseph White,29,Y,Y,5,LI,High School,Rent,Washington,DC
A00005109,Arthur Herman,43,Y,Y,3,MI,MD,Own,Glendale,AZ
A00003521,Monica Handley,44,N,Y,5,MI,NA,Mortgage,Fayetteville,AR
A00000852,Dorothy Balch,61,Y,Y,3,LI,Bachelor,Own,Woodford,VT
A00005957,Christine Gongalves,61,Y,Y,3,MI,Masters,Rent,Savannah,GA
A00008627,John Cook,59,Y,Y,5,HI,MD,Mortgage,Arvada,CO
A00002697,Wayne Osborn,64,Y,Y,3,LI,Bachelor,Rent,Glendale,AZ
A00000580,Hattie Diaz,34,Y,Y,7,HI,NA,Rent,Lynn Haven,FL
A00001942,Jackie Rowan,42,Y,Y,2,LI,NA,Own,Glendale,AZ
A00007535,Mikki Miosky,39,Y,Y,3,MI,Bachelor,Mortgage,Severn,MD
A00007788,Tracey Miner,39,N,Y,2,HI,College,Own,Anchorage,AK
A00008442,William Thomas,35,Y,Y,5,MI,Masters,Mortgage,Plantation,KY
A00004522,Donna Thompson,26,Y,N,5,HI,Bachelor,Own,Fayetteville,AR
A00009778,John Stone,36,Y,Y,4,MI,Masters,Own,Del City,OK
A00004778,James Allen,36,Y,Y,4,LI,Bachelor,Rent,Burke,VT
A00009623,Ruth Calhoun,25,Y,Y,5,LI,Masters,Rent,Washington,DC
A00002374,Ruth Viator,42,N,Y,5,HI,High School,Mortgage,Annapolis,MD
A00009088,Lisa Miller,34,N,Y,6,MI,Masters,Own,Washington,DC
A00003338,Bennett Vinson,38,N,Y,4,HI,PhD,Own,Savannah,GA
A00000798,Ashley Fulkerson,28,Y,Y,5,MI,Bachelor,Rent,Fayetteville,AR
A00007198,Guy Bouchard,35,Y,N,4,LI,Masters,Rent,Monte Rio,CA
A00009294,Timothy Rizzo,26,Y,Y,6,MI,High School,Rent,Middleborough,MA
A00007618,Sammy Curran,41,Y,Y,4,LI,College,Rent,Panama City,FL
A00009190,Jennifer Snelgrove,54,Y,Y,5,LI,Bachelor,Own,Washington,DC
A00001240,Jerald Greenhouse,34,Y,Y,7,LI,College,Mortgage,Norman,OK
A00002798,David Rogers,62,Y,Y,3,MI,Bachelor,Rent,Montgomery,AL
A00004456,Lisa Hanson,35,Y,Y,4,MI,Bachelor,Mortgage,Louisville,KY
A00003536,Gloria Davis,30,Y,Y,3,MI,Masters,Mortgage,Arvada,CO
A00007463,James Miles,34,Y,Y,4,HI,Bachelor,Mortgage,Nashville,TN
A00004338,Courtney Mills,44,Y,Y,3,MI,PhD,Rent,Saint Albans City,VT
A00005068,Bernice Hall,45,N,Y,7,MI,Bachelor,Mortgage,Berkeley,CA
A00007983,Felicita Mayes,60,Y,Y,6,MI,NA,Rent,Fayetteville,AR
A00000599,Christian Carp,36,Y,Y,6,MI,Bachelor,Rent,Anchorage,AK
A00000494,Lillie Kenny,62,N,Y,5,MI,Bachelor,Mortgage,Fayetteville,AR
A00008411,Charles Gaines,56,Y,Y,6,HI,Bachelor,Mortgage,Glendale,AZ
A00008478,Maria Krajcer,52,Y,Y,5,MI,Bachelor,Rent,Nashville,TN
A00009282,Larry Reyes,36,N,Y,6,HI,Bachelor,Mortgage,Panama City,FL
A00009423,Kathleen Oconnor,34,Y,Y,6,MI,Bachelor,Own,Oklahoma City,OK
A00004235,Karen Mcclain,46,Y,Y,5,MI,NA,Mortgage,Essex,VT
A00009988,Deborah Foster,50,Y,Y,7,MI,College,Mortgage,Arvada,CO
A00001238,Terry Boston,28,Y,Y,4,MI,Bachelor,Mortgage,Bourne,MA
A00002580,Debra Smith,46,Y,Y,7,LI,College,Mortgage,Fayetteville,AR
A00006237,Frank Walk,30,Y,Y,6,LI,Bachelor,Own,Savannah,GA
A00006042,Jacqueline Huether,58,N,Y,3,MI,Bachelor,Mortgage,Louisville,KY
A00008559,Alice Murphy,49,N,Y,3,MI,High School,Rent,Glendale,AZ
A00003257,Marie Collins,31,Y,Y,3,MI,High School,Own,Burlington,VT
A00002296,Nancy Crawford,25,N,Y,7,LI,High School,Own,Anchorage,AK
A00000682,William Nystrom,48,N,Y,7,MI,College,Mortgage,Severn,MD
A00007320,Alton Bradford,50,Y,Y,7,MI,High School,Rent,Washington,DC
A00006269,Lorraine Perry,42,N,Y,2,LI,High School,Mortgage,Oklahoma City,OK
A00005839,Michelle Conn,54,Y,Y,3,MI,Bachelor,Own,Farmington,AR
A00002081,Ralph Liu,62,Y,Y,5,HI,MD,Own,Montgomery,AL
A00005110,Janet Gietz,35,Y,Y,6,LI,High School,Mortgage,Nashville,TN
A00008617,Mary Landis,37,Y,Y,5,MI,Bachelor,Mortgage,Fayetteville,AR
A00001227,Kim Cope,46,Y,Y,7,MI,Bachelor,Rent,Nashville,TN
A00006352,George Currie,58,Y,Y,5,MI,College,Own,Gibson Island,MD
A00000286,Terri Gonsalez,59,Y,Y,2,LI,High School,Own,Louisville,KY
A00006283,Albert Wilkie,62,Y,Y,5,MI,PhD,Rent,Pittsfield,MA
A00005880,Tony Crawley,62,N,Y,5,HI,High School,Rent,Montgomery,AL
A00004452,Bobbie Wampler,31,Y,Y,2,LI,High School,Rent,Nashville,TN
A00007435,Kimberly Harder,29,N,Y,7,HI,High School,Mortgage,Anchorage,AK
A00001863,Nancy Mason,36,Y,Y,2,LI,MD,Own,San Leandro,CA
A00007578,Lowell Contreras,30,Y,Y,2,MI,Bachelor,Own,Louisville,KY
A00008206,Riva Hunter,55,N,Y,2,HI,MD,Rent,Washington,DC
A00005562,Carl Morgan,62,Y,Y,4,LI,Masters,Mortgage,Danville,VT
A00008235,Joseph Smith,31,Y,Y,6,HI,Bachelor,Mortgage,Nashville,TN
A00006841,Amy Blakeman,38,Y,Y,3,MI,Bachelor,Rent,Louisville,KY
A00003219,Maria Burney,40,Y,Y,6,LI,Bachelor,Own,Savannah,GA
A00008783,Paul Carl,50,N,N,5,LI,High School,Mortgage,Hartford,VT
A00008630,Ellen Cheung,47,Y,Y,6,LI,NA,Own,Manchester,CT
A00006147,Joseph White,53,Y,Y,4,HI,High School,Mortgage,Nashville,TN
A00005986,Marion Obrien,28,Y,Y,2,MI,Bachelor,Mortgage,,VT
A00001011,Aretha Ware,62,N,Y,2,LI,High School,Rent,Glendale,AZ
A00008540,Kevin Ratliff,63,Y,Y,6,LI,Bachelor,Mortgage,Wakefield,MA
A00001438,Alma Justice,25,Y,N,6,MI,Bachelor,Mortgage,Arvada,CO
A00004273,Jerry Olsen,36,Y,Y,4,HI,Bachelor,Rent,Montgomery,AL
A00002191,Pat Menzel,30,Y,Y,4,MI,NA,Mortgage,Norman,OK
A00000421,Michael Johnson,44,Y,Y,6,HI,Bachelor,Mortgage,Waltham,MA
A00007474,Crystal Williams,26,Y,Y,2,LI,College,Mortgage,Manchester,CT
A00003091,Nell Suniga,46,Y,Y,3,MI,High School,Rent,Fort Collins,CO
A00002814,Kenneth Clemmons,55,Y,Y,6,MI,High School,Rent,Louisville,KY
A00008820,Lela Clark,30,Y,Y,7,MI,Bachelor,Mortgage,Oakland,CA
A00003284,Cynthia Morin,56,Y,Y,2,MI,High School,Rent,Pasadena,MD
A00008591,Lance Kher,42,Y,Y,7,MI,Bachelor,Mortgage,Moore,OK
A00009382,Anita Granado,32,Y,Y,6,LI,MD,Mortgage,Edmond,OK
A00004378,Erica Neidich,54,N,Y,7,MI,College,Own,Panama City,FL
A00005335,Margaret Pascua,44,Y,Y,3,MI,High School,Own,Franklin,VT
A00003127,Glenn Mckelvey,33,Y,N,7,MI,High School,Own,Louisville,KY
A00004777,Judy Callaway,47,Y,Y,7,LI,Bachelor,Rent,Port Charlotte,FL
A00009689,Carlton Mccalla,31,Y,Y,3,HI,Bachelor,Own,Fayetteville,AR
A00008119,Randall Thompson,55,Y,Y,2,LI,NA,Rent,Fall River,MA
A00007102,Stephanie Honeycutt,50,N,Y,2,MI,Bachelor,Own,Washington,DC
A00004091,Chester Barnard,25,Y,Y,5,LI,High School,Rent,Savannah,GA
A00006331,Angelia Nettles,57,Y,Y,3,MI,Bachelor,Rent,Fayetteville,AR
A00009698,Jo Shepard,51,Y,Y,6,MI,Bachelor,Own,Hayward,CA
A00001364,Esther Bigham,55,Y,N,5,MI,Bachelor,Mortgage,Glen Burnie,MD
A00004093,Pam Stover,34,Y,Y,3,MI,Masters,Rent,Whitmore,CA
A00005969,Ernest Cook,30,Y,Y,6,HI,MD,Mortgage,Ardmore,OK
A00006031,Tammy Poston,58,Y,Y,3,HI,College,Mortgage,Glendale,AZ
A00004094,Frances Deluca,64,Y,Y,3,MI,Bachelor,Rent,Manchester,CT
A00004373,Carmen Brown,64,Y,Y,5,LI,Bachelor,Mortgage,Panama City,FL
A00001682,Charles Ayala,35,Y,Y,3,HI,High School,Mortgage,Pasadena,MD
A00000201,Anne Powers,37,Y,Y,6,MI,College,Own,Panama City,FL
A00006591,Gloria Ollis,51,Y,Y,6,LI,Masters,Own,Panama City Beach,FL
A00002620,Tom Foster,63,Y,Y,3,LI,College,Own,Anchorage,AK
A00001315,Jenny Flory,44,Y,N,2,MI,NA,Own,Anchorage,AK
A00009747,Adam Petersen,26,Y,Y,5,MI,High School,Mortgage,Panama City,FL
A00004013,Kenneth Adams,64,Y,Y,5,HI,Bachelor,Own,Montgomery,AL
A00004518,Charlene Lopez,56,Y,Y,6,HI,Bachelor,Rent,Nashville,TN
A00001988,Michelle Thomas,64,Y,Y,2,LI,NA,Rent,Washington,DC
A00009828,William Archibald,49,Y,N,7,MI,Bachelor,Rent,Alameda,CA
A00006222,Cindy Sartin,31,N,Y,7,HI,Bachelor,Rent,Fayetteville,AR
A00009654,Patty Romero,31,N,Y,7,MI,NA,Mortgage,Manchester,CT
A00003602,Kenneth Martin,45,Y,Y,7,MI,High School,Rent,Nashville,TN
A00004878,Grace Tate,43,N,Y,2,MI,High School,Rent,Hayward,CA
A00004084,Timothy Noel,51,Y,Y,7,LI,NA,Rent,Anchorage,AK
A00001805,Mary Owen,62,Y,Y,3,LI,Bachelor,Mortgage,Nashville,TN
A00006423,Jorge Mathews,50,N,Y,3,HI,Bachelor,Own,San Jose,CA
A00007692,Jennifer Nutt,42,N,Y,6,MI,College,Mortgage,Manchester,CT
A00008805,Tony Mcandrew,55,Y,Y,4,MI,Bachelor,Own,Washington,DC
A00000991,Joe Ballew,56,N,Y,3,MI,High School,Mortgage,Fruita,CO
A00008856,Simon Entriken,26,N,Y,7,HI,College,Rent,Fayetteville,AR
A00006606,Evelyne Joaquin,35,Y,Y,4,MI,High School,Own,Springfield,VT
A00004457,Elnora Ramsey,34,N,Y,7,HI,Bachelor,Rent,Montpelier,VT
A00004989,Nancy Rodriguez,31,Y,Y,2,LI,College,Own,Fayetteville,AR
A00002451,Jason Duell,64,N,Y,7,LI,Masters,Mortgage,Nashville,TN
A00005205,Anthony Girard,60,Y,Y,4,MI,Bachelor,Own,Nashville,TN
A00007341,Deanna Humiston,27,Y,Y,4,LI,PhD,Rent,Oakland,CA
A00006969,Margaret Chen,33,N,Y,5,LI,Bachelor,Rent,Oakland,CA
A00002338,Peter Faulkner,35,Y,Y,5,HI,Bachelor,Rent,Glen Burnie,MD
A00006516,Eloise Dunkley,55,Y,Y,3,LI,High School,Rent,Louisville,KY
A00002809,George Mccarthy,53,N,Y,5,MI,College,Mortgage,Oakland,CA
A00007197,Tennille Bieber,45,Y,Y,6,MI,Bachelor,Own,Nolensville,TN
A00006349,John Jurasek,61,N,Y,5,MI,NA,Own,Washington,DC
A00006805,Melinda Creger,48,Y,Y,7,LI,MD,Own,Washington,DC
A00005550,Mary Cuadrado,51,N,Y,4,HI,NA,Rent,Fayetteville,AR
A00005122,Kenneth Warfield,33,Y,Y,6,MI,NA,Own,Arvada,CO
A00008789,Pamela Johnson,46,Y,Y,4,MI,College,Rent,Louisville,KY
A00005051,Pam Hendrix,34,Y,Y,3,HI,Bachelor,Rent,Savannah,GA
A00005834,Harold Gonzalez,25,Y,Y,2,MI,NA,Mortgage,Montgomery,AL
A00002740,Wayne Landrum,57,Y,Y,3,HI,PhD,Rent,Manchester,CT
A00002084,Herman Decoteau,50,Y,Y,6,HI,College,Rent,Port Wentworth,GA
A00006523,Ann Vasquez,54,N,Y,3,MI,Bachelor,Mortgage,Pooler,GA
A00005630,William Murray,27,Y,Y,6,MI,High School,Own,Glendale,AZ
A00001861,Amanda Turnbull,64,Y,N,3,LI,Bachelor,Own,Arvada,CO
A00006404,Wilbert Labbe,27,Y,Y,5,LI,Bachelor,Mortgage,Arvada,CO
A00006388,Leslie Dennis,36,N,Y,2,HI,Bachelor,Mortgage,Agawam,MA
A00006522,Rodney Fuhrman,52,N,Y,2,LI,High School,Rent,Lawrence,MA
A00005790,Roger Napier,64,Y,Y,3,LI,Bachelor,Mortgage,Spencer,OK
A00006795,Dolores Henderson,59,Y,Y,3,MI,High School,Own,Nashville,TN
A00007672,Cheryl Silva,39,Y,N,3,MI,College,Own,Montgomery,AL
A00005653,Fannie Williams,51,Y,Y,5,LI,Bachelor,Rent,Eureka,CA
A00000970,Anna Jordan,48,Y,Y,2,HI,High School,Mortgage,Cambridge,MA
A00009324,Harry Esquer,40,Y,Y,7,LI,High School,Own,Hayward,CA
A00003620,Jan Huntley,54,N,Y,6,MI,High School,Mortgage,Mountain View,CA
A00005214,Tyler Mccormick,61,Y,Y,5,LI,Masters,Rent,Severn,MD
A00004785,Chung Odell,56,N,Y,3,HI,NA,Own,Montgomery,AL
A00001687,Vivian Gaver,43,Y,Y,3,LI,Masters,Own,Berkeley,CA
A00008782,Shawn Travis,46,Y,Y,2,LI,High School,Mortgage,Montgomery,AL
A00005788,Eric Gier,56,Y,N,6,LI,Masters,Mortgage,West River,MD
A00007178,Paul Serrano,52,N,Y,6,HI,High School,Mortgage,Alameda,CA
A00001139,Monica Mention,33,N,Y,7,HI,High School,Own,Oklahoma City,OK
A00009433,Linda Stutzman,57,N,Y,6,MI,PhD,Mortgage,Newark,CA
A00000230,Nicholas Conley,42,Y,Y,6,MI,Bachelor,Mortgage,Savannah,GA
A00004170,Patrick Rasmussen,26,Y,Y,6,LI,High School,Mortgage,Saint Albans City,VT
A00000893,Jessie Rose,62,Y,Y,7,MI,High School,Rent,Montgomery,AL
A00007229,Robert Golden,49,Y,Y,2,LI,College,Mortgage,Montgomery,AL
A00006220,Marie Curtis,37,N,Y,4,LI,High School,Rent,Montgomery,AL
A00002486,Paulette Mcvay,43,Y,Y,2,LI,High School,Rent,Savannah,GA
A00000343,Marlen Wright,35,N,Y,2,MI,College,Mortgage,Merritt Island,FL
A00000236,Anna Martin,38,Y,Y,3,HI,Masters,Own,Oakland,CA
A00006037,Charlotte Wilson,63,Y,Y,3,HI,High School,Rent,Merrimac,MA
A00004873,Bruce Weinstein,46,Y,Y,2,MI,Bachelor,Rent,Lynn Haven,FL
A00005187,Millard Garza,27,Y,Y,7,MI,Bachelor,Mortgage,Boxborough,MA
A00002630,Olga Eldridge,64,Y,Y,4,HI,College,Rent,Savannah,GA
A00009565,Elizabeth Turner,62,Y,Y,6,HI,Bachelor,Rent,Montgomery,AL
A00002555,Patsy Richmond,55,Y,N,4,HI,College,Own,Thetford,VT
A00004237,Charlene Sharpe,34,Y,Y,7,HI,Bachelor,Mortgage,Williston,VT
A00001573,Lawrence Larson,57,N,N,4,LI,Bachelor,Rent,Washington,DC
A00001477,Jenny Hayes,51,N,Y,6,LI,High School,Own,Oklahoma City,OK
A00009081,Harold Hughes,46,N,Y,7,HI,College,Rent,Newark,CA
A00004471,Lance Watson,52,Y,Y,5,MI,Bachelor,Own,Fayetteville,AR
A00006107,Colleen Johnson,34,N,Y,4,HI,High School,Mortgage,Middleborough,MA
A00008513,Manuel Barker,58,N,Y,4,MI,High School,Own,Glendale,AZ
A00004418,Arielle Amburgey,57,Y,N,4,MI,Bachelor,Rent,Tampa,FL
A00006679,Inocencia Certain,48,N,Y,2,LI,High School,Mortgage,Winchester,MA
A00008842,Laura Hernandez,38,Y,Y,6,MI,MD,Mortgage,Fayetteville,AR
A00003345,George Gettinger,28,Y,Y,3,LI,High School,Mortgage,Glendale,AZ
A00006374,James Steik,63,Y,Y,6,MI,Bachelor,Mortgage,Fall River,MA
A00001017,Doug Jones,53,N,Y,4,MI,NA,Own,Washington,DC
A00006412,Kathryn Murphy,44,N,Y,4,MI,Bachelor,Own,Greensboro,VT
A00003670,Joyce Acosta,59,Y,Y,5,MI,Bachelor,Mortgage,,VT
A00006548,Martha Tuenge,63,Y,Y,4,LI,PhD,Own,Pasadena,MD
A00006142,Steven Hunt,32,Y,Y,2,MI,High School,Rent,Louisville,KY
A00003664,Christian Pippins,51,Y,Y,7,MI,Bachelor,Own,Manchester,CT
A00006090,Linda Albright,40,N,Y,6,MI,High School,Own,Anchorage,AK
A00009979,Maureen Bates,26,Y,N,2,MI,Bachelor,Own,Nashville,TN
A00003423,Joyce Gallardo,26,N,Y,4,LI,Bachelor,Rent,Washington,DC
A00008113,John Bell,63,N,Y,6,LI,NA,Rent,Severna Park,MD
A00004790,Pauline Birmingham,35,Y,Y,5,MI,Bachelor,Mortgage,Savannah,GA
A00004569,Emily Deacon,44,Y,Y,3,LI,Bachelor,Rent,Alameda,CA
A00003332,James Poteat,59,Y,N,2,MI,Bachelor,Mortgage,Fayetteville,AR
A00009989,William Prada,35,Y,N,4,HI,College,Mortgage,Glen Burnie,MD
A00004508,Robert Healy,50,Y,Y,4,MI,Bachelor,Mortgage,Fayetteville,AR
A00003031,Lucy Bundy,63,N,Y,7,HI,College,Own,Fayetteville,AR
A00004920,Donnell Antoine,40,Y,Y,3,MI,NA,Mortgage,Washington,DC
A00002802,Michael Mccarthy,28,Y,N,6,MI,Bachelor,Mortgage,Arvada,CO
A00008913,Bonnie Norris,55,N,Y,3,LI,High School,Mortgage,Nashville,TN
A00006868,Dee Mork,56,Y,Y,4,LI,Bachelor,Mortgage,Panama City,FL
A00005736,Jonathan Taylor,25,N,Y,2,MI,Bachelor,Rent,Louisville,KY
A00005086,Arlene Stehlik,26,Y,Y,2,HI,Bachelor,Own,Montgomery,AL
A00003250,Todd Peterson,33,N,Y,6,MI,College,Own,,VT
A00001887,Nicole Whitley,48,Y,Y,2,MI,Bachelor,Own,San Leandro,CA
A00002625,Irma Bonds,61,Y,Y,5,MI,Bachelor,Mortgage,Montgomery,AL
A00000653,John Tindall,33,Y,Y,5,LI,NA,Mortgage,Anchorage,AK
A00002932,James Reed,47,Y,Y,6,LI,High School,Own,Fayetteville,AR
A00005491,William Wagner,28,N,Y,2,MI,Bachelor,Mortgage,Bakersfield,CA
A00004765,Arthur Santos,47,N,N,6,MI,Bachelor,Mortgage,Berkeley,CA
A00007093,Charlie Stokes,51,Y,Y,2,MI,PhD,Own,Agawam,MA
A00001985,James Rapa,47,Y,Y,3,MI,High School,Rent,Panama City,FL
A00003325,Yolanda Downey,56,Y,Y,7,MI,Bachelor,Own,Arvada,CO
A00009815,Debra Long,32,N,Y,7,HI,PhD,Rent,Glendale,AZ
A00008230,Benjamin Chaisson,31,Y,Y,4,MI,Bachelor,Rent,Medford,MA
A00000294,Steven Ohlsen,38,Y,Y,5,HI,Bachelor,Mortgage,Panama City Beach,FL
A00005867,Elizabeth Bill,38,Y,Y,5,LI,Bachelor,Mortgage,Brookline,MA
A00008832,Marian Frost,38,N,N,6,MI,Bachelor,Rent,Nashville,TN
A00006187,Clifford Neer,40,Y,Y,7,MI,Bachelor,Own,Montgomery,AL
A00007195,Jerome Yager,56,Y,Y,3,HI,High School,Rent,Edmond,OK
A00008166,Terri Burns,42,Y,Y,3,HI,Masters,Mortgage,Belvidere,VT
A00001420,Julius Jensen,27,N,Y,7,LI,Bachelor,Mortgage,Lowell,MA
A00004515,David Boles,26,Y,Y,2,MI,High School,Own,Louisville,KY
A00009888,Charles Merlo,37,Y,Y,2,HI,Bachelor,Mortgage,Washington,DC
A00003239,Michael Sandau,46,N,Y,7,HI,NA,Rent,Panama City,FL
A00003563,Andre Hartigan,48,Y,Y,5,HI,High School,Rent,Savannah,GA
A00007476,Sally Deleon,36,N,Y,7,MI,Bachelor,Rent,Arvada,CO
A00001215,William Richardson,49,N,Y,3,LI,Bachelor,Own,Norman,OK
A00000233,Janet Burns,51,Y,Y,2,MI,High School,Mortgage,Hartford,VT
A00001543,Mary Bradshaw,40,Y,Y,7,MI,High School,Mortgage,Attleboro,MA
A00001241,Jill Chance,49,Y,Y,3,MI,High School,Mortgage,Nashville,TN
A00005337,Rebecca Askins,41,Y,Y,7,MI,High School,Rent,Cambridge,MA
A00003897,Samuel Covarrubias,31,Y,Y,4,LI,Bachelor,Own,Glendale,AZ
A00009004,Clifford Cabrera,43,N,Y,6,MI,Bachelor,Own,Brookline,MA
A00003994,Francisco Horton,52,N,Y,6,MI,Bachelor,Own,Washington,DC
A00005011,Pamela Duncklee,57,N,Y,2,MI,Bachelor,Rent,Panama City,FL
A00004540,Juan Schuetze,28,Y,N,3,HI,Masters,Mortgage,Arvada,CO
A00008351,Lynne Deleon,26,Y,N,6,MI,High School,Own,Savannah,GA
A00005060,Rachel Robinson,60,Y,Y,6,HI,Bachelor,Mortgage,Washington,DC
A00005955,William Bloomfield,31,Y,Y,4,MI,High School,Own,Easton,MA
A00008675,Christopher Pulido,44,Y,Y,3,HI,High School,Rent,Lyndon,KY
A00002863,Nellie Furbee,39,Y,Y,2,MI,College,Own,Fayetteville,AR
A00000544,William Matheny,62,Y,Y,3,MI,High School,Mortgage,Annapolis,MD
A00001583,Dorothy Middleton,36,Y,Y,3,LI,Bachelor,Own,Arvada,CO
A00005261,Bertha Collins,42,Y,Y,2,HI,Bachelor,Mortgage,Manchester,CT
A00007071,Glenn Madson,28,N,N,3,MI,High School,Own,Nashville,TN
A00008060,Paul Briseno,58,N,Y,3,MI,College,Mortgage,Oakland,CA
A00008176,Kerry Johnson,51,Y,Y,6,MI,Bachelor,Mortgage,Proctor,VT
A00006246,Christine Sanchez,45,Y,Y,5,MI,NA,Rent,Mexico Beach,FL
A00004818,Willie Waller,25,N,Y,2,HI,Masters,Rent,Bethany,OK
A00008778,Nora Lucas,39,Y,Y,4,LI,Masters,Mortgage,Annapolis,MD
A00005628,Robert Jarrell,57,Y,Y,4,MI,College,Mortgage,Nashville,TN
A00005512,Russell Jackson,52,Y,Y,4,HI,Masters,Mortgage,Panama City Beach,FL
A00005440,Susan Thompson,32,Y,Y,6,LI,College,Mortgage,Manchester,CT
A00005071,Muriel Brown,47,Y,Y,7,MI,Bachelor,Rent,Bethany,OK
A00009622,Katelyn Thompson,50,N,Y,5,HI,College,Mortgage,Rutland,VT
A00000158,Helene Wieland,52,Y,Y,3,HI,High School,Rent,Washington,DC
A00000698,Nathan Ochoa,56,Y,N,6,MI,Bachelor,Own,Palmer,MA
A00005993,Patricia Schellermann,28,N,Y,5,MI,Bachelor,Rent,Glendale,AZ
A00008392,Randall Graham,42,Y,Y,2,MI,Masters,Own,Fremont,CA
A00003509,Cesar Harris,26,Y,Y,7,HI,High School,Mortgage,Panama City,FL
A00003626,Manuel Mitchell,50,N,Y,6,LI,MD,Own,Washington,DC
A00000735,Teresa Smith,37,Y,Y,3,LI,MD,Own,Roseville,CA
A00008741,Vernon Parris,58,N,Y,2,MI,High School,Mortgage,Louisville,KY
A00006651,Verna Hufton,59,Y,Y,6,MI,High School,Mortgage,Washington,DC
A00008244,William Andrews,53,Y,Y,6,HI,Masters,Rent,Manchester,CT
A00003564,William Amerson,32,Y,Y,4,MI,College,Mortgage,Anchorage,AK
A00001450,Debra Zavala,32,Y,Y,5,HI,Bachelor,Own,Noble,OK
A00008482,Leslie Thomas,47,Y,Y,4,MI,Bachelor,Own,Fremont,CA
A00002861,Joseph Rausch,62,Y,Y,5,MI,Bachelor,Own,South Burlington,VT
A00003479,Richard Martin,57,Y,Y,6,MI,High School,Rent,Panama City,FL
A00000143,Michael Cox,41,Y,Y,4,MI,Bachelor,Mortgage,Louisville,KY
A00007234,Thelma Draudt,53,Y,Y,3,MI,Bachelor,Mortgage,Manchester,CT
A00000522,Jessica Crosby,47,Y,Y,2,MI,High School,Rent,Severn,MD
A00009179,Joan Proulx,59,Y,Y,6,MI,Bachelor,Mortgage,Groton,VT
A00004780,Jerome Staley,48,Y,Y,7,MI,Masters,Own,Oklahoma City,OK
A00001850,Mark Schultz,44,Y,Y,4,MI,Bachelor,Own,Anchorage,AK
A00005493,Thomas Rios,31,Y,Y,5,HI,Bachelor,Mortgage,Glendale,AZ
A00008867,Mary Evins,60,Y,Y,2,HI,High School,Own,Castro Valley,CA
A00000169,Keith Ginsburg,35,Y,Y,6,MI,High School,Own,Norman,OK
A00005309,Anthony Delang,38,Y,Y,4,HI,Masters,Rent,Louisville,KY
A00000968,Dolores Dishaw,63,N,Y,4,LI,High School,Own,Arvada,CO
A00009307,Charlene Cannon,28,Y,N,4,HI,College,Mortgage,Louisville,KY
A00002707,Helen Swan,43,Y,Y,3,MI,Bachelor,Own,Boulder,CO
A00002825,Barbara Mauch,50,Y,Y,5,MI,Bachelor,Own,Glendale,AZ
A00000333,Beverly Tinsley,56,Y,Y,5,HI,Bachelor,Rent,Oakland,CA
A00001151,Vanessa Kelley,27,Y,Y,2,MI,Bachelor,Mortgage,Manchester,CT
A00008369,Dan Conti,33,N,Y,5,LI,Bachelor,Rent,Derby,VT
A00001741,Albert Davis,31,Y,Y,7,HI,MD,Rent,Savannah,GA
A00002464,Terri Toadvine,60,Y,Y,4,LI,Bachelor,Mortgage,Panama City,FL
A00008011,Pamela Neufeld,52,Y,Y,5,LI,Bachelor,Mortgage,Anchorage,AK
A00009914,Christina Glenn,25,Y,Y,3,LI,High School,Mortgage,Berkeley,CA
A00005276,Jack Ammons,63,Y,Y,2,LI,Bachelor,Own,Suisun City,CA
A00004374,Kevin Parsons,35,Y,Y,4,LI,High School,Mortgage,Anchorage,AK
A00006329,Frank Siefkes,29,Y,Y,3,HI,High School,Rent,Manchester,CT
A00001474,Trish Hays,25,Y,Y,3,MI,College,Mortgage,Beverly,MA
A00004729,Louise White,48,Y,Y,3,LI,College,Rent,Nashville,TN
A00007522,Micheal Snyder,38,Y,Y,5,LI,PhD,Rent,Fayetteville,AR
A00000927,Martin Rasmussen,44,N,Y,6,MI,Bachelor,Own,Union City,CA
A00000151,Michael Frame,39,Y,Y,5,HI,Bachelor,Own,Stowe,VT
A00002186,Korey Holben,47,N,N,7,MI,Bachelor,Own,Savannah,GA
A00009713,John Romero,53,Y,Y,6,HI,Bachelor,Rent,Washington,DC
A00006384,Joyce Corriveau,45,N,Y,4,HI,Masters,Mortgage,Cupertino,CA
A00004530,Myra Hirota,25,Y,Y,6,MI,Bachelor,Own,Arvada,CO
A00009053,Jonathan Hartman,28,N,Y,3,MI,Masters,Rent,Savannah,GA
A00000199,Richard Isaman,62,Y,Y,6,HI,Bachelor,Rent,Hayward,CA
A00003653,Sara Gaskins,37,N,Y,2,MI,High School,Own,Montgomery,AL
A00006361,Randolph Cramer,52,Y,Y,7,MI,MD,Rent,Arlington,MA
A00009076,Sally Edelman,34,Y,Y,2,LI,Masters,Mortgage,Pooler,GA
A00007906,Heather Perez,62,Y,Y,2,MI,NA,Mortgage,Montgomery,AL
A00006977,Murray Foret,59,Y,Y,6,MI,Masters,Rent,Montgomery,AL
A00007226,Jessie Spann,46,Y,Y,5,HI,College,Rent,Nashville,TN
A00002479,Mary Rossi,42,Y,Y,7,LI,High School,Rent,Pasadena,MD
A00000662,Paul Condrey,36,Y,Y,5,HI,Bachelor,Mortgage,Louisville,KY
A00003807,Terry Staton,35,N,Y,2,MI,Bachelor,Mortgage,Montgomery,AL
A00003012,Susan Alexander,26,N,Y,2,MI,Bachelor,Own,Linthicum Heights,MD
A00005518,Robert Hake,36,Y,Y,4,LI,High School,Own,Nashville,TN
A00004757,Nadine Cefalu,42,Y,Y,2,MI,Masters,Own,Anchorage,AK
A00005056,Deborah Drennon,55,N,Y,6,MI,Bachelor,Mortgage,Annapolis,MD
A00009273,Casandra Jones,49,Y,Y,3,MI,Masters,Rent,Montgomery,AL
A00001860,Charlie Tolley,35,Y,Y,3,MI,High School,Mortgage,Port Charlotte,FL
A00001843,Niki Nielson,54,Y,Y,7,HI,Bachelor,Own,Richford,VT
A00008179,Jennifer Fagundes,50,Y,Y,2,MI,High School,Own,Panama City,FL
A00003533,Irene Deschaine,33,N,Y,4,MI,Masters,Own,Poultney,VT
A00003633,Jamie Janek,46,Y,Y,6,LI,MD,Mortgage,Oakland,CA
A00004771,Jon Ross,50,Y,Y,7,MI,High School,Own,Fayetteville,AR
A00003194,Jermaine Stroud,63,Y,Y,6,MI,Bachelor,Rent,Panama City Beach,FL
A00009164,Bessie Larson,46,Y,Y,6,HI,NA,Rent,Pleasanton,CA
A00007455,Janice Johnson,57,Y,Y,2,MI,High School,Own,Mexico Beach,FL
A00002206,Caitlin Pearson,49,N,Y,3,HI,College,Mortgage,Washington,DC
A00007326,Mario Nadeau,51,N,Y,7,MI,Bachelor,Mortgage,Arvada,CO
A00002859,Chris Martinez,35,N,Y,6,LI,PhD,Mortgage,Union City,CA
A00004653,Evelyn Schroder,52,Y,Y,7,LI,High School,Mortgage,Glendale,AZ
A00003881,James Henderson,40,Y,N,4,HI,Bachelor,Rent,Laurel,MD
A00004092,Catherine Hanson,56,N,N,6,MI,High School,Own,Louisville,KY
A00007767,Rosemary Johnson,38,N,Y,2,HI,NA,Own,Oklahoma City,OK
A00001908,Anderson Harry,32,Y,Y,3,HI,NA,Mortgage,Reading,MA
A00007292,Harley Gibson,32,Y,Y,5,MI,PhD,Rent,Glendale,AZ
A00001816,Merle Caron,37,Y,Y,3,LI,Bachelor,Own,Nashville,TN
A00008639,Patricia Sandlin,55,Y,N,6,HI,PhD,Mortgage,Norton,MA
A00005215,Shana Stewart,64,N,Y,6,LI,Bachelor,Rent,Savannah,GA
A00006530,Marisa Johnson,46,Y,Y,5,MI,Bachelor,Own,Louisville,KY
A00004153,Timothy Parker,34,Y,Y,6,HI,College,Mortgage,Glendale,AZ
A00003308,Jacob Nieman,51,Y,Y,6,MI,Bachelor,Own,Union City,CA
A00002215,Steven Moneypenny,60,Y,Y,4,MI,MD,Mortgage,Groton,CT
A00005731,Alice Lige,61,Y,Y,7,HI,Masters,Rent,Pittsfield,MA
A00008962,Jane Baggett,39,Y,Y,2,LI,High School,Rent,Panama City,FL
A00004077,Deborah Seward,53,Y,Y,4,MI,Bachelor,Rent,Anchorage,AK
A00007284,Kim Dixon,55,N,Y,7,HI,College,Own,Oklahoma City,OK
A00003330,Michael Moreland,60,Y,Y,2,MI,Masters,Mortgage,Port Wentworth,GA
A00004810,Rina Healy,56,Y,Y,2,LI,Bachelor,Mortgage,Manchester,CT
A00006587,Keshia Church,48,Y,Y,6,HI,High School,Mortgage,Williston,VT
A00002677,Pamela Prosper,53,Y,Y,5,MI,NA,Own,Anchorage,AK
A00000383,Albert Chilton,51,Y,Y,7,HI,Bachelor,Own,Kenai,AK
A00004014,Leticia Sealy,51,Y,Y,6,HI,College,Rent,Berkeley,CA
A00004670,Betty Daniel,43,Y,Y,7,MI,Bachelor,Own,Midwest City,OK
A00004497,Concepcion Hartley,58,Y,Y,4,MI,High School,Rent,Glendale,AZ
A00002450,William Cornwell,28,Y,Y,7,LI,High School,Mortgage,Fayetteville,AR
A00009048,Gloria Irizarry,44,Y,Y,2,LI,High School,Own,Melrose,MA
A00008799,William Bush,51,Y,N,3,MI,Bachelor,Mortgage,Arvada,CO
A00009699,Sarah Swafford,61,Y,Y,5,LI,Bachelor,Rent,Hayward,CA
A00009147,Yvonne Floyd,29,Y,Y,5,HI,Bachelor,Rent,Holbrook,MA
A00005306,Jeanne Peterson,50,Y,Y,5,MI,MD,Rent,,VT
A00006788,Maisha Alpers,35,Y,Y,2,LI,College,Own,Montgomery,AL
A00005271,Melissa Fillers,35,Y,Y,5,MI,High School,Own,Livermore,CA
A00007665,Pedro Humphrey,48,Y,Y,4,MI,Bachelor,Rent,Fremont,CA
A00009069,Daniel Galvan,43,Y,Y,7,LI,Bachelor,Rent,Glendale,AZ
A00006119,Daniel Smith,55,Y,Y,2,LI,MD,Rent,Thunderbolt,GA
A00003886,Minnie Moretz,27,N,Y,3,MI,Bachelor,Own,Goodlettsville,TN
A00001903,Zachary Smith,30,Y,Y,2,HI,MD,Rent,Fayetteville,AR
A00005787,Ladonna King,62,Y,Y,7,MI,Bachelor,Rent,Washington,DC
A00007062,Lenora Thomas,36,Y,Y,6,MI,Bachelor,Mortgage,Fayetteville,AR
A00005685,Sylvie Bridges,27,Y,Y,2,MI,College,Rent,Millersville,MD
A00004942,George Johnson,52,Y,Y,7,LI,College,Mortgage,Castaic,CA
A00001479,Marcela Snyder,45,Y,Y,6,MI,High School,Own,Louisville,KY
A00000015,Victoria Jenkins,37,Y,Y,4,MI,MD,Mortgage,Manchester,CT
A00000039,Rose Beasley,43,Y,Y,3,LI,Bachelor,Own,Manchester,CT
A00007065,Johnny Mention,64,N,Y,7,MI,Bachelor,Own,Montgomery,AL
A00005448,Michael Clark,48,N,Y,2,HI,College,Own,Arvada,CO
A00005585,Inez Hobbs,34,Y,Y,7,HI,High School,Rent,Hayward,CA
A00001424,Karen Givens,59,Y,Y,7,LI,Bachelor,Mortgage,Hanover,MD
A00004048,James Casillas,25,N,Y,3,LI,Bachelor,Own,Washington,DC
A00001181,Michael Eversoll,26,Y,Y,6,LI,Bachelor,Mortgage,Nashville,TN
A00006761,Jeannine Hensley,25,Y,Y,2,HI,Bachelor,Mortgage,Soldotna,AK
A00004905,Margaret Jesse,55,Y,Y,5,LI,Masters,Mortgage,Hingham,MA
A00004377,James Vanpelt,47,N,Y,6,MI,High School,Mortgage,Louisville,KY
A00000410,Jennifer Taylor,34,Y,Y,4,LI,High School,Mortgage,Lunenburg,VT
A00006672,Edward Clement,53,N,Y,4,MI,Bachelor,Own,Louisville,KY
A00003952,Travis Suggs,34,N,Y,7,HI,Masters,Own,Washington,DC
A00001611,Gary Niles,29,Y,Y,4,MI,College,Own,Glendale,AZ
A00002112,Patricia Hodes,40,N,Y,2,HI,High School,Own,Washington,DC
A00003760,Kellie Franco,45,N,Y,6,MI,High School,Mortgage,Fremont,CA
A00005632,Ada Jones,64,N,Y,4,MI,Masters,Mortgage,Lowell,VT
A00008438,Roosevelt Wiltshire,62,Y,Y,2,HI,Bachelor,Mortgage,Montgomery,AL
A00001117,Francis Evans,47,N,Y,3,LI,Masters,Own,Nashville,TN
A00002833,Mario Burkett,47,Y,Y,7,LI,Bachelor,Rent,Severna Park,MD
A00000435,Andrew Bagley,38,N,Y,3,MI,High School,Own,Arvada,CO
A00005078,Rodney Coleman,25,N,Y,3,LI,PhD,Rent,Bourne,MA
A00002025,Ann Crowder,62,Y,Y,3,HI,College,Rent,Saint Albans City,VT
A00003660,Blanche Franks,51,Y,Y,2,MI,High School,Own,Louisville,KY
A00005296,Joseph Currin,53,Y,Y,6,MI,Bachelor,Rent,Nashville,TN
A00009188,Shirley Carmean,31,N,Y,5,MI,College,Mortgage,Bethel,VT
A00008721,Richard Wallace,29,Y,Y,3,MI,High School,Rent,Fremont,CA
A00009574,Michael Baker,36,N,Y,2,MI,High School,Rent,Washington,DC
A00001446,Donald Eldridge,30,Y,Y,5,LI,Bachelor,Mortgage,Fayetteville,AR
A00005795,James Santos,61,Y,Y,6,MI,High School,Mortgage,Glendale,AZ
A00002217,Ambrose Price,30,N,Y,6,LI,High School,Own,Del City,OK
A00005223,Geneva Ceaser,45,Y,Y,3,LI,Bachelor,Mortgage,Manchester,CT
A00002110,Gayla Gabrielsen,37,N,Y,6,MI,Bachelor,Own,Bakersfield,CA
A00007153,Robert Warren,26,Y,Y,7,HI,College,Own,Washington,DC
A00003788,Benjamin Fischer,26,Y,Y,2,MI,PhD,Own,Farmington,AR
A00008884,Walter Eddy,63,Y,Y,7,HI,Bachelor,Own,Fayetteville,AR
A00008881,Jesse Slade,58,N,Y,6,MI,High School,Mortgage,Arvada,CO
A00003741,Lacy Harris,48,Y,Y,4,LI,High School,Own,Glendale,AZ
A00008354,Maureen Brown,63,N,Y,3,MI,Bachelor,Rent,Boulder,CO
A00008929,Thomas Carollo,44,N,Y,7,MI,Bachelor,Own,Aspen,CO
A00007610,Joshua Leonard,43,Y,Y,5,LI,College,Mortgage,Mansfield,MA
A00003126,Brenda Rodriguez,58,Y,Y,4,HI,High School,Own,Panama City,FL
A00004320,Debbie Broussard,40,Y,Y,5,HI,NA,Mortgage,Anchorage,AK
A00007273,Alice Nino,48,Y,Y,7,MI,Bachelor,Own,Anchorage,AK
A00000326,Edith Jimenez,50,Y,Y,3,MI,College,Own,Montgomery,AL
A00008051,Wesley Stoudenmire,61,N,Y,5,MI,Bachelor,Rent,Lynn Haven,FL
A00000784,Joyce Bragg,25,Y,Y,5,LI,College,Rent,Severn,MD
A00009841,Jennifer Lewis,64,Y,N,2,HI,High School,Rent,Oklahoma City,OK
A00004923,Neil Maine,53,Y,Y,7,LI,Bachelor,Mortgage,Revere,MA
A00005064,Ronnie Burns,33,Y,Y,2,LI,Bachelor,Rent,Brimfield,MA
A00002013,Marc Morasca,33,N,Y,4,MI,MD,Rent,Dennis,MA
A00004695,Woodrow Turner,32,N,Y,5,LI,Bachelor,Own,Nashville,TN
A00000354,Katheryn Bowell,33,Y,Y,4,MI,Bachelor,Rent,Manchester,CT
A00006683,Andrew Clark,29,Y,Y,2,HI,Bachelor,Mortgage,Anchorage,AK
A00002419,Mark Birdsell,45,Y,Y,4,MI,NA,Own,Savannah,GA
A00005222,Linda Chappell,63,Y,Y,3,LI,Bachelor,Own,Foresthill,CA
A00002762,Angela Tompkins,62,Y,Y,6,MI,High School,Rent,Livermore,CA
A00001654,Julia Weida,36,Y,Y,4,LI,College,Own,Union City,CA
A00008605,Joan Moore,31,Y,Y,3,LI,Bachelor,Own,Montgomery,AL
A00005626,Alfred Jarrett,43,Y,Y,6,MI,Masters,Rent,Montgomery,AL
A00000124,Hector Stein,48,N,Y,7,HI,Bachelor,Rent,Manchester,CT
A00004976,Mary Thom,46,N,Y,5,LI,High School,Rent,Washington,DC
A00005964,Robert Do,53,Y,Y,4,MI,Bachelor,Mortgage,Montgomery,AL
A00006867,Opal Cassidy,55,Y,Y,4,HI,High School,Rent,Berkeley,CA
A00009613,Thomas Larcom,41,Y,Y,7,HI,High School,Mortgage,Washington,DC
A00000951,Rashad Mcgregor,54,Y,Y,6,LI,Bachelor,Mortgage,Arvada,CO
A00009255,George Paulin,51,N,Y,5,HI,Bachelor,Own,Fayetteville,AR
A00009669,Leonard Giannetti,38,Y,Y,7,MI,NA,Rent,Manchester,CT
A00005116,Megan Gilbert,29,Y,Y,6,HI,MD,Mortgage,Louisville,KY
A00001669,Ida Bowers,27,Y,Y,5,MI,High School,Own,Pooler,GA
A00006495,Kerry Nucklos,40,Y,N,6,MI,College,Own,Anchorage,AK
A00007801,Melvin Sparks,62,Y,Y,6,LI,High School,Rent,Anchorage,AK
A00008182,Ralph Nasser,32,N,Y,6,LI,College,Mortgage,Fresno,CA
A00002460,George Lorenz,63,Y,Y,6,MI,College,Mortgage,Louisville,KY
A00009452,Larry Kelso,61,Y,Y,6,MI,Bachelor,Rent,Oklahoma City,OK
A00006515,Gregory Boughton,27,Y,Y,4,MI,Bachelor,Mortgage,Evans,CO
A00004015,Joan Rodriguez,42,N,Y,4,HI,MD,Mortgage,Panama City,FL
A00009855,Enriqueta Smith,28,N,Y,2,LI,Bachelor,Rent,Panama City,FL
A00005126,Lawrence Hill,41,Y,Y,4,MI,Masters,Mortgage,Lynn Haven,FL
A00008871,Willie Amaro,38,N,Y,7,MI,Bachelor,Mortgage,Pasadena,MD
A00002134,Stanley Grimes,40,Y,Y,2,LI,High School,Rent,Manchester,CT
A00009998,Inez Conly,37,N,Y,6,HI,Bachelor,Mortgage,Washington,DC
A00005950,Mary Jones,64,Y,Y,3,MI,Bachelor,Own,Oklahoma City,OK
A00004052,Emma Causey,59,Y,Y,3,LI,College,Mortgage,Montgomery,AL
A00008477,Susan Bradley,44,Y,Y,5,LI,Bachelor,Rent,Montgomery,AL
A00003112,Richard Hanson,45,N,Y,2,MI,High School,Rent,Burlington,VT
A00009891,Lola Jones,46,Y,Y,7,HI,Bachelor,Mortgage,Fayetteville,AR
A00009524,Michael Bullins,49,Y,Y,5,LI,High School,Mortgage,Oklahoma City,OK
A00005874,Valencia Dibenedetto,38,N,Y,7,MI,Masters,Own,Oklahoma City,OK
A00004642,Christopher Garcia,42,N,Y,2,MI,College,Own,Newton,MA
A00002816,Santos Osborne,56,Y,Y,5,MI,High School,Own,Sun City Center,FL
A00000808,Mary Jordon,59,Y,Y,7,MI,Masters,Own,Washington,DC
A00008599,Stephanie Cota,31,Y,N,5,MI,High School,Own,Fayetteville,AR
A00007715,Thomas Altschuler,26,Y,N,2,MI,College,Own,Panama City,FL
A00004219,Charles Henson,38,Y,Y,3,HI,Masters,Rent,Montgomery,AL
A00001666,Kelly Carol,51,N,Y,2,MI,College,Mortgage,New Bedford,MA
A00007944,Mary Couey,45,N,Y,2,HI,Bachelor,Mortgage,Louisville,KY
A00001557,James Harpe,44,Y,Y,3,LI,High School,Rent,Arvada,CO
A00008907,Leigh Moore,52,N,Y,7,MI,Bachelor,Mortgage,Anchorage,AK
A00004814,Margaret Woodall,28,Y,Y,7,LI,Bachelor,Mortgage,Annapolis,MD
A00006950,Lisa Berry,44,N,N,5,LI,Masters,Own,Montgomery,AL
A00000342,Tyrone Crowley,41,Y,Y,7,HI,Bachelor,Own,Barre,VT
A00007740,Allen Reiss,51,Y,Y,3,LI,College,Mortgage,Louisville,KY
A00006021,Jody Smith,47,Y,Y,5,HI,Bachelor,Rent,Vallejo,CA
A00002804,Gale Gallegos,54,N,N,4,MI,Bachelor,Rent,Fayetteville,AR
A00001561,Sherry Dudley,35,N,Y,6,MI,Bachelor,Rent,Nashville,TN
A00006424,Barry Rand,30,Y,Y,6,MI,College,Own,Washington,DC
A00008859,Marcella Hurst,46,Y,Y,5,MI,NA,Mortgage,Fayetteville,AR
A00009429,Kera Beltran,26,N,Y,3,LI,Bachelor,Mortgage,Savannah,GA
A00001109,Charles Fulmer,52,Y,Y,2,MI,Bachelor,Rent,Glendale,AZ
A00005610,Delbert Odonnell,36,Y,Y,3,LI,Bachelor,Own,Arvada,CO
A00001401,Linda Cooper,36,Y,Y,3,MI,High School,Own,Nashville,TN
A00006213,Stephanie Sellers,58,Y,Y,7,MI,Bachelor,Own,Fayetteville,AR
A00007834,Mark Burkitt,26,Y,Y,5,MI,Bachelor,Own,Washington,DC
A00003176,Anthony Oliveras,61,Y,Y,4,MI,PhD,Mortgage,Anchorage,AK
A00004328,Anthony Gutierrez,40,N,Y,4,MI,High School,Rent,Athol,MA
A00007349,Jeffery Mellis,30,Y,Y,6,LI,PhD,Rent,Manchester,CT
A00006339,Maria Pfaff,49,Y,Y,6,MI,High School,Own,Arvada,CO
A00009220,Aurea Palmer,27,N,Y,7,HI,Bachelor,Rent,Montgomery,AL
A00000279,Gina Brandon,33,Y,Y,7,MI,High School,Mortgage,Glendale,AZ
A00007571,Luis Dobbins,57,N,N,6,MI,Bachelor,Own,Arlington,MA
A00004196,Joan Sinko,36,Y,Y,6,MI,Masters,Mortgage,Manchester,CT
A00003562,Allison Edwards,26,N,Y,6,MI,Bachelor,Own,Glen Burnie,MD
A00002561,Javier Tucker,47,Y,Y,5,MI,Bachelor,Own,Norman,OK
A00001359,Craig Mitchell,53,Y,Y,6,MI,Bachelor,Own,Glendale,AZ
A00008225,Ronald Gard,56,N,Y,2,MI,Bachelor,Rent,Dartmouth,MA
A00000142,Alvin Smith,36,Y,Y,6,LI,High School,Own,Montgomery,AL
A00008061,Kristen Fontaine,58,N,Y,4,HI,Bachelor,Rent,Panama City Beach,FL
A00002999,Cherryl Leedom,27,Y,Y,7,HI,High School,Mortgage,Arvada,CO
A00007028,Sharron Garcia,61,N,Y,7,HI,High School,Mortgage,Fayetteville,AR
A00008829,Michael Baze,25,N,Y,3,LI,Bachelor,Rent,Hyde Park,VT
A00001065,Shawna Holmes,61,Y,Y,6,HI,Masters,Rent,Nashville,TN
A00007965,Mae Cabello,27,Y,Y,5,MI,Bachelor,Mortgage,Arvada,CO
A00008054,Arthur Wassinger,57,Y,Y,5,MI,Bachelor,Mortgage,Panama City Beach,FL
A00005715,Coretta Ball,25,Y,Y,2,MI,College,Rent,Manchester,CT
A00000047,Ricky Maxam,52,Y,Y,2,LI,Bachelor,Mortgage,Anchorage,AK
A00002159,Margaret Stewart,53,Y,Y,6,HI,Bachelor,Mortgage,Swanton,VT
A00001541,Terry Brownlee,40,Y,Y,3,MI,Bachelor,Own,Glendale,AZ
A00001685,Eleanor Bishop,35,N,Y,3,MI,Masters,Rent,Arvada,CO
A00001577,Anthony Brotherton,54,N,Y,2,MI,Bachelor,Rent,Panama City,FL
A00000503,Flora Likens,54,N,Y,6,HI,High School,Mortgage,Anchorage,AK
A00005162,James Lockhart,27,Y,Y,4,LI,High School,Rent,South Hadley,MA
A00003865,Dian Williams,55,Y,Y,7,HI,NA,Mortgage,Boulder,CO
A00002806,Joel Beck,30,N,Y,4,MI,Bachelor,Own,Easthampton,MA
A00009947,Carol Mahan,43,Y,Y,5,LI,High School,Own,Laurel,MD
A00000089,Kevin Scarberry,54,N,Y,6,MI,College,Rent,Louisville,KY
A00007365,Jimmy Williams,51,Y,Y,7,MI,PhD,Mortgage,Fayetteville,AR
A00001162,Victor Wada,40,Y,Y,4,LI,Bachelor,Own,Louisville,KY
A00004300,Laura Scott,46,Y,Y,6,LI,Bachelor,Mortgage,Oklahoma City,OK
A00006234,Christopher Bravo,54,Y,Y,4,LI,College,Rent,Alameda,CA
A00007177,David Newton,29,N,Y,3,LI,Bachelor,Rent,Underhill,VT
A00004575,Mary Cobb,53,Y,Y,4,LI,Masters,Mortgage,Anchorage,AK
A00002018,Melissa Clark,30,N,Y,2,MI,PhD,Mortgage,Oklahoma City,OK
A00003675,Charles Booker,27,Y,N,4,MI,PhD,Mortgage,Aurora,CO
A00001466,Theresa Grover,45,Y,Y,5,MI,MD,Rent,Montgomery,AL
A00001620,Terry Stanley,40,Y,N,2,MI,High School,Mortgage,Waltham,MA
A00001711,Laura Stordahl,38,Y,Y,2,HI,Bachelor,Mortgage,Livermore,CA
A00007620,Esther Mccormick,32,N,Y,3,MI,High School,Rent,Glen Burnie,MD
A00002019,Reginald Weaver,63,Y,Y,6,MI,Bachelor,Rent,New Bedford,MA
A00000903,Andrea Williams,40,Y,Y,7,MI,High School,Mortgage,Nashville,TN
A00003902,Latasha Lovern,60,Y,Y,2,MI,Bachelor,Mortgage,Manchester,CT
A00005832,Sue Roberts,34,Y,Y,5,HI,College,Own,Manchester,CT
A00000608,Brandi Lockhart,46,Y,Y,2,MI,Bachelor,Mortgage,Fremont,CA
A00001284,Nelson Beck,56,Y,Y,4,MI,PhD,Own,Anchorage,AK
A00003209,Linda Anderson,52,Y,Y,7,MI,PhD,Mortgage,Pawlet,VT
A00008366,Danielle Lohr,35,Y,Y,4,LI,PhD,Rent,Jeffersontown,KY
A00001134,David Cooper,63,Y,Y,3,MI,High School,Mortgage,Nashville,TN
A00008943,Charles Rothfuss,61,Y,Y,7,MI,Masters,Mortgage,Nashville,TN
A00002332,Jonathan Easley,61,Y,Y,6,MI,Bachelor,Own,Arvada,CO
A00001249,Bonnie Johnson,45,N,N,2,MI,College,Own,Panama City,FL
A00004489,Brandon Avenoso,38,Y,Y,2,MI,Bachelor,Rent,Annapolis,MD
A00008804,Betty Aune,59,Y,Y,4,MI,Bachelor,Mortgage,Arvada,CO
A00009653,Beverly Cook,57,Y,Y,6,MI,Bachelor,Own,Beverly,MA
A00004282,Angela Herrington,30,Y,Y,3,HI,Bachelor,Mortgage,Panama City,FL
A00006536,Margaret Wilson,64,N,Y,6,MI,MD,Own,Panama City Beach,FL
A00008365,Wanda Strickland,55,Y,Y,6,HI,Bachelor,Mortgage,Manchester,CT
A00003055,Matthew Ward,25,Y,Y,3,HI,Bachelor,Own,Bristol,VT
A00006614,Bruce Verble,32,Y,Y,4,MI,Bachelor,Rent,Montgomery,AL
A00004260,Josephine Lopez,32,Y,Y,6,MI,College,Rent,Fayetteville,AR
A00001325,Carole Whitehead,36,N,Y,6,HI,College,Rent,Savannah,GA
A00009045,Ann Stavis,26,Y,Y,7,MI,Bachelor,Mortgage,Anchorage,AK
A00003392,Richard Alls,40,Y,Y,6,LI,High School,Own,Odenton,MD
A00008199,Maryanne Scherer,38,Y,Y,5,LI,Bachelor,Mortgage,Colchester,VT
A00002743,Mary Liesmann,55,Y,Y,7,HI,Bachelor,Mortgage,Arvada,CO
A00008413,Beverly Collins,47,N,N,5,MI,PhD,Mortgage,Washington,DC
A00005131,Katherine Dortch,41,Y,Y,4,LI,High School,Rent,Panama City,FL
A00003162,Vanessa Schultz,38,Y,Y,3,LI,Bachelor,Rent,Nashville,TN
A00007201,Lorie Bryant,25,Y,Y,5,LI,High School,Own,Savannah,GA
A00006634,Julia Marcano,48,Y,Y,3,MI,MD,Mortgage,Arvada,CO
A00009285,Lisa Yarrington,63,Y,Y,2,HI,High School,Mortgage,Anchorage,AK
A00002751,Jennifer Paulson,35,Y,Y,2,HI,Bachelor,Rent,Fayetteville,AR
A00006186,Paul Roper,51,N,Y,5,HI,PhD,Rent,Easton,MA
A00005144,Nicole Smith,34,N,Y,2,MI,High School,Rent,Annapolis,MD
A00002752,Nancy Gonzalez,27,Y,Y,2,MI,College,Own,Anchorage,AK
A00004434,Clarence Pittman,60,Y,Y,7,LI,High School,Rent,Youngstown,FL
A00007608,John Harley,33,N,Y,2,MI,MD,Own,Louisville,KY
A00000710,Jesus Burton,42,Y,Y,3,HI,Bachelor,Mortgage,Oklahoma City,OK
A00000998,Manuel Tester,63,Y,Y,7,HI,Masters,Rent,Manchester,CT
A00003153,Thomas Gordon,44,Y,Y,4,LI,College,Mortgage,Arvada,CO
A00002639,Gloria Ochoa,39,Y,Y,7,MI,Bachelor,Own,Oklahoma City,OK
A00008087,Martin Rodriquez,43,Y,Y,6,LI,PhD,Rent,Montgomery,AL
A00009946,William Wilson,39,N,N,5,MI,MD,Own,Panama City,FL
A00009848,Mary Lopez,60,Y,N,2,HI,NA,Mortgage,Manchester,CT
A00002781,Stanley Harman,54,Y,Y,5,MI,High School,Rent,Nashville,TN
A00008184,Richard Richmond,54,N,Y,2,MI,Bachelor,Mortgage,Panama City Beach,FL
A00002888,Patricia Webb,60,N,Y,3,LI,NA,Own,Oklahoma City,OK
A00001070,Alexander Holder,25,Y,Y,3,LI,College,Rent,Glen Burnie,MD
A00001333,Adam Laub,43,N,Y,7,LI,Bachelor,Mortgage,Berkeley,CA
A00000909,Madlyn Colon,37,Y,Y,5,MI,Masters,Rent,Oklahoma City,OK
A00006658,Earl Masse,38,Y,Y,5,MI,Bachelor,Mortgage,Manchester,CT
A00001936,Paul Treadwell,37,Y,Y,6,LI,Bachelor,Mortgage,Louisville,KY
A00005002,Charles Ayala,43,Y,Y,7,MI,Bachelor,Mortgage,Arnold,MD
A00003349,Catherine Stadler,52,N,Y,3,LI,Bachelor,Mortgage,Anchorage,AK
A00007935,Theodore Payne,50,Y,N,3,LI,College,Rent,Fayetteville,AR
A00005666,Victoria Abreu,52,Y,Y,6,LI,Bachelor,Mortgage,San Jose,CA
A00003505,Alberta Stephenson,25,Y,Y,3,MI,College,Rent,Pike Road,AL
A00007386,Jennifer Zimmerman,32,Y,Y,4,LI,Bachelor,Own,Mexico Beach,FL
A00002958,Faye Moore,52,Y,Y,7,HI,NA,Mortgage,Fayetteville,AR
A00009972,Jenifer Chick,59,Y,Y,2,HI,Bachelor,Rent,Washington,DC
A00002098,Teresa Ines,44,Y,Y,7,LI,High School,Own,Fayetteville,AR
A00007812,Gregory Brown,55,Y,N,5,HI,Bachelor,Mortgage,Montgomery,AL
A00009804,Thomas James,48,Y,Y,6,MI,NA,Rent,Manchester,CT
A00003166,Mildred Gaston,47,Y,Y,7,HI,Bachelor,Rent,Lithia,FL
A00003491,Stanley Limones,37,Y,Y,7,MI,High School,Own,Washington,DC
A00000028,Teri Hunnings,54,N,Y,2,LI,MD,Rent,Oklahoma City,OK
A00006170,Michael Ricci,55,N,Y,7,HI,NA,Rent,Washington,DC
A00006547,Gary Richards,42,N,Y,4,MI,Masters,Rent,Pasadena,MD
A00004914,John Coleman,33,N,Y,4,LI,Bachelor,Rent,Arvada,CO
A00008207,Irene Metcalf,57,Y,Y,4,MI,Bachelor,Rent,Panama City,FL
A00000134,Harold Garcia,31,N,Y,7,MI,High School,Rent,Livermore,CA
A00008201,Virginia Mccann,26,N,Y,2,HI,Bachelor,Own,Annapolis,MD
A00006490,Adrienne Mccarty,54,Y,Y,4,MI,Bachelor,Own,Manchester,CT
A00007729,Latoya Mcninch,48,N,Y,6,MI,High School,Own,Bethany,OK
A00006957,Alicia Helm,63,N,Y,6,MI,Bachelor,Rent,Hanford,CA
A00005471,Arlene Hervey,38,Y,Y,4,LI,High School,Mortgage,Littleton,CO
A00000467,Carol Rowell,64,Y,Y,6,HI,MD,Own,Glendale,AZ
A00001724,Patricia Thomas,57,Y,Y,6,MI,Bachelor,Own,Manchester,CT
A00002046,Jose Rodriguez,61,N,Y,6,HI,High School,Rent,Berkeley,CA
A00000208,Julie Mahan,48,Y,Y,7,HI,Bachelor,Rent,Pasadena,MD
A00009001,Eric Jackson,26,Y,Y,6,MI,Bachelor,Mortgage,Oklahoma City,OK
A00005949,Philip Holbrook,35,N,Y,3,HI,High School,Own,Lynn Haven,FL
A00003712,John Schneider,42,Y,Y,5,MI,High School,Mortgage,Washington,DC
A00006931,Joseph Riddle,62,Y,N,7,HI,Bachelor,Rent,Manchester,CT
A00003062,Marjorie Madewell,27,Y,Y,4,MI,Masters,Mortgage,Oklahoma City,OK
A00006230,Ralph Corona,50,Y,Y,5,HI,High School,Own,Fayetteville,AR
A00008883,Maudie Youngblood,26,N,Y,2,MI,High School,Mortgage,Tollhouse,CA
A00004534,Jerry Coward,60,N,Y,6,MI,Bachelor,Mortgage,San Lorenzo,CA
A00006205,Graciela Flores,38,Y,Y,7,MI,Bachelor,Own,Fayetteville,AR
A00004024,Shelly Benson,63,Y,Y,4,HI,College,Rent,Moore,OK
A00007013,Willie Laster,35,Y,Y,6,MI,High School,Mortgage,Oklahoma City,OK
A00007002,William Rivas,49,Y,Y,7,MI,High School,Own,Montgomery,AL
A00006010,Santa Fitch,39,N,Y,4,HI,Masters,Mortgage,Arvada,CO
A00000399,Janet Swackhammer,54,N,Y,6,MI,Bachelor,Mortgage,Fayetteville,AR
A00001057,Albert Lawrence,58,Y,Y,2,HI,Bachelor,Rent,Oakland,CA
A00006908,Sudie Hornsby,52,N,Y,7,MI,Bachelor,Own,Panama City,FL
A00006280,Michelle Taylor,43,Y,Y,3,MI,High School,Rent,Bakersfield,CA
A00003981,Shantel Gray,29,Y,Y,5,HI,Masters,Own,Washington,DC
A00000595,Lynda Carter,61,N,Y,2,MI,Masters,Mortgage,Nashville,TN
A00002522,Jose Sinclair,40,Y,Y,6,MI,High School,Mortgage,Glendale,AZ
A00003481,Emelina Spoor,34,Y,Y,5,MI,Bachelor,Mortgage,Pasadena,MD
A00001517,Donald Jasso,55,Y,Y,6,HI,High School,Rent,Nashville,TN
A00009840,Gerald Jenkins,35,Y,Y,7,HI,PhD,Own,Arvada,CO
A00000911,Louis Aronson,63,N,Y,6,LI,High School,Own,Nashville,TN
A00001191,Alfred Tait,33,Y,Y,6,MI,College,Mortgage,Montgomery,AL
A00008394,Linda Neal,56,N,Y,4,MI,Bachelor,Own,Anchorage,AK
A00003910,Shae Edwards,32,Y,N,3,LI,Bachelor,Mortgage,Manchester,CT
A00007849,Richard Mondragon,30,Y,Y,6,MI,Bachelor,Rent,Panama City Beach,FL
A00001187,Gabriel Osmun,42,Y,Y,4,MI,Bachelor,Mortgage,Arvada,CO
A00002817,Alma Charles,33,Y,Y,7,HI,Bachelor,Rent,Louisville,KY
A00000388,Todd Maio,51,N,Y,7,LI,MD,Rent,Arvada,CO
A00000922,Kurt Balderas,29,Y,Y,7,MI,College,Own,Mexico Beach,FL
A00000194,Jose Williams,38,Y,Y,7,LI,PhD,Own,Oakland,CA
A00004301,Maryalice Martinez,35,Y,Y,3,MI,High School,Rent,Savannah,GA
A00004102,Annie Stumpf,62,N,Y,2,MI,Bachelor,Own,Glen Burnie,MD
A00000704,Peter Jones,46,Y,Y,7,MI,Bachelor,Own,Manchester,CT
A00008547,Randi Dinsmoor,45,N,Y,4,HI,MD,Rent,Oklahoma City,OK
A00001062,Francisca Santos,30,Y,Y,3,LI,College,Own,Manchester,CT
A00008126,Jessie Oliver,48,Y,Y,5,LI,Bachelor,Own,Montgomery,AL
A00000572,Joseph Jones,35,Y,Y,4,MI,High School,Own,Louisville,KY
A00000928,Jennifer Gordon,32,Y,Y,6,MI,Bachelor,Mortgage,Sacramento,CA
A00007629,Julie Ontiveros,32,Y,Y,2,MI,Bachelor,Rent,Glendale,AZ
A00006338,Mina Layman,46,Y,Y,6,MI,NA,Rent,Montgomery,AL
A00008333,Herlinda Damelio,41,N,Y,3,MI,Bachelor,Mortgage,Oroville,CA
A00005891,James King,32,Y,Y,4,HI,Masters,Rent,Berkeley,CA
A00008153,Virginia Branch,27,Y,Y,5,MI,Bachelor,Mortgage,Berkeley,CA
A00002912,Betty Pacheco,59,Y,Y,3,MI,High School,Own,Arvada,CO
A00001291,Mariann Hill,39,Y,Y,7,MI,Masters,Rent,Fremont,CA
A00008151,Kenneth Hill,61,N,Y,5,LI,Bachelor,Mortgage,Fitchburg,MA
A00001589,Ingrid Lee,55,Y,Y,2,LI,High School,Mortgage,Anchorage,AK
A00004189,William Kelley,43,Y,Y,7,MI,Bachelor,Own,Moretown,VT
A00003642,Maria Luciani,63,N,Y,5,HI,College,Mortgage,Washington,DC
A00009838,William Oliver,53,N,Y,6,LI,Bachelor,Own,Nashville,TN
A00006430,Tony Medina,37,Y,N,3,HI,High School,Rent,Oklahoma City,OK
A00004598,Sylvia Fair,50,Y,Y,2,LI,High School,Own,Norman,OK
A00006322,Jeffrey Pullman,30,Y,Y,7,LI,High School,Own,Fayetteville,AR
A00002532,Mitchell Jackson,42,Y,Y,3,MI,Bachelor,Own,Panama City,FL
A00004253,Celestine Woods,29,Y,Y,4,MI,High School,Mortgage,Litchfield Park,AZ
A00008115,Jane Schmitt,33,Y,Y,7,MI,Masters,Mortgage,Arvada,CO
A00007974,Hazel Powell,59,Y,N,3,HI,High School,Mortgage,Nashville,TN
A00004003,Greg Arispe,31,N,Y,7,HI,Bachelor,Rent,Manchester,CT
A00009816,William Hurley,38,Y,Y,5,MI,Bachelor,Rent,Arvada,CO
A00002002,Mark Gardner,25,N,Y,7,LI,College,Rent,Glendale,AZ
A00000285,Shannon Burton,42,Y,Y,3,HI,MD,Rent,Savannah,GA
A00003431,Judy Adams,27,N,N,2,HI,Bachelor,Rent,Calhoun,GA
A00009997,Mark Champlin,51,Y,Y,7,HI,Bachelor,Mortgage,Waltham,MA
A00003405,Samuel Vick,54,N,N,5,MI,High School,Mortgage,Fayetteville,AR
A00003394,Susan Corrigan,54,Y,Y,6,MI,Bachelor,Mortgage,Montgomery,AL
A00000990,Thomas Meyer,56,Y,Y,6,HI,High School,Mortgage,Lynn Haven,FL
A00006715,Julia Dominguez,48,N,Y,2,LI,High School,Rent,Louisville,KY
A00009244,Jeffrey Richardson,33,Y,Y,2,MI,College,Rent,Piedmont,CA
A00007117,Jane Thomas,32,Y,Y,6,HI,College,Own,Anchorage,AK
A00005415,Mattie Carroll,60,Y,Y,3,HI,Masters,Own,Manchester,CT
A00004131,Howard Mizutani,41,Y,Y,3,MI,Masters,Rent,Panama City,FL
A00007981,Timothy Carter,36,Y,Y,5,LI,Bachelor,Rent,Manchester,CT
A00000764,James Clay,64,Y,Y,5,LI,High School,Own,Manchester,CT
A00009968,Charles Washington,35,Y,Y,6,MI,Bachelor,Mortgage,Arvada,CO
A00001953,Byron Piercy,38,Y,Y,3,MI,High School,Mortgage,Nashville,TN
A00007277,Ramon Brackins,36,N,N,3,MI,Bachelor,Own,Louisville,KY
A00005546,Angel Holmberg,55,N,Y,2,LI,NA,Own,Nashville,TN
A00000985,William Waston,34,N,Y,3,LI,MD,Rent,Fremont,CA
A00008780,Mitchell Carter,30,Y,Y,5,MI,NA,Rent,Manchester,CT
A00001357,Edward Eastman,63,Y,Y,4,LI,NA,Rent,Anchorage,AK
A00002683,Shirly Craine,56,Y,Y,3,HI,Masters,Own,Montgomery,AL
A00008317,Susan Sterner,46,Y,Y,6,HI,Bachelor,Rent,Fayetteville,AR
A00003409,Mary Whitmore,30,Y,N,6,MI,College,Mortgage,Manchester,CT
A00003827,Luciano Carp,44,Y,Y,7,HI,Bachelor,Mortgage,Savannah,GA
A00009513,Catherine Wells,47,Y,Y,6,HI,High School,Mortgage,Oklahoma City,OK
A00004252,Leroy Huling,47,Y,Y,3,MI,MD,Rent,Glendale,AZ
A00000862,Kathleen Joubert,52,N,Y,7,LI,Bachelor,Rent,Essex,VT
A00006002,Debra Marczak,54,Y,N,2,LI,NA,Rent,West Brattleboro,VT
A00003139,Terry Khan,29,Y,Y,4,LI,Bachelor,Mortgage,Washington,DC
A00002149,Norman Jordan,47,Y,Y,2,HI,NA,Rent,Arvada,CO
A00005341,Juanita Vogler,50,Y,Y,4,MI,Bachelor,Mortgage,Louisville,KY
A00000864,Kevin Metz,36,Y,Y,3,MI,High School,Rent,Edmond,OK
A00001563,Wilbert Rifenbark,42,Y,Y,4,LI,High School,Rent,Glen Burnie,MD
A00000820,Beau Hayes,41,Y,Y,3,MI,High School,Own,Waltham,MA
A00006325,David Cerda,64,Y,Y,4,HI,Bachelor,Mortgage,Fremont,CA
A00008486,Max Hane,27,Y,Y,3,LI,Bachelor,Own,Edgewater,MD
A00000394,John Zorn,37,Y,Y,7,LI,College,Mortgage,Calhoun,GA
A00008981,Kimberly Caldwell,61,Y,Y,5,MI,Masters,Rent,Dartmouth,MA
A00002007,Thomas Garfield,56,N,Y,2,HI,High School,Own,Cupertino,CA
A00000210,Charles Mcnay,29,Y,Y,2,MI,MD,Own,Arvada,CO
A00007813,Bryan Atkins,45,Y,Y,4,LI,PhD,Rent,Arvada,CO
A00008052,Linda Thruman,28,Y,Y,4,LI,High School,Rent,Glendale,AZ
A00007430,John Medina,46,N,Y,5,MI,High School,Rent,Manchester,CT
A00007922,Jeremy Allie,39,N,Y,3,LI,High School,Rent,Fayetteville,AR
A00006854,Cynthia Hollingshead,62,N,Y,6,LI,MD,Own,Williston,VT
A00003000,Vicente Warren,31,N,Y,5,LI,MD,Rent,Nashville,TN
A00000332,Jean Murray,40,N,Y,5,MI,Bachelor,Rent,Fayetteville,AR
A00006491,Mildred Sparks,44,N,Y,2,MI,Bachelor,Rent,,TN
A00003319,Melanie Langlois,60,Y,Y,2,MI,Bachelor,Own,Arvada,CO
A00008172,Jennifer Carswell,58,Y,Y,7,MI,Bachelor,Mortgage,Louisville,KY
A00002572,John Gasiewski,43,Y,Y,5,HI,High School,Own,Pittsfield,MA
A00001105,Cynthia Collins,34,Y,Y,5,MI,MD,Rent,Medway,MA
A00008215,Joshua Ramsey,29,Y,Y,5,MI,Bachelor,Rent,Savannah,GA
A00001970,Linda Sharpe,29,Y,Y,5,HI,High School,Mortgage,Moore,OK
A00006313,Patricia Garrett,42,Y,Y,2,HI,High School,Own,Nashville,TN
A00002426,Patricia Benjamin,44,Y,Y,4,HI,High School,Mortgage,Vallejo,CA
A00004448,Harry Norris,42,N,Y,5,MI,PhD,Rent,Holden,MA
A00005316,Darrel Fitzgerald,58,Y,N,6,LI,High School,Rent,Glendale,AZ
A00008363,Arthur Cianflone,29,Y,Y,2,MI,High School,Mortgage,Lynnfield,MA
A00006041,Dexter Steiner,54,Y,Y,3,MI,High School,Mortgage,Port Wentworth,GA
A00000183,Douglas Sneeden,29,Y,Y,7,HI,Bachelor,Own,Montgomery,AL
A00009955,Melanie Laxen,47,N,Y,4,MI,High School,Own,Glendale,AZ
A00005649,Brenda Mccarter,34,Y,Y,7,MI,Bachelor,Mortgage,Brookline,MA
A00009680,Lottie Carswell,30,Y,Y,5,HI,Masters,Own,Montgomery,AL
A00001954,Steve Lefkowitz,40,Y,Y,7,MI,NA,Own,Wareham,MA
A00001137,Nan Mottet,26,Y,Y,7,MI,High School,Mortgage,Redlands,CA
A00007877,John Knapp,53,Y,Y,2,LI,Bachelor,Mortgage,Fremont,CA
A00001467,Denise Mackenzie,62,Y,Y,2,HI,Bachelor,Mortgage,Washington,DC
A00000812,Kevin Waldrop,40,Y,Y,7,MI,Bachelor,Rent,Washington,DC
A00002385,John Albers,29,Y,Y,3,HI,Bachelor,Own,Barre,VT
A00009439,Hal Holland,55,Y,Y,4,LI,Bachelor,Own,Nashville,TN
A00002167,Jennie Garnett,52,Y,Y,4,LI,Bachelor,Rent,Fayetteville,AR
A00007353,Chuck Tellez,63,Y,Y,2,HI,Bachelor,Mortgage,Washington,DC
A00006521,Mona Avery,44,N,Y,2,LI,MD,Rent,Berkeley,CA
A00005469,Miguel Luttrell,28,Y,Y,3,HI,Masters,Rent,Lynn Haven,FL
A00005530,Isabella Lotts,62,Y,Y,4,LI,Bachelor,Mortgage,Fayetteville,AR
A00009536,Helen Clark,60,Y,N,5,LI,Bachelor,Rent,Panama City Beach,FL
A00002070,John Brown,47,Y,Y,5,MI,High School,Rent,Fayetteville,AR
A00006582,Kenny Clayton,34,Y,Y,5,MI,College,Mortgage,Deale,MD
A00003393,Annie Thorn,55,Y,Y,4,LI,Bachelor,Own,Dedham,MA
A00003691,Mildred Whitten,25,N,Y,7,MI,PhD,Rent,Glendale,AZ
A00006478,Daniel Keiss,35,Y,Y,6,MI,Bachelor,Own,Nashville,TN
A00002216,Amanda Ramirez,27,Y,Y,2,HI,Masters,Mortgage,Oakland,CA
A00005819,Edward Yarbrough,58,Y,Y,6,LI,Bachelor,Mortgage,Montgomery,AL
A00007887,Beverly Bennett,48,N,Y,3,LI,MD,Own,Nashville,TN
A00009096,Rhonda Eslinger,58,N,Y,7,HI,Bachelor,Own,Glen Burnie,MD
A00000519,Jerry Sanford,39,Y,Y,2,LI,Bachelor,Mortgage,Saint Albans Town,VT
A00002545,Jonathan Garrett,29,N,Y,7,MI,High School,Rent,Louisville,KY
A00004917,Clay Bracken,62,N,Y,5,LI,Bachelor,Own,Fremont,CA
A00003150,Eugene Bonifer,30,N,N,3,LI,Bachelor,Mortgage,Washington,DC
A00006131,Elizabeth Morgan,37,Y,Y,2,HI,NA,Rent,Plantation,KY
A00007238,Christian Daniels,62,N,Y,2,HI,Bachelor,Rent,Marblehead,MA
A00005232,Michelle Koontz,30,N,Y,2,MI,Bachelor,Rent,Berkeley,CA
A00008583,Carolyn Gregoire,40,Y,N,5,HI,College,Own,Glendale,AZ
A00002986,Joseph Stitt,41,N,Y,5,MI,College,Rent,Hayward,CA
A00003370,Gail Ollis,31,N,Y,3,HI,NA,Mortgage,San Leandro,CA
A00001340,Lisa Fontenette,56,Y,N,6,HI,High School,Rent,Litchfield Park,AZ
A00006712,Donald Oneal,30,Y,Y,3,HI,Masters,Rent,Louisville,KY
A00001969,Mary Abel,56,Y,Y,3,MI,Bachelor,Rent,Merritt Island,FL
A00007523,Jared Lara,42,Y,Y,7,MI,Bachelor,Mortgage,Livermore,CA
A00008849,Lucille Hebert,31,Y,Y,2,LI,College,Own,Burlington,VT
A00005763,Chris Barr,60,N,Y,6,MI,Masters,Rent,Savannah,GA
A00004272,George Williams,35,Y,Y,4,HI,High School,Own,Manchester,CT
A00004194,Leona Northcutt,35,Y,Y,7,LI,College,Rent,Savannah,GA
A00001304,Leonor Davidson,58,Y,Y,6,HI,College,Rent,Fayetteville,AR
A00008608,Jerry Huffines,48,Y,N,6,MI,Bachelor,Rent,Pleasanton,CA
A00006272,Brian Scharf,50,Y,Y,5,MI,High School,Mortgage,Fayetteville,AR
A00009827,Danny Erickson,25,N,Y,5,HI,Bachelor,Rent,Panama City Beach,FL
A00007090,Rachel Carpenter,33,N,N,6,LI,Bachelor,Mortgage,Nashville,TN
A00006081,Margaret Valdez,60,Y,Y,3,MI,College,Rent,Anchorage,AK
A00003326,Linda Burke,58,Y,Y,6,HI,Bachelor,Mortgage,Fort Collins,CO
A00001418,Melanie Smith,27,N,Y,2,MI,College,Mortgage,Glendale,AZ
A00001323,Robert Gomez,33,N,N,5,MI,College,Mortgage,Anchorage,AK
A00005206,Robert Galindo,38,Y,Y,7,LI,Masters,Rent,Montgomery,AL
A00002871,Larry Coaxum,28,Y,Y,6,HI,Masters,Mortgage,Washington,DC
A00001971,Amparo Davison,53,Y,Y,7,HI,Bachelor,Mortgage,Livermore,CA
A00002242,Clara Schoen,35,Y,Y,4,MI,High School,Mortgage,Arvada,CO
A00006310,Margret Duncan,41,N,Y,2,MI,Bachelor,Rent,Manchester,CT
A00006027,Stephanie Curtis,31,Y,Y,3,HI,Masters,Rent,Bolton,VT
A00008888,Ada Robinson,55,N,Y,5,MI,Bachelor,Mortgage,Glendale,AZ
A00006068,David Lindsey,30,N,Y,3,HI,High School,Mortgage,Aurora,CO
A00003612,Sophia Matthews,30,Y,Y,5,MI,Bachelor,Mortgage,Fayetteville,AR
A00000301,George Andreozzi,49,Y,Y,6,MI,High School,Own,North Little Rock,AR
A00001624,Allan Newton,38,Y,Y,6,LI,High School,Own,West River,MD
A00003161,Lillian Watts,35,Y,N,7,MI,PhD,Own,Montgomery,AL
A00006737,James Abel,57,Y,Y,5,MI,High School,Own,Yarmouth,MA
A00004222,Sharlene Clark,27,Y,Y,7,MI,College,Own,Tyndall Air Force Base,FL
A00004510,Mary Sampson,39,N,Y,4,MI,MD,Own,Oklahoma City,OK
A00008834,Robert Truong,62,N,Y,4,LI,Masters,Rent,Montgomery,AL
A00008915,Linnea Johnson,49,Y,Y,3,LI,Bachelor,Mortgage,Savannah,GA
A00003688,Theresa Miller,27,Y,Y,6,LI,Masters,Own,Nashville,TN
A00003590,Mary Hatchett,25,Y,Y,4,LI,NA,Mortgage,Saint Albans City,VT
A00005048,Marvin Sanders,25,Y,Y,4,LI,PhD,Mortgage,Oakland,CA
A00002320,Thomas Oldaker,44,Y,Y,2,MI,High School,Rent,Manchester,CT
A00002904,Elmer Bonner,41,Y,Y,2,MI,PhD,Rent,Montgomery,AL
A00009506,John Kelly,26,N,Y,7,MI,Bachelor,Own,Montgomery,AL
A00005366,David Sakoda,27,N,Y,3,LI,High School,Mortgage,Nashville,TN
A00006115,Linda Clark,57,N,Y,3,MI,MD,Rent,Manchester,CT
A00004351,Pamela Fletcher,35,Y,Y,5,MI,High School,Own,Fayetteville,AR
A00006176,Edward Peacock,55,Y,Y,5,HI,Bachelor,Own,Montgomery,AL
A00009844,Anthony Justice,33,N,Y,7,LI,Bachelor,Rent,Arvada,CO
A00009225,Eugenia Duff,45,N,Y,4,HI,Bachelor,Own,Barre,VT
A00006332,Karen Ronin,43,Y,Y,3,MI,Bachelor,Mortgage,Fayetteville,AR
A00006413,Danny Bridges,60,Y,Y,7,LI,High School,Mortgage,Fremont,CA
A00006052,Jacob Mccormick,64,Y,N,4,HI,Masters,Own,Madera,CA
A00008894,Elbert Skidmore,30,Y,Y,4,HI,College,Own,Panama City,FL
A00004081,Neil Mercurio,29,N,Y,2,HI,MD,Mortgage,Fountain,FL
A00007167,Thelma Weber,49,N,Y,5,MI,Masters,Own,Louisville,KY
A00009263,Julia Toure,31,Y,Y,7,MI,NA,Mortgage,Lincoln,CA
A00001521,Robert Phoenix,41,Y,N,3,HI,MD,Rent,Arvada,CO
A00005829,Joan Lively,59,Y,Y,7,MI,Bachelor,Own,Manchester,CT
A00003923,Paul Steffenhagen,40,Y,Y,2,MI,Masters,Own,Nashville,TN
A00008058,Cynthia Benitez,49,N,Y,4,LI,Bachelor,Own,Waterbury Center,VT
A00001053,Angela Mckenzie,29,N,Y,2,LI,PhD,Own,Oklahoma City,OK
A00000639,Douglas Walker,28,Y,Y,2,HI,High School,Own,Arvada,CO
A00008003,William Pita,60,Y,Y,3,MI,Bachelor,Own,Rutland,VT
A00002094,Jaime Harden,62,Y,Y,2,LI,College,Rent,Panama City,FL
A00004020,Lamont Slack,44,Y,Y,4,MI,Masters,Own,Louisville,KY
A00004643,Edward Bair,38,Y,Y,4,LI,NA,Rent,Arvada,CO
A00007545,Colleen Hides,44,Y,N,2,LI,Masters,Rent,Savannah,GA
A00003946,Raymond Godfrey,25,N,Y,3,HI,NA,Own,Louisville,KY
A00002085,Sara Reiland,27,N,Y,7,HI,Bachelor,Rent,Manchester,CT
A00004619,Karen Hinton,56,Y,Y,2,MI,College,Rent,Soda Springs,CA
A00004511,Errol Mulford,28,Y,N,5,HI,NA,Own,Glendale,AZ
A00003604,Susan Liles,33,N,Y,3,MI,College,Rent,Hinesburg,VT
A00000981,Carie Owens,30,Y,Y,5,MI,Bachelor,Own,Glendale,AZ
A00004211,Michael Fleming,35,N,Y,6,LI,Bachelor,Own,Carson,CA
A00008953,Jeri Erickson,29,N,Y,6,MI,Bachelor,Mortgage,Billerica,MA
A00007091,Jean Harris,56,N,Y,3,HI,Bachelor,Own,Glen Burnie,MD
A00006554,Vincent Lustig,39,N,Y,7,MI,Masters,Rent,Millersville,MD
A00004148,Joseph Adomaitis,26,N,Y,2,HI,Bachelor,Rent,Montgomery,AL
A00004437,Charles Montano,40,Y,Y,3,MI,MD,Mortgage,Berkeley,CA
A00004957,Michael Freeman,52,Y,Y,6,LI,High School,Mortgage,Litchfield Park,AZ
A00006927,Phillip Martinez,58,N,Y,6,MI,MD,Own,Brockton,MA
A00006704,Diane Souza,50,Y,Y,4,MI,Bachelor,Own,Oklahoma City,OK
A00003960,Karen Anderson,29,Y,Y,5,HI,High School,Rent,Nashville,TN
A00002579,Theo Kelly,39,Y,Y,5,MI,College,Own,Glendale,AZ
A00007697,Tommye Bermudez,34,Y,Y,3,LI,College,Own,Riva,MD
A00008727,Shirley Hall,43,N,N,6,MI,Bachelor,Mortgage,Brooklyn Park,MD
A00008764,Valerie Chadwell,52,Y,Y,7,HI,College,Mortgage,Manchester,CT
A00006919,Todd Singleton,38,Y,Y,6,MI,College,Rent,Fayetteville,AR
A00002065,Monica Shaw,34,Y,Y,7,HI,High School,Own,Manchester,CT
A00001526,Michael Eiche,47,N,Y,6,MI,Bachelor,Mortgage,Livermore,CA
A00009850,Arthur Simpson,39,Y,Y,6,LI,College,Mortgage,Plymouth,MA
A00008465,Melvin Jimenez,27,N,Y,4,MI,High School,Rent,Oklahoma City,OK
A00005185,Roderick Brewer,45,Y,Y,4,MI,Bachelor,Own,Panama City,FL
A00004465,Casey Child,31,Y,Y,2,LI,College,Own,Louisville,KY
A00004896,Jean Baker,48,Y,Y,5,MI,Masters,Rent,Annapolis,MD
A00002228,Marion Carew,37,Y,N,5,MI,College,Own,Montgomery,AL
A00009926,Carlos Tabor,25,Y,Y,2,MI,High School,Mortgage,Louisville,KY
A00005719,David Ramos,31,N,Y,6,LI,Bachelor,Mortgage,Savannah,GA
A00004046,Kim Meja,31,Y,Y,4,HI,Bachelor,Rent,Fremont,CA
A00005367,Fred Noori,28,Y,Y,3,LI,Bachelor,Own,Louisville,KY
A00002126,Harold Reynolds,42,Y,Y,5,HI,Bachelor,Mortgage,Washington,DC
A00002321,Matthew Figueiredo,45,Y,Y,7,MI,College,Mortgage,The Village,OK
A00006369,Jeanette Burnett,59,Y,Y,5,MI,Masters,Own,Orange,CA
A00000918,Marjorie Huerta,39,N,Y,4,HI,Masters,Own,Nashville,TN
A00001747,James Mcclallen,34,Y,Y,2,LI,Bachelor,Rent,Hartland,VT
A00001673,Betty Albano,31,N,Y,2,LI,Masters,Mortgage,Nashville,TN
A00001255,Gail Hoffman,60,Y,Y,3,HI,Bachelor,Mortgage,O'Neals,CA
A00005557,Matthew Febus,30,Y,Y,6,MI,Bachelor,Mortgage,Oklahoma City,OK
A00009215,Casandra Shaffstall,34,Y,N,5,LI,College,Mortgage,Oklahoma City,OK
A00008258,Mary Schirmer,61,Y,Y,4,HI,NA,Rent,Arvada,CO
A00002908,Geraldine Smith,40,Y,Y,5,MI,High School,Rent,Brooklyn Park,MD
A00000740,Theresa Powell,54,N,Y,3,LI,Bachelor,Mortgage,Crofton,MD
A00000573,Chester Glover,35,Y,Y,6,HI,Masters,Rent,Washington,DC
A00008850,Larry Coleman,35,Y,Y,5,LI,College,Rent,Calera,AL
A00007336,Matthew Block,55,N,Y,3,HI,High School,Mortgage,Savannah,GA
A00008297,Joanna Cambridge,28,N,Y,4,HI,High School,Rent,Montgomery,AL
A00001008,Cleveland Frazee,49,Y,Y,4,MI,High School,Rent,Panama City Beach,FL
A00009299,Garth Still,28,Y,Y,4,MI,High School,Mortgage,,VT
A00003767,Harold Turner,27,Y,Y,3,MI,College,Own,Manchester,CT
A00001402,Anthony Larose,34,Y,Y,3,MI,College,Rent,Nashville,TN
A00009066,Charles Williams,26,Y,Y,7,LI,College,Own,Castro Valley,CA
A00006390,Alina Messina,26,Y,Y,6,MI,Masters,Mortgage,Pooler,GA
A00007064,Gloria Brown,48,Y,Y,6,MI,Bachelor,Own,,VT
A00004060,Betty Bernard,43,N,Y,5,MI,High School,Mortgage,Louisville,KY
A00008543,Judy Linn,56,N,Y,4,LI,Bachelor,Mortgage,Fayetteville,AR
A00002821,Andrea Navarro,38,Y,Y,2,LI,Bachelor,Own,Arvada,CO
A00007854,Stacey Troy,41,Y,Y,3,MI,MD,Mortgage,Arvada,CO
A00004040,Gerald Fleischer,29,N,Y,2,LI,Bachelor,Rent,Montgomery,AL
A00002544,Vanessa Jones,37,Y,Y,2,HI,Bachelor,Rent,Washington,DC
A00004750,Bonnie Jones,61,Y,Y,3,LI,Bachelor,Own,El Cerrito,CA
A00004184,Lucio Mchendry,31,Y,Y,5,MI,Bachelor,Rent,Crownsville,MD
A00008128,Mary Neese,28,N,Y,5,LI,College,Rent,Berkeley,CA
A00007898,Carl Cooper,42,Y,Y,6,HI,Bachelor,Mortgage,Fremont,CA
A00000377,Maria Huff,45,N,Y,6,HI,Bachelor,Rent,Manchester,CT
A00004018,Karen Hand,53,Y,Y,3,MI,High School,Mortgage,Panama City,FL
A00003961,Susan Zapata,39,Y,Y,5,MI,High School,Rent,Brentwood,TN
A00008344,Diane Forshey,33,N,Y,5,HI,Masters,Mortgage,Telluride,CO
A00004347,John Beatty,60,Y,Y,7,LI,Masters,Mortgage,Glendale,AZ
A00005049,Mildred Martinez,40,Y,Y,6,MI,PhD,Rent,Manchester,CT
A00004645,Ursula Toth,61,N,Y,4,MI,College,Mortgage,Louisville,KY
A00006118,Sandra Dalton,45,Y,Y,4,MI,Bachelor,Own,Arvada,CO
A00008216,Elizabeth Malveaux,63,Y,Y,7,MI,High School,Mortgage,Nashville,TN
A00004779,Bobby Tinney,40,Y,Y,5,MI,College,Own,Hartford,VT
A00004064,Jacob Ledet,47,Y,Y,3,LI,High School,Mortgage,Louisville,KY
A00005695,Gabrielle Downs,32,N,Y,7,LI,Bachelor,Mortgage,Montgomery,AL
A00004145,Maria Rex,53,N,Y,6,HI,High School,Mortgage,Edmond,OK
A00002567,Eula Delgado,34,N,Y,3,MI,Bachelor,Rent,Panama City,FL
A00004326,Renee Helmes,58,Y,Y,5,LI,High School,Mortgage,Worcester,MA
A00000307,Charles Drakeford,45,Y,N,2,HI,NA,Rent,West Windsor,VT
A00004023,Kristen Ward,59,N,Y,6,MI,Bachelor,Rent,Fayetteville,AR
A00004639,Elouise Medina,55,Y,N,7,MI,Bachelor,Rent,Savannah,GA
A00008308,Gerald Manners,53,N,Y,3,MI,High School,Mortgage,Panama City,FL
A00009317,Marcella Justice,32,Y,Y,5,LI,Masters,Mortgage,Lynn,MA
A00007621,Clinton Mcguire,39,N,N,5,LI,Bachelor,Rent,Pasadena,MD
A00007030,Lucy Lawrence,44,N,Y,2,MI,Masters,Mortgage,Arvada,CO
A00005758,Kenneth Livingston,64,Y,Y,6,HI,Bachelor,Own,Panama City,FL
A00009752,Allan Guy,33,Y,Y,6,MI,Bachelor,Own,Fayetteville,AR
A00006914,Jason Seaman,54,Y,Y,6,MI,Masters,Rent,Washington,DC
A00009240,Albert Ford,52,Y,Y,5,MI,Masters,Own,Arvada,CO
A00003912,Emma Martinez,39,Y,N,3,HI,High School,Rent,Washington,DC
A00006070,Theresa Anderson,27,N,Y,6,HI,Bachelor,Rent,Arvada,CO
A00008103,Edward Mascarenas,27,Y,Y,3,HI,NA,Mortgage,Panama City Beach,FL
A00007791,Cary Hough,50,Y,Y,2,LI,Bachelor,Mortgage,Groton,CT
A00009638,Leroy Sierra,50,Y,Y,3,MI,High School,Rent,Nashville,TN
A00000336,Bobby Wall,31,N,Y,7,LI,Masters,Rent,Anchorage,AK
A00005326,Joseph Holifield,37,N,Y,7,LI,High School,Rent,Fayetteville,AR
A00005960,Rosemary Singleton,48,Y,N,4,MI,PhD,Own,Pittsfield,MA
A00009875,Fred Mitchell,31,Y,Y,2,HI,Bachelor,Mortgage,Washington,DC
A00001295,Emily Smith,31,N,Y,5,MI,MD,Own,Manchester,CT
A00005332,Jodi Balser,27,N,Y,7,MI,Bachelor,Mortgage,Selma,CA
A00005984,Julie Flowers,64,Y,N,3,MI,NA,Mortgage,San Leandro,CA
A00005558,Dayna Myhre,51,N,Y,6,LI,College,Rent,Nashville,TN
A00005525,Shirley Hall,30,Y,Y,3,HI,Bachelor,Mortgage,Medford,MA
A00009018,Anthony Burt,54,Y,Y,3,LI,High School,Rent,Moretown,VT
A00003435,Bryan Williams,44,N,Y,5,LI,Bachelor,Mortgage,Nashville,TN
A00005942,Frank Pope,54,N,Y,2,LI,Bachelor,Rent,Arvada,CO
A00008911,Earline Hill,29,Y,Y,7,HI,NA,Mortgage,Oakland,CA
A00006785,Betty Pace,46,N,Y,5,LI,Bachelor,Own,Arvada,CO
A00002967,Jennifer Reed,25,N,Y,7,MI,High School,Own,Arvada,CO
A00003905,Nancy Jones,62,Y,N,5,MI,College,Own,Fayetteville,AR
A00009739,Ann Snyder,33,Y,Y,2,MI,Bachelor,Own,Nashville,TN
A00002357,Lois Vanscyoc,63,Y,Y,6,MI,PhD,Own,Washington,DC
A00004787,Toby Mcray,50,N,Y,7,HI,High School,Rent,Montgomery,AL
A00008022,Jeffrey Elwick,38,Y,Y,4,MI,Bachelor,Mortgage,Manchester,CT
A00004215,Rachael Fleming,55,Y,Y,3,HI,College,Mortgage,Anchorage,AK
A00004147,Pamela Woodyard,63,N,Y,5,HI,Bachelor,Rent,Savannah,GA
A00004072,Robert Wool,48,Y,Y,6,MI,High School,Own,Millersville,MD
A00007649,Dustin Peed,57,Y,Y,2,MI,Bachelor,Rent,Savannah,GA
A00005747,Isabel Warney,35,Y,Y,3,LI,Bachelor,Own,Washington,DC
A00004168,Nicole Beckman,39,Y,Y,5,MI,High School,Rent,Montgomery,AL
A00008759,Diana Powell,38,Y,Y,4,MI,Bachelor,Mortgage,Fayetteville,AR
A00008278,Madelyn Kerns,25,Y,Y,5,LI,Bachelor,Own,Montgomery,AL
A00003133,Teresa Brammell,48,Y,Y,5,MI,Bachelor,Own,Nashville,TN
A00000297,John Rodriguez,60,Y,Y,6,MI,Bachelor,Rent,Montgomery,AL
A00003493,Fernando Beckford,64,Y,Y,2,HI,High School,Rent,Wheatland,CA
A00008584,Jim Hughes,30,Y,Y,3,MI,MD,Rent,Montgomery,AL
A00006236,Darrell Bernard,32,Y,Y,5,HI,High School,Mortgage,Fayetteville,AR
A00004747,Mirian Nicholas,58,Y,Y,3,MI,NA,Mortgage,Groton,VT
A00008421,Stephanie Potter,53,N,Y,5,LI,PhD,Mortgage,Hayward,CA
A00009656,Molly Matava,38,Y,Y,4,MI,Bachelor,Own,Arvada,CO
A00005142,Chester Perkins,46,N,Y,5,MI,Bachelor,Rent,Panama City,FL
A00009580,Rebecca Warren,37,N,Y,5,MI,High School,Mortgage,Oklahoma City,OK
A00006563,Ronnie Valencia,26,N,N,3,MI,High School,Own,Louisville,KY
A00004932,Julius Simila,30,Y,Y,6,HI,High School,Own,Washington,DC
A00001639,Dorothy Pena,42,Y,Y,7,MI,MD,Own,Washington,DC
A00003601,Irene Sharpless,33,Y,Y,7,MI,Bachelor,Mortgage,Williston,VT
A00001022,Mary Newell,44,Y,Y,7,MI,Bachelor,Own,Washington,DC
A00007770,Mary Vassell,56,Y,Y,4,MI,Bachelor,Mortgage,Vacaville,CA
A00008703,Alex Jeffrey,43,Y,Y,6,LI,Bachelor,Rent,Fayetteville,AR
A00004977,Teresa Fetner,58,Y,Y,5,HI,High School,Mortgage,Fayetteville,AR
A00007252,Lydia Dawson,52,Y,Y,2,MI,Masters,Mortgage,Fayetteville,AR
A00005924,Jack Williams,54,Y,Y,5,MI,Bachelor,Own,Savannah,GA
A00003816,Joseph Tritt,61,Y,Y,5,MI,High School,Own,Anchorage,AK
A00008846,John Ruck,31,Y,Y,3,HI,College,Own,Panama City,FL
A00005873,Tim Parker,30,N,Y,2,HI,MD,Own,Livermore,CA
A00007847,Willie Ousley,54,Y,N,6,MI,Bachelor,Rent,Berkeley,CA
A00009559,John Beals,46,Y,Y,4,MI,Bachelor,Mortgage,Annapolis,MD
A00003959,Gerald Norman,38,Y,Y,7,MI,Bachelor,Own,Union City,CA
A00006630,Karen Baker,27,Y,Y,7,HI,Bachelor,Rent,Savannah,GA
A00006290,Toby Asberry,25,Y,Y,2,MI,Bachelor,Rent,Louisville,KY
A00003955,Joanne Miller,40,Y,Y,6,HI,High School,Own,Oklahoma City,OK
A00005154,Bill Valle,37,Y,Y,2,LI,High School,Rent,Montgomery,AL
A00007878,Kelly Tilton,46,Y,Y,5,LI,Bachelor,Own,Goodlettsville,TN
A00005943,Linda Arroyo,62,Y,Y,7,MI,High School,Rent,Moore,OK
A00007781,Nathan Helmick,52,N,Y,3,LI,Bachelor,Own,West Brattleboro,VT
A00003614,Maria Willis,38,Y,Y,4,HI,Bachelor,Mortgage,Nashville,TN
A00007975,Leroy Triplett,44,Y,Y,3,MI,Bachelor,Own,Louisville,KY
A00000416,Betty Hill,62,Y,Y,6,MI,High School,Rent,Brooklyn Park,MD
A00001914,Mary Massey,32,Y,Y,6,MI,Bachelor,Rent,Fremont,CA
A00006803,Nina Boyd,53,Y,N,4,LI,High School,Rent,Washington,DC
A00006532,Pat Bronder,27,Y,N,6,MI,High School,Rent,Greeley,CO
A00002651,Melissa Krumwiede,42,Y,Y,2,LI,High School,Rent,Litchfield Park,AZ
A00007587,Eugene Mason,56,N,Y,2,HI,High School,Own,Dublin,CA
A00008574,Helen Olvera,62,Y,Y,4,HI,College,Rent,Port Charlotte,FL
A00003861,Ramon Kerns,39,N,Y,3,HI,Bachelor,Rent,Manchester,CT
A00004480,Jamie Pitt,64,N,Y,2,MI,High School,Mortgage,Gambrills,MD
A00003077,Alexander Rodriguez,29,Y,N,4,LI,Bachelor,Rent,Panama City Beach,FL
A00000847,Pamela Niss,47,Y,Y,7,HI,Bachelor,Own,Arvada,CO
A00006169,Sandra Cornelius,61,Y,Y,2,MI,MD,Own,Panama City,FL
A00007485,Lisa Reed,37,N,Y,3,LI,Masters,Rent,Underhill,VT
A00006691,Evelyn Simpson,57,Y,Y,3,LI,High School,Rent,Arvada,CO
A00000189,Michael Hinnant,60,N,Y,3,MI,NA,Own,Nashville,TN
A00002924,Alexa Bottorff,47,Y,Y,6,LI,Bachelor,Mortgage,Orange,CA
A00006194,Amanda Koffman,58,N,Y,5,LI,MD,Own,Fayetteville,AR
A00001487,Gloria Corell,40,N,Y,7,LI,NA,Own,Methuen,MA
A00000876,Jan Blanchard,29,N,Y,2,LI,Bachelor,Mortgage,Arvada,CO
A00005711,Kenneth Nelson,56,Y,Y,7,LI,Masters,Own,Port Charlotte,FL
A00000016,Richard Bush,60,Y,Y,4,MI,Masters,Rent,Savannah,GA
A00001667,Terry Almeida,38,Y,Y,4,LI,Bachelor,Rent,Washington,DC
A00006568,Mary Garcia,28,Y,Y,2,HI,PhD,Rent,Annapolis,MD
A00005368,Manuela Chapman,59,N,Y,6,HI,High School,Own,Anchorage,AK
A00007642,Bryant Hoskins,42,Y,Y,3,MI,Bachelor,Own,Pasadena,MD
A00007089,Candace Rinderer,48,Y,Y,2,MI,Bachelor,Rent,Oklahoma City,OK
A00001542,Sara Cinotti,51,N,N,7,LI,Masters,Mortgage,Montgomery,AL
A00003362,Alex Lejeune,54,N,Y,7,MI,Bachelor,Own,Anchorage,AK
A00006874,Jonathan Barnes,61,Y,Y,2,MI,NA,Mortgage,Fayetteville,AR
A00003336,Tracy Petrillo,57,Y,Y,2,LI,Bachelor,Mortgage,Fountain,FL
A00008658,Jerry Clinton,56,Y,Y,7,HI,Bachelor,Rent,Nashville,TN
A00000316,Anne Teter,37,Y,Y,7,LI,Masters,Own,Glendale,AZ
A00003487,Diana Stringham,26,Y,Y,6,MI,High School,Rent,Boulder,CO
A00009099,Joseph Wing,43,N,Y,3,MI,Bachelor,Mortgage,Oklahoma City,OK
A00002731,Doris Young,29,N,Y,2,MI,Bachelor,Mortgage,Alameda,CA
A00009320,Pamela Lawson,30,Y,Y,2,HI,College,Own,Panama City Beach,FL
A00003953,Jerry Figueroa,53,Y,Y,3,MI,Bachelor,Mortgage,Essex,VT
A00005227,Helen Sonnier,36,Y,Y,4,MI,PhD,Rent,Nashville,TN
A00003940,Dolores Garner,26,Y,Y,4,LI,Bachelor,Rent,Linda,CA
A00003679,Michelle Kelley,28,N,Y,2,MI,High School,Rent,Oklahoma City,OK
A00006707,Jennifer Davis,60,Y,Y,6,MI,Bachelor,Own,Fayetteville,AR
A00002963,Linda Richards,54,Y,Y,4,MI,MD,Own,Montgomery,AL
A00004784,Eva Hagen,45,Y,Y,3,LI,NA,Rent,Manchester,CT
A00001536,Lillie Jones,51,Y,Y,2,MI,High School,Rent,Panama City,FL
A00006888,Ricky Green,46,Y,N,2,MI,Bachelor,Mortgage,Montgomery,AL
A00006011,Marie Goff,63,Y,N,2,MI,NA,Mortgage,Glendale,AZ
A00005040,George Walz,42,N,Y,3,MI,Bachelor,Mortgage,Nashville,TN
A00002195,Connie Cochran,43,N,Y,4,HI,College,Own,Louisville,KY
A00005288,Roberto Ullery,64,Y,Y,5,LI,High School,Mortgage,Glendale,AZ
A00001923,David Love,42,N,Y,5,MI,MD,Rent,Manchester,CT
A00004774,Geraldine Stewart,45,Y,Y,2,MI,Bachelor,Rent,Savannah,GA
A00002586,Ma Hughes,40,Y,Y,6,LI,Bachelor,Rent,Bethany,OK
A00009201,Michael Payton,39,Y,Y,6,HI,High School,Mortgage,Nashville,TN
A00001047,William Howard,56,N,Y,5,HI,High School,Mortgage,Louisville,KY
A00008731,Robert King,41,Y,Y,7,MI,High School,Rent,Yarmouth,MA
A00006456,Phyliss Blevins,44,Y,Y,4,MI,High School,Rent,Manchester,CT
A00002574,Anita Mangels,29,Y,Y,7,LI,Bachelor,Mortgage,Montgomery,AL
A00002794,Herbert Jung,63,N,Y,2,MI,High School,Rent,Fayetteville,AR
A00004133,Timothy Hagler,40,N,N,3,LI,High School,Own,Quincy,MA
A00001537,Melissa Krauss,45,N,Y,7,LI,High School,Mortgage,Arvada,CO
A00006448,Linda Jost,44,Y,N,3,LI,High School,Own,Pasadena,MD
A00007258,Dan Hobson,26,Y,Y,7,MI,Masters,Own,Oklahoma City,OK
A00002715,Mike Pagan,52,N,Y,4,MI,High School,Own,Manchester,CT
A00004049,Thomas Napier,43,Y,Y,3,LI,High School,Own,Glendale,AZ
A00006581,Patrick Brown,41,Y,Y,5,MI,Bachelor,Rent,Washington,DC
A00001647,Joan Mcdowell,31,N,Y,3,LI,High School,Own,Louisville,KY
A00000459,Richard Davis,62,Y,Y,4,MI,High School,Mortgage,Nashville,TN
A00006004,Thomas Witherspoon,56,Y,Y,7,MI,Bachelor,Own,Manchester,CT
A00001488,Ida Donald,25,Y,Y,3,HI,College,Mortgage,Fayetteville,AR
A00002024,Bryan Scrabeck,35,Y,Y,7,LI,NA,Mortgage,Woodland,CA
A00003046,Barbara Gangler,44,Y,Y,4,HI,College,Rent,Fayetteville,AR
A00001762,Ben Casper,49,Y,Y,3,MI,Masters,Rent,Anchorage,AK
A00005936,Louis Langeness,64,Y,Y,3,LI,Bachelor,Mortgage,Maidstone,VT
A00004886,Ronald Kennedy,61,Y,Y,7,HI,High School,Rent,Savannah,GA
A00008292,Earl Pierce,47,N,Y,7,MI,MD,Own,Oklahoma City,OK
A00004197,David Studler,60,Y,Y,4,MI,Masters,Own,Fremont,CA
A00008732,Karen Holmes,38,Y,Y,4,MI,High School,Rent,Pooler,GA
A00004752,Eva Davidson,51,Y,Y,3,HI,Bachelor,Rent,Baltimore,MD
A00004312,Lance Mceachern,39,N,Y,4,LI,Masters,Rent,Annapolis,MD
A00004837,Leon Hays,63,Y,Y,3,LI,NA,Mortgage,Manchester,CT
A00007119,Callie Torres,56,Y,Y,7,MI,High School,Own,Fayetteville,AR
A00008346,Rebecca Volante,47,Y,Y,6,HI,Bachelor,Rent,Glendale,AZ
A00000809,Janette Calderon,40,N,Y,2,LI,PhD,Own,Glendale,AZ
A00007412,Sandra Ferrini,26,Y,Y,7,HI,NA,Mortgage,Glendale,AZ
A00007554,Melanie Avellino,45,Y,Y,5,LI,Bachelor,Own,Panama City,FL
A00003871,Jeri Renteria,63,Y,Y,4,MI,College,Rent,Livermore,CA
A00008459,Melanie Young,33,N,Y,2,LI,Bachelor,Rent,Woodford,VT
A00003428,Christopher Dunn,25,Y,Y,2,MI,MD,Own,Woodford,VT
A00005797,Diane Smith,49,N,Y,2,MI,High School,Own,Montgomery,AL
A00003261,Josiah Koelling,56,Y,Y,3,MI,Masters,Mortgage,Fall River,MA
A00007515,Marie Bryant,32,Y,Y,7,LI,High School,Mortgage,Nashville,TN
A00000994,Jerry Jackson,42,Y,Y,6,MI,Bachelor,Mortgage,Fayetteville,AR
A00005717,Christine Justice,60,Y,Y,5,MI,Masters,Rent,Arvada,CO
A00001055,Andrew Padron,26,N,Y,5,LI,PhD,Rent,Anchorage,AK
A00005041,Guy Phillips,44,N,Y,5,MI,Masters,Own,Glendale,AZ
A00004127,David Sullivan,40,Y,Y,4,MI,Bachelor,Own,Redding,CA
A00001083,David Brock,39,Y,Y,7,LI,Bachelor,Mortgage,Montgomery,AL
A00000606,Tamara Morris,53,Y,Y,2,LI,Bachelor,Own,Burlington,VT
A00008209,Kathy Millet,61,Y,Y,7,LI,Bachelor,Rent,Edmond,OK
A00002091,Joshua Reff,63,N,Y,7,LI,Bachelor,Own,Fremont,CA
A00005739,David Davis,46,Y,Y,2,LI,High School,Rent,Louisville,KY
A00000895,Stephanie Arnett,51,Y,Y,2,HI,PhD,Rent,Savannah,GA
A00002957,Peter Worthington,44,Y,Y,3,LI,Bachelor,Rent,Stowe,VT
A00005302,James Murphy,53,Y,Y,4,MI,Masters,Own,Arvada,CO
A00007913,Brian Cadiz,57,Y,Y,3,HI,College,Mortgage,Arvada,CO
A00005505,Steven Demaio,27,Y,Y,3,MI,Masters,Rent,Oklahoma City,OK
A00003088,Brenda Robinson,56,N,Y,7,MI,High School,Rent,Louisville,KY
A00003519,David Harnden,58,Y,Y,6,LI,High School,Own,Nashville,TN
A00001754,Johnny Langan,60,Y,Y,2,LI,Bachelor,Own,Newton,MA
A00004429,Aurelio Wohlert,31,N,Y,6,MI,NA,Own,Louisville,KY
A00002742,Shaun Ware,54,N,Y,2,LI,Masters,Mortgage,Mexico Beach,FL
A00009239,Stephen Nelson,40,Y,Y,7,MI,Bachelor,Own,Washington,DC
A00000464,John Noble,26,N,Y,7,MI,College,Rent,Montgomery,AL
A00004178,Delia Beach,32,Y,Y,6,MI,Bachelor,Rent,Nashville,TN
A00008010,Evan Lowe,59,N,Y,4,LI,MD,Mortgage,Fremont,CA
A00004192,Lorilee Fields,56,N,Y,6,HI,High School,Own,Arvada,CO
A00005434,John Summers,33,Y,Y,3,LI,College,Rent,Waitsfield,VT
A00008161,Charles Parry,26,N,Y,7,MI,High School,Mortgage,Annapolis,MD
A00006212,June Lagunas,28,N,Y,4,MI,High School,Rent,Milford,MA
A00009768,Justin Olvera,36,Y,Y,5,LI,Bachelor,Own,Savannah,GA
A00009964,Mildred Sanders,58,Y,Y,7,MI,College,Rent,Anchorage,AK
A00006822,Russell Snow,27,Y,Y,2,HI,High School,Mortgage,Nashville,TN
A00003873,Roger Starks,53,Y,Y,2,HI,PhD,Own,Savannah,GA
A00001579,Shirley Paul,60,Y,Y,3,MI,High School,Rent,Worcester,MA
A00003148,Joanne Henderson,53,Y,N,2,MI,High School,Rent,Louisville,KY
A00002038,Ali Cutright,61,Y,Y,2,MI,Bachelor,Mortgage,Savannah,GA
A00006079,Ivan Barham,44,Y,Y,7,MI,College,Mortgage,Groton,CT
A00000252,Letha Beck,49,Y,Y,4,HI,Bachelor,Mortgage,Del City,OK
A00006191,Eileen Davis,34,Y,N,2,LI,College,Mortgage,Anchorage,AK
A00001004,Darrel Stevens,26,N,Y,6,HI,Bachelor,Mortgage,Cambridge,MA
A00002719,Justin Bonds,58,Y,Y,4,MI,Bachelor,Rent,Glendale,AZ
A00002554,Trevor Cordero,25,Y,Y,4,MI,Bachelor,Rent,Glendale,AZ
A00003496,Henry Cook,47,N,N,7,LI,College,Mortgage,Anchorage,AK
A00002315,Kimberly Zak,26,N,Y,3,MI,High School,Mortgage,Oklahoma City,OK
A00003005,Lawrence Crawford,46,Y,Y,5,MI,Masters,Rent,Washington,DC
A00009709,James Swanner,30,Y,N,7,LI,Bachelor,Rent,Arvada,CO
A00003975,Mary Thomas,43,Y,N,6,HI,High School,Mortgage,Anchorage,AK
A00007606,Lilly Read,60,Y,Y,5,HI,High School,Own,Montgomery,AL
A00008298,Tracy Nollman,49,Y,N,7,LI,High School,Rent,Agawam,MA
A00003896,Jefferson Diaz,54,N,Y,5,LI,Bachelor,Own,Arvada,CO
A00006282,Antoinette Scott,61,Y,Y,7,HI,NA,Own,Pasadena,MD
A00006662,Fredrick Hampton,34,Y,Y,4,LI,High School,Mortgage,Louisville,KY
A00004067,Robert Ross,44,Y,Y,3,HI,College,Rent,Manchester,CT
A00000989,Ethel Hartmann,41,Y,Y,3,MI,High School,Mortgage,Attleboro,MA
A00008926,James Garcia,53,Y,N,3,MI,MD,Rent,Glendale,AZ
A00000048,Dorothy Fundora,58,Y,Y,5,MI,College,Mortgage,Glen Burnie,MD
A00008217,Jason Martinez,31,N,Y,4,MI,High School,Rent,Farmington,AR
A00001292,Glen Batton,32,N,Y,6,LI,Bachelor,Rent,Oklahoma City,OK
A00008581,Michael Mcgehee,52,Y,Y,2,MI,NA,Rent,Montgomery,AL
A00002339,Donna Warfield,57,N,Y,7,HI,High School,Mortgage,Arvada,CO
A00008879,Sandra Clark,37,N,Y,3,MI,High School,Mortgage,Arnold,MD
A00006100,Barbara Sommerville,51,Y,Y,7,HI,College,Mortgage,Savannah,GA
A00005709,Becky Busse,41,Y,Y,4,MI,MD,Rent,Anchorage,AK
A00007544,Beverly Krasner,53,Y,Y,5,MI,Bachelor,Mortgage,Bristol,VT
A00002777,Mattie Hargis,31,N,Y,7,MI,College,Mortgage,Hartford,VT
A00000845,Stephanie Carroll,37,N,Y,3,MI,High School,Rent,Anchorage,AK
A00004691,Ryan Herren,41,N,Y,3,MI,College,Rent,Tybee Island,GA
A00005915,Jeanette Polanski,63,N,Y,2,MI,Bachelor,Rent,Arvada,CO
A00000663,Michael Aiken,32,N,Y,2,MI,Bachelor,Rent,Montgomery,AL
A00007268,Neil Powell,34,N,Y,2,MI,Masters,Rent,Severn,MD
A00002690,Gregory Guertin,47,Y,N,2,LI,College,Rent,Glendale,AZ
A00005152,Helen Salvadore,38,Y,Y,6,LI,Bachelor,Mortgage,Annapolis,MD
A00004263,James Norris,50,Y,Y,4,MI,Bachelor,Rent,Panama City,FL
A00005764,Bertha Trotter,51,Y,Y,6,HI,Bachelor,Own,Montgomery,AL
A00009852,Rita Thompson,55,N,Y,6,HI,High School,Mortgage,Oklahoma City,OK
A00003584,Hubert Treadway,28,Y,Y,5,LI,Bachelor,Own,Fayetteville,AR
A00006850,Nancy Kubo,49,Y,N,3,LI,High School,Own,Bakersfield,CA
A00005246,Herlinda Cage,28,N,Y,3,LI,High School,Rent,Fayetteville,AR
A00005833,John Anthony,60,Y,Y,6,LI,Bachelor,Own,Oklahoma City,OK
A00006492,Joseph Dinkel,27,Y,Y,2,HI,MD,Rent,Anchorage,AK
A00004469,Jeniffer Dyson,59,Y,Y,3,HI,Bachelor,Rent,Groton,CT
A00002701,Scott Alvarez,40,N,Y,2,LI,Bachelor,Mortgage,Nashville,TN
A00003067,Frank Valerius,55,Y,Y,6,MI,High School,Mortgage,Norman,OK
A00006150,Lucy Mcclure,42,Y,Y,3,LI,NA,Own,Manchester,CT
A00009712,Maris Allen,52,N,Y,3,MI,PhD,Own,Springfield,VT
A00009599,Larry Burke,30,Y,Y,5,LI,Bachelor,Rent,Panama City,FL
A00001204,Elizabeth Brock,49,Y,N,7,MI,College,Own,Manchester,CT
A00002158,Antoinette Morgan,60,Y,Y,2,HI,MD,Own,Louisville,KY
A00006402,Matthew Castellucci,53,Y,Y,3,HI,College,Mortgage,Anchorage,AK
A00005665,William Evans,33,N,Y,3,HI,PhD,Rent,Glendale,AZ
A00000729,Destiny Campbell,56,Y,Y,4,MI,High School,Own,Montgomery,AL
A00003985,Brian Maas,57,N,Y,7,MI,Bachelor,Mortgage,San Diego,CA
A00003870,Phil Curtis,61,Y,N,5,MI,College,Rent,San Jose,CA
A00000119,Luis Garcia,38,Y,Y,6,LI,NA,Mortgage,Litchfield Park,AZ
A00000078,Teresa Anderson,47,N,Y,4,HI,Bachelor,Mortgage,Greenfield,MA
A00009727,Michelle Mcglone,55,Y,Y,4,HI,College,Mortgage,Nashville,TN
A00003718,Michael Harris,61,N,Y,4,HI,Masters,Rent,West Windsor,VT
A00002775,Eugenia Burnett,56,Y,Y,7,HI,High School,Mortgage,Washington,DC
A00001127,Lena Dupuis,55,Y,Y,7,HI,Masters,Rent,Louisville,KY
A00008114,Phil Wallis,29,N,Y,7,LI,Bachelor,Own,Mansfield,MA
A00000126,Richard Barber,52,Y,Y,7,LI,Bachelor,Mortgage,Gardena,CA
A00007668,Deborah Demaria,28,Y,Y,3,LI,High School,Rent,Savannah,GA
A00004203,Kathleen Boggs,56,Y,Y,7,MI,High School,Own,Nashville,TN
A00002961,John Saunders,30,N,Y,5,HI,Bachelor,Own,Oklahoma City,OK
A00002730,Willie Murphy,33,Y,Y,5,HI,Bachelor,Rent,Oklahoma City,OK
A00001937,Sharon Rawlings,55,N,Y,6,HI,Masters,Mortgage,Manchester,CT
A00008766,Elizabeth Wegner,33,Y,N,7,MI,Bachelor,Rent,Montgomery,AL
A00009603,Michele Wood,48,Y,Y,2,MI,Bachelor,Rent,Arvada,CO
A00002716,Edgardo Schmidt,42,N,Y,4,MI,MD,Rent,Selma,CA
A00009268,Gary Dunbar,49,N,Y,5,LI,Bachelor,Mortgage,Norman,OK
A00000200,Donald White,39,Y,Y,5,MI,Bachelor,Rent,Telluride,CO
A00007585,Thomas Diehl,39,Y,Y,3,LI,High School,Mortgage,Severn,MD
A00003337,Wayne Kelley,52,Y,Y,7,MI,Bachelor,Mortgage,Nashville,TN
A00000360,Donna Burns,62,Y,Y,4,HI,Bachelor,Mortgage,Anchorage,AK
A00003398,Virginia Bennett,49,Y,Y,4,HI,Bachelor,Rent,New Haven,VT
A00008043,Daniel King,63,Y,Y,2,MI,College,Mortgage,Louisville,KY
A00008419,Thomas Murphy,34,N,Y,7,LI,High School,Mortgage,Washington,DC
A00005575,Clara Zukof,41,Y,Y,5,HI,High School,Rent,Panama City Beach,FL
A00007330,Bernice Santomauro,50,Y,N,3,MI,Bachelor,Mortgage,Anchorage,AK
A00009630,David Schmid,47,Y,Y,5,MI,Bachelor,Own,Washington,DC
A00001115,Melvin Bengtson,55,Y,Y,5,LI,High School,Own,Wakefield,MA
A00005054,Terry Lohman,28,Y,Y,3,MI,PhD,Mortgage,Oakland,CA
A00006489,Jane Littlefield,53,N,Y,6,MI,High School,Rent,O'Neals,CA
A00005537,Chad Putnam,44,N,Y,5,LI,Bachelor,Rent,West Brattleboro,VT
A00006665,Miguel Holland,29,Y,N,7,LI,High School,Own,Peabody,MA
A00009236,Jason White,40,Y,Y,4,MI,MD,Own,Nashville,TN
A00007915,Pauline Grollimund,26,Y,Y,7,MI,High School,Own,Arvada,CO
A00007632,Hanna Zeigler,42,Y,Y,4,MI,Bachelor,Mortgage,Manchester,CT
A00005639,John Chambers,47,Y,Y,5,HI,MD,Own,Guilford,VT
A00006305,Evelin Pecanty,53,Y,N,7,HI,Bachelor,Rent,Washington,DC
A00007467,Lillian Fruman,30,Y,Y,2,HI,High School,Rent,Glendale,AZ
A00009122,Robert Wheeler,45,Y,Y,6,LI,Masters,Mortgage,Savannah,GA
A00007492,Sherry Goodson,61,N,Y,4,HI,Masters,Rent,Savannah,GA
A00007447,Charles Roberts,57,N,Y,4,LI,Masters,Own,Savannah,GA
A00002921,Travis Porter,29,Y,N,6,HI,Bachelor,Rent,Washington,DC
A00007069,Zane Garner,43,Y,Y,5,LI,NA,Rent,Manchester,CT
A00001580,Andrea Bender,60,Y,Y,6,LI,Bachelor,Rent,Anchorage,AK
A00000222,Patricia Carter,30,Y,Y,6,MI,Bachelor,Own,Lunenburg,MA
A00009418,Sonia Holland,44,Y,Y,5,LI,PhD,Rent,Burke,VT
A00000921,Connie Libby,50,Y,Y,6,HI,Bachelor,Own,Anchorage,AK
A00007625,Alice Gruber,53,Y,Y,2,HI,Bachelor,Mortgage,Washington,DC
A00007236,Jeffery Chernosky,32,Y,N,3,MI,Masters,Own,Annapolis,MD
A00001365,Robert Palazzi,30,Y,Y,4,LI,High School,Own,Arvada,CO
A00000281,Delbert Mccandless,51,N,Y,7,HI,Masters,Mortgage,Fayetteville,AR
A00001726,Terry Brown,61,N,Y,2,MI,Bachelor,Rent,Louisville,KY
A00000378,Alberto Hodges,49,Y,Y,3,LI,High School,Mortgage,Montgomery,AL
A00008056,Lauren Raymond,55,N,N,4,LI,Bachelor,Mortgage,Lunenburg,VT
A00002456,Charles Kingery,38,Y,Y,2,MI,Bachelor,Mortgage,San Leandro,CA
A00005496,Ralph Oakden,27,Y,N,7,MI,High School,Rent,Anchorage,AK
A00003047,David Garcia,60,Y,Y,5,LI,Bachelor,Own,Glendale,AZ
A00006015,Leah Gibson,28,N,Y,2,HI,College,Rent,Montgomery,AL
A00000937,Angela Caminiti,61,N,Y,3,MI,Bachelor,Rent,Washington,DC
A00002183,Tracie Leslie,42,Y,Y,3,MI,Bachelor,Mortgage,Glendale,AZ
A00007477,Anthony Carpenter,60,Y,Y,3,HI,High School,Own,Danville,VT
A00006886,Kurt Barker,38,Y,Y,5,HI,PhD,Own,Glendale,AZ
A00009166,David Bailey,44,Y,Y,5,HI,Masters,Rent,Montgomery,AL
A00000265,Robert Flamand,42,Y,N,6,LI,Bachelor,Mortgage,Montgomery,AL
A00008078,Jerry Patterson,33,N,Y,7,MI,Bachelor,Mortgage,Washington,DC
A00004710,Erik Hester,32,Y,Y,6,MI,College,Mortgage,Arvada,CO
A00004706,Alicia Soares,63,Y,Y,6,MI,Masters,Mortgage,Montgomery,AL
A00004647,Martha Varos,60,Y,Y,4,MI,Bachelor,Rent,Savannah,GA
A00008274,Marcia Billings,49,Y,Y,7,MI,Masters,Rent,Richford,VT
A00004386,Grace Wong,46,Y,Y,4,LI,Bachelor,Own,Arvada,CO
A00008315,David Medley,44,N,Y,3,HI,College,Mortgage,Arvada,CO
A00005652,Johnny Golden,53,Y,Y,6,MI,Bachelor,Mortgage,Arvada,CO
A00005098,Freddie Rebello,33,N,Y,3,LI,High School,Rent,Washington,DC
A00000367,Heather Crouse,37,Y,Y,5,LI,College,Own,Marlborough,MA
A00003303,Carol Reynolds,33,Y,Y,2,HI,College,Mortgage,Louisville,KY
A00008743,Katrina Olive,33,Y,Y,7,LI,High School,Rent,Manchester,CT
A00007230,Ernesto Weaver,40,Y,Y,2,MI,Bachelor,Mortgage,Savannah,GA
A00002643,Meghan Myers,62,Y,Y,5,LI,Bachelor,Own,Panama City Beach,FL
A00002225,Archie Semaan,33,Y,Y,4,HI,Bachelor,Mortgage,Washington,DC
A00005289,Tami Anderson,57,Y,Y,7,HI,Masters,Mortgage,Manchester,CT
A00009822,Henry Russell,41,Y,Y,3,LI,Bachelor,Rent,Guildhall,VT
A00001156,Deborah Barker,25,N,Y,2,LI,College,Own,Norman,OK
A00006381,Angela Lappin,39,Y,Y,2,HI,Bachelor,Own,Arvada,CO
A00000747,Marguerite Crow,31,Y,N,5,HI,Masters,Mortgage,West River,MD
A00003016,Nathan Morrow,55,Y,Y,4,LI,Bachelor,Rent,Glendale,AZ
A00007359,Dennis Twyman,25,N,Y,7,HI,Bachelor,Mortgage,Linthicum Heights,MD
A00008367,Patricia Banks,58,N,Y,6,MI,Masters,Own,Marblehead,MA
A00009492,Patricia Cook,53,Y,Y,3,MI,Masters,Mortgage,Panama City,FL
A00007628,Bonnie Rosenbaum,50,Y,Y,6,MI,High School,Own,Oklahoma City,OK
A00005032,Kristy Bradford,28,Y,N,7,MI,Bachelor,Own,Montgomery,AL
A00007902,Paul Jones,30,Y,Y,7,LI,Bachelor,Own,Brimfield,MA
A00003658,Michell Cummings,60,Y,Y,2,LI,Bachelor,Rent,Oklahoma City,OK
A00005690,Elizabeth Mcknight,57,Y,Y,6,MI,Bachelor,Mortgage,Glendale,AZ
A00002390,Scott Young,56,Y,Y,6,LI,High School,Rent,Wheatland,CA
A00003681,Thomas White,46,Y,Y,2,MI,College,Own,Glendale,AZ
A00004925,Sybil Lozon,51,Y,Y,6,MI,High School,Rent,Fountain,FL
A00000485,Milagros Remis,55,N,Y,2,HI,Bachelor,Mortgage,Stratton,VT
A00001715,James Stover,52,N,Y,2,HI,PhD,Own,Thunderbolt,GA
A00007333,Brenda Carranza,46,Y,Y,7,LI,MD,Rent,Fayetteville,AR
A00007046,Tara Bozeman,55,N,Y,6,MI,High School,Own,Pooler,GA
A00003368,Juan Bailey,31,N,Y,4,MI,NA,Own,Woodland,CA
A00002011,Velma Gallegos,27,Y,Y,5,MI,High School,Mortgage,Montgomery,AL
A00005878,Carol Mcleod,43,Y,Y,4,LI,Bachelor,Own,Arvada,CO
A00005310,Shannon Bledsoe,41,Y,N,7,HI,Bachelor,Mortgage,Nashville,TN
A00005877,Marty Beam,56,Y,Y,3,LI,High School,Mortgage,Arvada,CO
A00005186,Julian Dees,41,Y,Y,4,LI,High School,Mortgage,Fayetteville,AR
A00003835,Albert Ramos,33,Y,Y,2,MI,High School,Mortgage,Chelmsford,MA
A00007576,Jeanne Cortez,29,Y,Y,7,HI,Masters,Rent,Fayetteville,AR
A00009690,Eddie Gilbert,48,Y,Y,2,LI,Masters,Own,Louisville,KY
A00000607,Russell Wilcox,45,N,N,7,MI,MD,Mortgage,Anchorage,AK
A00009460,Melanie Cardona,41,Y,Y,3,HI,High School,Mortgage,Savannah,GA
A00000053,Arnold Swelgart,26,N,Y,2,MI,College,Own,Manchester,CT
A00007993,Florence Fowler,26,N,Y,2,LI,College,Mortgage,Berkeley,CA
A00000767,Brooke Lawrence,62,Y,Y,6,MI,Bachelor,Mortgage,Aspen,CO
A00008746,Olga Sanders,39,Y,Y,2,MI,High School,Own,Oklahoma City,OK
A00008664,Richard Myers,47,N,N,4,MI,Bachelor,Rent,Oklahoma City,OK
A00006607,Tyler Foss,46,Y,Y,4,MI,Bachelor,Own,Moore,OK
A00007243,Mary Cloud,37,N,Y,6,HI,High School,Mortgage,Savannah,GA
A00009288,Lexie Kirley,27,Y,Y,4,MI,High School,Mortgage,Wheatland,CA
A00007999,Ronald Stcharles,50,Y,Y,3,MI,Bachelor,Rent,Savannah,GA
A00001907,Susan Scontras,41,Y,Y,4,MI,Bachelor,Mortgage,Savannah,GA
A00005284,Keith Stephens,55,Y,Y,5,HI,Bachelor,Rent,Rutland,VT
A00009676,Ernest Marvin,38,Y,Y,2,MI,Masters,Rent,Anchorage,AK
A00004546,Ann Amos,31,Y,Y,5,MI,High School,Mortgage,Vallejo,CA
A00000273,Josephine Pyle,51,Y,Y,4,HI,MD,Rent,Fayetteville,AR
A00001118,Don Davis,60,Y,Y,3,MI,High School,Mortgage,Fayetteville,AR
A00006988,Kathy Dixon,55,Y,Y,7,LI,High School,Rent,Panama City Beach,FL
A00008739,Melissa Sutton,25,Y,Y,6,HI,Masters,Rent,Louisville,KY
A00001132,Elmer Padel,54,Y,Y,4,HI,PhD,Mortgage,Richford,VT
A00001085,Michele Lumpkin,41,Y,Y,7,LI,Bachelor,Rent,Plantation,KY
A00002525,Gerardo Parker,37,Y,N,6,MI,PhD,Rent,Nashville,TN
A00000803,Sarah Meagher,27,N,Y,2,LI,High School,Mortgage,Washington,DC
A00001389,Jarrod Wells,40,Y,Y,5,LI,High School,Rent,Nashville,TN
A00001598,William Campos,45,Y,Y,4,MI,Bachelor,Rent,Oklahoma City,OK
A00000539,Michael Brewer,35,N,Y,3,MI,Masters,Own,Norman,OK
A00006395,Linda Austin,43,N,N,7,HI,Bachelor,Mortgage,Anchorage,AK
A00009170,Gene Elem,27,Y,Y,4,LI,Bachelor,Mortgage,Savannah,GA
A00002043,Norma Abramson,63,Y,N,5,LI,Bachelor,Mortgage,Soquel,CA
A00001975,Samantha Glickman,49,N,Y,3,LI,Bachelor,Rent,Savannah,GA
A00006540,Palmer Miller,33,Y,Y,5,MI,MD,Mortgage,Washington,DC
A00003083,Maria Peoples,29,Y,Y,2,HI,Bachelor,Rent,Oklahoma City,OK
A00000517,Michael Mayoka,56,Y,Y,5,LI,Bachelor,Mortgage,Louisville,KY
A00004229,Andrew Griffin,28,Y,Y,2,LI,Bachelor,Mortgage,Lyndon,KY
A00007136,Dorothy Bosley,31,Y,Y,4,MI,College,Rent,Nashville,TN
A00003908,Josephine Saldana,46,N,Y,7,MI,PhD,Mortgage,Lynn Haven,FL
A00002940,Corinne Bundy,39,N,Y,3,MI,Bachelor,Own,Montgomery,AL
A00001556,Patricia Clark,46,Y,N,7,MI,Bachelor,Rent,Glendale,AZ
A00008084,Jewel Wright,25,N,Y,3,HI,High School,Rent,Goodlettsville,TN
A00007391,Hilma Gaines,54,Y,Y,2,LI,NA,Rent,Burlington,VT
A00006648,Julie Holland,62,Y,Y,6,MI,Bachelor,Mortgage,Pooler,GA
A00003269,Elizabeth Orabuena,59,Y,Y,3,LI,Bachelor,Own,Panama City,FL
A00003907,Gary Cox,55,Y,Y,7,MI,High School,Rent,Montgomery,AL
A00000670,Diane Givens,44,N,Y,3,MI,College,Rent,Nashville,TN
A00005816,Jennifer Macdonald,45,Y,Y,7,HI,Bachelor,Mortgage,Union City,CA
A00005488,Genevieve Vann,48,N,Y,7,HI,High School,Mortgage,Oklahoma City,OK
A00000374,Michele Aycock,32,Y,Y,6,LI,Bachelor,Mortgage,Nashville,TN
A00007562,Richard Hwang,41,Y,Y,6,LI,MD,Own,Westford,VT
A00008455,Gary Walker,64,Y,Y,6,HI,Masters,Rent,Louisville,KY
A00004961,Barbara Peebles,62,Y,Y,6,LI,MD,Own,Nashville,TN
A00005673,Phillis Ly,56,N,Y,4,MI,High School,Own,Manchester,CT
A00006006,Rogelio Richards,25,Y,Y,2,LI,Bachelor,Rent,Nashville,TN
A00004711,Peter Brown,59,Y,Y,7,MI,Bachelor,Own,Louisville,KY
A00003114,Rebecca Wheaton,27,Y,Y,4,MI,Bachelor,Own,,VT
A00006678,Jennifer Jonason,32,Y,Y,2,MI,High School,Rent,Washington,DC
A00007471,Pearlie Betts,39,N,Y,3,MI,PhD,Own,Barnstable,MA
A00009153,Timothy Sills,61,N,Y,4,MI,Bachelor,Mortgage,Dummerston,VT
A00008668,Diane Mosley,46,Y,Y,7,MI,Masters,Rent,Livermore,CA
A00002482,Shannon Turner,41,N,N,5,HI,College,Rent,Savannah,GA
A00002559,Monica Brumback,38,N,Y,5,MI,Bachelor,Mortgage,Hayward,CA
A00001878,Helen Occhuizzo,51,Y,Y,2,LI,Bachelor,Own,West Sacramento,CA
A00007081,Arnold Rivera,49,N,N,6,MI,Bachelor,Rent,Arvada,CO
A00000501,Lorene Hampton,39,Y,Y,4,MI,College,Mortgage,Glendale,AZ
A00006112,Felicia Love,35,Y,Y,7,LI,College,Own,Berkeley,CA
A00003238,Esther Griffith,57,Y,Y,5,LI,Bachelor,Rent,Arvada,CO
A00008398,Paul Power,44,Y,Y,6,HI,Bachelor,Own,Fayetteville,AR
A00002931,Ray Thomas,34,Y,Y,2,MI,High School,Own,Arlington,MA
A00009535,Holly Arterbury,50,N,Y,7,LI,High School,Rent,Montgomery,AL
A00000795,Alejandro Haggard,56,Y,Y,6,MI,Bachelor,Own,Livermore,CA
A00000478,Katherine Hall,42,Y,N,6,MI,College,Mortgage,Montgomery,AL
A00005824,Marlene Simmons,44,N,Y,6,LI,High School,Mortgage,Nashville,TN
A00004327,Tina Marks,55,N,Y,3,LI,College,Mortgage,Nashville,TN
A00000171,David Patterson,52,N,Y,4,LI,High School,Own,Panama City,FL
A00006611,Jamie Vise,33,Y,Y,5,MI,College,Own,Glen Burnie,MD
A00009258,Adam Yokoyama,38,Y,Y,5,MI,Bachelor,Mortgage,San Diego,CA
A00003095,Frances Willis,48,N,Y,4,LI,Bachelor,Own,Louisville,KY
A00003641,Rebecca Rogers,27,N,Y,4,MI,Masters,Rent,Anchorage,AK
A00003030,Sharon Peters,27,Y,Y,4,MI,Bachelor,Own,Nashville,TN
A00006930,Dale Pittman,45,Y,N,5,HI,Bachelor,Own,Livermore,CA
A00007398,Kathryn Anderson,27,Y,Y,2,HI,High School,Mortgage,Livermore,CA
A00003028,Elna Sims,33,Y,Y,3,HI,Bachelor,Mortgage,Washington,DC
A00008198,John Tefft,41,Y,Y,6,LI,Bachelor,Mortgage,Glendale,AZ
A00009631,Imelda Hollen,37,Y,Y,5,LI,Bachelor,Own,Louisville,KY
A00009272,John Boyer,44,N,Y,6,LI,High School,Mortgage,Manchester,CT
A00003978,Robert Green,39,Y,Y,7,MI,Bachelor,Mortgage,Glen Burnie,MD
A00008811,Patricia English,29,Y,Y,6,MI,Bachelor,Own,Panama City,FL
A00000708,Virginia Morris,59,N,Y,3,HI,MD,Own,Castro Valley,CA
A00004455,Timothy Pratt,58,Y,Y,4,LI,Masters,Own,Montgomery,AL
A00001042,Margaret Bly,58,N,Y,5,MI,Masters,Mortgage,Panama City,FL
A00006078,Thomas Christian,35,N,N,4,HI,Bachelor,Rent,Arvada,CO
A00003736,Maxine Jones,28,N,N,5,HI,PhD,Mortgage,Glendale,AZ
A00006038,Linda Romero,42,Y,Y,6,MI,High School,Rent,Washington,DC
A00002003,Carlos Montello,33,Y,Y,6,MI,High School,Mortgage,Arlington,MA
A00009990,Richard Herrera,41,N,Y,2,LI,Bachelor,Rent,Berkeley,CA
A00004782,Chris Hosley,58,Y,Y,5,HI,College,Mortgage,Woodford,VT
A00005063,Julie Moore,36,Y,Y,5,MI,College,Rent,Cupertino,CA
A00005768,Delphine Ellison,44,Y,N,5,LI,Masters,Mortgage,Savannah,GA
A00009043,Jeanette Bickford,28,Y,Y,7,LI,High School,Own,Anchorage,AK
A00001491,Victor Gorham,32,Y,Y,7,HI,High School,Own,Washington,DC
A00004579,Christopher Quezada,50,Y,Y,3,MI,College,Rent,Harrah,OK
A00002902,Brandon Voss,40,Y,N,5,MI,Bachelor,Own,Anchorage,AK
A00005066,Grace Trower,45,Y,Y,5,MI,Bachelor,Mortgage,Barre,VT
A00003048,Donetta Mallory,37,Y,Y,2,MI,High School,Rent,Pasadena,MD
A00008704,William Wolfgang,58,Y,Y,7,LI,Bachelor,Mortgage,Groton,CT
A00004291,Arthur Salmon,42,Y,Y,3,MI,Bachelor,Mortgage,Nashville,TN
A00007210,Michele Isham,61,Y,Y,7,MI,College,Mortgage,Montgomery,AL
A00000511,Melanie Eastman,59,Y,Y,4,HI,High School,Rent,Oklahoma City,OK
A00007470,George Whitley,51,Y,Y,3,MI,Bachelor,Own,Watertown,MA
A00008281,Billy Boyer,35,N,Y,3,LI,Masters,Own,Pasadena,MD
A00007688,William Jackson,35,Y,Y,4,LI,High School,Mortgage,Boulder,CO
A00009911,Erin Isenberg,60,Y,Y,5,LI,High School,Mortgage,Louisville,KY
A00007317,Marie Schwerdtfeger,26,Y,N,6,MI,Bachelor,Mortgage,Pleasanton,CA
A00006267,Kate Tito,26,N,Y,3,MI,High School,Mortgage,Glendale,AZ
A00000412,Ethel Forti,26,Y,Y,7,MI,High School,Rent,Fayetteville,AR
A00002416,Jessica Thurmer,52,Y,Y,5,MI,Bachelor,Own,Glendale,AZ
A00001160,Martha Arroliga,36,N,Y,2,LI,High School,Rent,Pooler,GA
A00005492,Robert Robichaux,27,Y,Y,5,MI,High School,Rent,Louisville,KY
A00009243,Donna Pierce,38,Y,Y,5,MI,High School,Mortgage,Arvada,CO
A00007604,Thomas Pascual,40,N,Y,2,HI,Bachelor,Mortgage,Louisville,KY
A00008553,Harry Padilla,27,N,Y,2,HI,Bachelor,Mortgage,Arvada,CO
A00008382,Chris Tutor,58,N,Y,7,MI,High School,Mortgage,Glendale,AZ
A00008279,Christine Knight,64,Y,N,3,MI,Bachelor,Rent,Rutland,VT
A00000225,Colby Cervantez,33,N,Y,3,LI,College,Rent,,VT
A00007559,Jacob Jones,49,N,Y,5,MI,Bachelor,Own,Anchorage,AK
A00008472,Juanita Steward,60,Y,Y,7,HI,Bachelor,Mortgage,San Diego,CA
A00001528,Allison Slager,33,N,Y,7,MI,Bachelor,Mortgage,Savannah,GA
A00000204,Tanya Hanlon,57,N,Y,6,MI,College,Rent,Washington,DC
A00004663,Jesse Shawler,46,Y,Y,5,MI,MD,Rent,Edgewater,MD
A00007808,Helen Mbonu,39,Y,Y,4,HI,Bachelor,Mortgage,Washington,DC
A00008247,Shirley Flinn,31,Y,Y,5,LI,MD,Own,Athol,MA
A00001787,Marty Crum,44,Y,Y,7,LI,MD,Rent,Oklahoma City,OK
A00009937,Ella Howard,56,Y,Y,5,LI,High School,Own,Waddell,AZ
A00004656,Daniel Gilstrap,63,Y,Y,2,MI,Bachelor,Rent,Savannah,GA
A00001426,John Smith,50,N,Y,6,HI,NA,Mortgage,Savannah,GA
A00008226,Monica Roscioli,53,Y,Y,2,MI,Bachelor,Mortgage,Nashville,TN
A00006039,Ruth Morgan,50,Y,Y,2,HI,High School,Rent,Fayetteville,AR
A00006299,Casey Kerns,62,N,Y,5,LI,MD,Rent,Montgomery,AL
A00006721,Shirley Sullivan,40,Y,Y,4,LI,High School,Mortgage,Arvada,CO
A00003625,Kathleen Parrish,64,Y,Y,6,MI,Bachelor,Mortgage,Fayetteville,AR
A00003529,Milagros Shotkoski,49,Y,Y,5,LI,Bachelor,Rent,Savannah,GA
A00006617,Amy Moore,61,Y,Y,3,MI,Masters,Own,Manchester,CT
A00006013,Wesley King,32,Y,Y,3,MI,High School,Rent,Harrah,OK
A00003966,Linda Dell,28,Y,Y,7,MI,Bachelor,Mortgage,Fayetteville,AR
A00006298,William Owens,53,Y,Y,6,HI,Masters,Rent,Panama City,FL
A00006641,Sarah Carter,58,Y,Y,3,HI,PhD,Rent,Washington,DC
A00006659,Carol Pearson,54,N,Y,7,LI,Bachelor,Rent,Oklahoma City,OK
A00009196,William Soloveichik,64,Y,Y,3,MI,PhD,Own,Montgomery,AL
A00006405,Linda Alexander,63,N,Y,7,MI,Bachelor,Own,Louisville,KY
A00005507,Gary York,49,Y,Y,3,LI,High School,Rent,Fayetteville,AR
A00007221,Tracey Zucco,63,Y,Y,3,HI,Masters,Own,Nashville,TN
A00004030,Mark Hart,56,N,Y,3,MI,College,Rent,Nashville,TN
A00000060,Rose Jensen,28,Y,Y,6,HI,PhD,Own,Arvada,CO
A00006023,Floy Wren,31,Y,Y,6,HI,High School,Mortgage,Fayetteville,AR
A00009634,Michael Wilson,33,Y,Y,3,MI,Bachelor,Own,South Burlington,VT
A00005420,Charlotte Skeen,55,Y,Y,6,LI,Masters,Rent,Midwest City,OK
A00000569,Mary Dell,38,Y,Y,3,HI,High School,Mortgage,Severn,MD
A00002596,Mark Salas,52,N,Y,6,MI,High School,Own,Anchorage,AK
A00002952,Shelby Schammel,49,N,Y,5,MI,Bachelor,Mortgage,Oakland,CA
A00005755,Michael Johnson,26,Y,Y,2,LI,College,Own,Louisville,KY
A00005243,Andre Meredith,53,Y,Y,4,LI,Bachelor,Mortgage,Arvada,CO
A00007228,Debi Gagnon,30,Y,Y,4,HI,College,Own,Lawrence,MA
A00008485,Eileen Bibber,31,Y,Y,2,LI,Bachelor,Mortgage,Louisville,KY
A00006817,Alice Bekis,36,Y,Y,4,MI,Bachelor,Own,Fayetteville,AR
A00005635,Mary Turner,43,Y,N,7,MI,Bachelor,Own,Washington,DC
A00002151,Marjorie Mills,35,Y,Y,5,MI,High School,Rent,Fremont,CA
A00003050,Sandra Hubbard,49,Y,Y,2,LI,High School,Mortgage,Saint Albans City,VT
A00002398,Angela Daniels,56,Y,Y,7,MI,Bachelor,Rent,Waddell,AZ
A00004796,Robert Platt,53,Y,Y,5,MI,Masters,Rent,The Village,OK
A00000357,Carrie Lachley,44,Y,Y,7,HI,College,Own,Mesa,AZ
A00009067,James Bartholf,43,Y,Y,6,MI,Bachelor,Rent,Crofton,MD
A00008291,Eileen Risser,61,Y,Y,6,HI,High School,Rent,Glendale,AZ
A00009312,Betty Lico,61,Y,Y,7,LI,Bachelor,Mortgage,Annapolis,MD
A00001712,Bruce Linn,38,Y,Y,3,LI,Bachelor,Rent,Washington,DC
A00000588,Benjamin Kreisher,37,N,Y,7,LI,College,Own,Brentwood,TN
A00002553,Ned Jones,50,N,Y,6,LI,High School,Mortgage,Ardmore,OK
A00002490,Trent Schultz,32,Y,Y,5,HI,Bachelor,Own,Glendale,AZ
A00006961,Leeanne Bishop,39,N,Y,3,MI,Masters,Mortgage,Manchester,CT
A00000837,Michael Mcclellan,49,Y,N,2,MI,High School,Rent,Manchester,CT
A00005948,Billie Londo,46,Y,Y,2,MI,PhD,Rent,Arvada,CO
A00008845,Elaine Sellers,34,N,Y,6,MI,High School,Rent,Louisville,KY
A00009860,Kristin Huckleberry,50,N,Y,7,MI,High School,Own,Edgewater,MD
A00006259,Clyde Flores,40,N,Y,5,MI,Bachelor,Rent,Norman,OK
A00009569,David Russell,62,N,Y,4,MI,Masters,Mortgage,Lynn Haven,FL
A00006577,Terry Brookhouse,56,Y,Y,4,LI,Bachelor,Rent,Annapolis,MD
A00001400,Terry Maraldo,52,N,Y,2,MI,Bachelor,Mortgage,Manchester,CT
A00003740,Tony Jensen,64,Y,Y,2,MI,Bachelor,Mortgage,Anchorage,AK
A00001449,Debby Oathout,45,Y,Y,7,LI,Bachelor,Rent,Pasadena,MD
A00003406,Lawrence Faust,59,N,Y,5,MI,Masters,Rent,,VT
A00002562,Ramona Laney,64,N,Y,2,MI,Masters,Rent,Oakland,CA
A00006714,Dale Lizarraga,58,N,Y,6,MI,NA,Own,Prospect,KY
A00003878,Marvin Wynn,43,Y,Y,7,MI,High School,Mortgage,Washington,DC
A00000426,Winnie Jones,25,Y,Y,4,LI,Masters,Own,Fayetteville,AR
A00009677,Charles Phillips,38,Y,Y,5,MI,Bachelor,Rent,Berkeley,CA
A00001371,George Snipes,25,Y,Y,4,LI,MD,Mortgage,Annapolis,MD
A00002658,Bertha Howard,32,Y,N,5,MI,Bachelor,Mortgage,Arvada,CO
A00003566,Leslie Quinto,60,Y,Y,3,HI,Bachelor,Mortgage,Arvada,CO
A00000068,Violet Lent,60,Y,N,7,HI,High School,Rent,Washington,DC
A00007256,Lisa Navarro,53,N,Y,5,LI,Bachelor,Rent,Panama City,FL
A00008286,Valerie Pappas,28,Y,Y,3,MI,PhD,Own,Burke,VT
A00002015,Lori Mikkelsen,33,Y,Y,2,MI,Bachelor,Rent,Pooler,GA
A00006482,Edward Martin,26,Y,Y,5,HI,High School,Rent,Louisville,KY
A00007641,Joel Westlake,31,Y,Y,4,MI,Masters,Rent,Montgomery,AL
A00000130,Viola Tebo,52,Y,Y,4,LI,Bachelor,Own,Anchorage,AK
A00004270,Marvin Jacobs,54,N,Y,2,HI,College,Rent,Oklahoma City,OK
A00008379,Jose Kenney,38,N,Y,5,MI,High School,Mortgage,Billerica,MA
A00005304,James Friesen,40,N,Y,7,HI,Bachelor,Rent,Louisville,KY
A00002808,Florence Bailey,35,Y,Y,3,HI,College,Mortgage,Anchorage,AK
A00000278,John Miller,61,Y,Y,7,MI,Bachelor,Own,Lynn Haven,FL
A00003286,Diane Ramirez,40,N,Y,7,MI,Bachelor,Rent,Severna Park,MD
A00008960,David Lewis,44,N,Y,5,LI,Bachelor,Own,Springfield,VT
A00000203,Lisa Liriano,37,Y,Y,6,LI,High School,Own,West Sacramento,CA
A00001779,Eric Richards,46,Y,Y,3,MI,Bachelor,Mortgage,Montgomery,AL
A00007838,Edward Cordier,60,Y,N,4,LI,NA,Rent,Nashville,TN
A00008479,Marian Noggler,53,Y,Y,3,MI,College,Mortgage,Montgomery,AL
A00007462,James Percy,42,Y,Y,4,MI,MD,Rent,Savannah,GA
A00005944,Kenneth Hammond,61,N,Y,2,LI,High School,Rent,Manchester,CT
A00008077,Brandon Kotterna,25,Y,Y,2,MI,MD,Mortgage,Edmond,OK
A00003547,Joe Johnson,32,Y,Y,3,MI,MD,Mortgage,Union City,CA
A00007892,Eric Stevenson,64,Y,Y,2,MI,MD,Rent,Oakland,CA
A00006746,Evelyn Johnson,51,N,Y,5,MI,Masters,Mortgage,Anchorage,AK
A00008220,William Kaupp,55,Y,Y,2,HI,Bachelor,Own,Savannah,GA
A00007169,Marie Hood,27,Y,Y,3,LI,Bachelor,Mortgage,Montgomery,AL
A00008810,Christian Holland,64,N,Y,3,LI,Bachelor,Rent,Manchester,CT
A00001807,Paul Teodoro,56,Y,Y,2,MI,Bachelor,Own,Montgomery,AL
A00001088,Spencer Mcelligott,36,Y,Y,7,MI,MD,Mortgage,Arvada,CO
A00007733,Kristen Price,57,N,Y,2,MI,PhD,Mortgage,Alameda,CA
A00009457,Michelle Graham,25,Y,Y,4,MI,College,Mortgage,Arvada,CO
A00008415,Joni Schmid,60,N,Y,7,MI,Bachelor,Mortgage,Medford,MA
A00007363,Mark Cole,53,Y,Y,3,MI,Bachelor,Mortgage,Glendale,AZ
A00003949,Sarah Deckman,55,Y,Y,4,LI,Bachelor,Own,Arvada,CO
A00008228,Matthew Gulbranson,35,Y,Y,6,LI,Masters,Rent,Louisville,KY
A00004006,Andrew Squires,36,Y,Y,2,MI,Masters,Rent,Oklahoma City,OK
A00005720,Kim Moss,54,Y,Y,4,LI,NA,Own,Manchester,CT
A00004806,Michael Sheppard,58,Y,Y,5,LI,College,Own,Montgomery,AL
A00003023,Wendy Brown,60,Y,Y,4,MI,Bachelor,Own,Anchorage,AK
A00009637,Renee Dilworth,58,Y,Y,7,MI,MD,Mortgage,Edmond,OK
A00009281,Patricia Mallory,30,Y,Y,5,LI,Masters,Rent,Berkeley,CA
A00008136,Anthony Burman,43,N,Y,4,MI,Bachelor,Rent,Panama City,FL
A00004463,John Crawford,47,N,Y,5,MI,MD,Mortgage,Union City,CA
A00005519,Tammy Carswell,37,N,Y,6,MI,High School,Rent,Hayward,CA
A00001114,Rosa Jeffers,42,Y,Y,5,MI,Bachelor,Own,Escondido,CA
A00003433,Ross Bacon,29,N,Y,4,LI,College,Mortgage,Montgomery,AL
A00005779,Arturo Nieves,59,Y,Y,5,LI,Bachelor,Rent,Panama City,FL
A00006086,Carol Schaller,28,Y,Y,7,LI,Bachelor,Mortgage,Glendale,AZ
A00009761,Robyn Sims,49,Y,Y,7,MI,Bachelor,Mortgage,Manchester,CT
A00008219,Andre Cirilo,38,Y,Y,5,MI,Bachelor,Rent,Manchester,CT
A00001430,Arturo Vandamme,63,N,Y,4,LI,NA,Rent,Hanover,MD
A00006842,Mary Mucha,40,N,Y,3,HI,Bachelor,Mortgage,Glendale,AZ
A00005697,Lemuel Harrison,50,N,Y,4,LI,Masters,Own,Savannah,GA
A00004442,Harvey Gordon,62,N,Y,7,LI,Bachelor,Own,Nashville,TN
A00007556,Rhonda Celedon,42,Y,N,2,MI,Bachelor,Mortgage,Manchester,CT
A00002412,Kristine Mccloud,43,Y,N,6,LI,High School,Rent,Arvada,CO
A00004834,Joe Blackwell,59,Y,Y,4,LI,High School,Own,Panama City Beach,FL
A00008356,Crystal Schuck,36,Y,N,4,HI,Bachelor,Own,Anchorage,AK
A00003434,Mary Wren,48,Y,Y,4,LI,Bachelor,Own,Woodbury,VT
A00004123,Jonathan Stinson,25,Y,Y,5,HI,High School,Mortgage,Arlington,MA
A00001941,Daniel Adkins,63,Y,N,5,LI,High School,Own,Stratton,VT
A00003252,Kimberly Wills,59,Y,Y,5,MI,Bachelor,Own,Nashville,TN
A00000132,Vincent Wolter,57,Y,Y,2,LI,Masters,Own,Fayetteville,AR
A00001814,Michelle Simms,30,Y,Y,5,LI,High School,Own,Norton,MA
A00004773,Bessie Lomonaco,34,N,Y,5,MI,PhD,Mortgage,Louisville,KY
A00003103,Angela Engel,50,Y,Y,5,HI,College,Own,Louisville,KY
A00009921,Phillip Peterson,52,N,N,7,MI,Bachelor,Rent,Louisville,KY
A00007978,Douglas Chavez,61,N,Y,2,MI,Bachelor,Rent,Savannah,GA
A00005298,Timothy Rushford,61,Y,Y,4,HI,NA,Own,Davidsonville,MD
A00009800,Javier Baker,40,Y,N,6,LI,High School,Mortgage,Panama City Beach,FL
A00005684,Jill Ranum,40,Y,Y,2,LI,Masters,Own,Manchester,CT
A00007411,Kristen Collins,47,N,Y,4,HI,High School,Mortgage,Kenai,AK
A00002894,Elizabeth Roberts,50,Y,Y,7,LI,Bachelor,Mortgage,Arvada,CO
A00002459,Paula Chronister,49,Y,Y,5,MI,Bachelor,Own,Oklahoma City,OK
A00004736,Derek Rucker,49,Y,Y,2,HI,Bachelor,Own,Fayetteville,AR
A00001349,Shaun Knighton,41,Y,Y,5,MI,College,Own,Nashville,TN
A00001837,Beatrice Payne,40,Y,Y,7,MI,College,Mortgage,Montgomery,AL
A00002665,Jason Deleon,41,Y,Y,4,MI,PhD,Mortgage,Glen Burnie,MD
A00009749,Jeanne England,61,Y,Y,5,HI,PhD,Rent,Montgomery,AL
A00000049,William Mcgill,37,Y,Y,4,HI,High School,Own,Manchester,CT
A00004673,Sherry Vallien,42,Y,Y,5,MI,Bachelor,Own,Goodlettsville,TN
A00003926,Teresa Oneill,36,Y,Y,3,MI,College,Own,Woburn,MA
A00000144,Brandon Pontes,31,Y,Y,5,MI,Bachelor,Own,Pasadena,MD
A00000123,Lucas Powley,59,Y,Y,2,MI,College,Own,Edgewater,MD
A00004797,Zachary Hatley,33,Y,Y,4,MI,High School,Mortgage,Panama City,FL
A00007907,Matthew Tucker,44,N,N,5,HI,High School,Mortgage,Fayetteville,AR
A00000958,Emily Janusz,31,Y,N,4,LI,Bachelor,Rent,Pooler,GA
A00003973,Andrew Mcguire,26,Y,Y,2,MI,Bachelor,Own,Brookline,MA
A00006818,Anne Caston,41,N,Y,3,HI,PhD,Mortgage,Manchester,CT
A00004307,Mae Spader,39,Y,Y,4,HI,High School,Own,Fayetteville,AR
A00007294,Andre Mcvay,47,N,Y,3,LI,College,Rent,Manchester,CT
A00000431,Shelley Miller,50,Y,Y,3,MI,Bachelor,Mortgage,Oklahoma City,OK
A00006292,David Winter,44,N,Y,6,LI,Bachelor,Mortgage,Peoria,AZ
A00002181,Donna Evans,26,N,Y,3,LI,Bachelor,Mortgage,Glendale,AZ
A00008611,Timothy Macri,63,Y,Y,7,LI,College,Own,Montgomery,AL
A00009191,Karen Gosa,57,Y,Y,2,LI,College,Own,Glendale,AZ
A00000176,Jeffrey Odea,29,Y,Y,7,MI,High School,Rent,Oklahoma City,OK
A00003246,Daryl Davis,40,Y,Y,7,MI,Bachelor,Rent,Nashville,TN
A00002541,Elaina Lavelle,55,N,Y,7,MI,NA,Mortgage,Fayetteville,AR
A00003987,Ronald Kean,42,Y,Y,4,LI,High School,Rent,Arvada,CO
A00002178,George Mosley,31,Y,Y,4,HI,College,Own,Annapolis,MD
A00005088,Gail Abnet,47,Y,Y,5,MI,High School,Own,Aurora,CO
A00004956,Fred Smith,25,Y,Y,4,LI,PhD,Rent,Fayetteville,AR
A00005927,David Cook,44,Y,N,6,MI,Bachelor,Mortgage,Mesa,AZ
A00009254,Amanda Riggle,29,Y,Y,4,MI,College,Own,Poultney,VT
A00001640,Margaret Rowe,55,Y,Y,5,MI,Bachelor,Mortgage,Glendale,AZ
A00005234,Ray Conway,29,Y,Y,7,MI,Bachelor,Rent,Laurel,MD
A00000178,Mary Mcnelis,28,Y,Y,2,LI,Bachelor,Mortgage,Louisville,KY
A00006585,Mary Martinez,57,N,Y,4,HI,Bachelor,Mortgage,Punta Gorda,FL
A00007481,Vernita Fuller,47,Y,N,7,MI,High School,Rent,Montgomery,AL
A00000249,William Hamilton,50,Y,Y,4,MI,Bachelor,Own,Fayetteville,AR
A00003113,Stanley Ullman,45,Y,Y,4,MI,Masters,Mortgage,Medford,MA
A00006174,Caleb Neubert,55,Y,Y,4,MI,Masters,Mortgage,Berkeley,CA
A00008009,Betty Herman,62,Y,Y,6,LI,Masters,Own,Anchorage,AK
A00008774,Carolyn Jacobs,36,Y,Y,3,MI,High School,Rent,Montgomery,AL
A00009482,Margaret Lightle,48,N,Y,2,MI,PhD,Mortgage,Fayetteville,AR
A00008762,Roberto Brown,64,Y,Y,7,LI,Bachelor,Rent,Savannah,GA
A00000564,Andrew Morgan,33,Y,Y,5,MI,Bachelor,Mortgage,Hayward,CA
A00003538,Dennis Thome,48,Y,Y,4,MI,NA,Rent,Glendale,AZ
A00008458,Phyllis Kempinski,45,Y,Y,2,MI,High School,Mortgage,Manchester,CT
A00008633,Pamela Doman,46,Y,Y,4,MI,Masters,Own,Washington,DC
A00002812,Marvin Carmen,34,Y,Y,6,MI,Bachelor,Own,Manchester,CT
A00003316,Judy Bolden,25,Y,Y,4,HI,Bachelor,Mortgage,Severna Park,MD
A00009889,James Hood,49,Y,Y,5,LI,NA,Rent,Fayetteville,AR
A00004649,Scott George,46,Y,Y,2,MI,Bachelor,Mortgage,Manchester,CT
A00004824,John Mcgowen,60,Y,Y,6,LI,High School,Mortgage,Washington,DC
A00004256,Jo Messinger,55,Y,Y,7,MI,High School,Mortgage,Louisville,KY
A00009833,Patricia Colbert,58,N,Y,7,MI,NA,Mortgage,Fayetteville,AR
A00008361,Candice Priem,50,Y,Y,6,MI,College,Mortgage,Washington,DC
A00005568,Elizabeth Davis,36,Y,Y,6,LI,PhD,Mortgage,Arvada,CO
A00000223,Viola Talbott,61,Y,Y,4,LI,Bachelor,Mortgage,Saint Matthews,KY
A00006140,Judy Mcgriff,43,Y,Y,4,MI,High School,Mortgage,San Leandro,CA
A00007372,Margarite Dannunzio,57,Y,N,2,MI,High School,Mortgage,Fayetteville,AR
A00000916,Jose Seat,53,Y,Y,6,MI,Bachelor,Rent,Fremont,CA
A00003784,Sandra Gillum,51,Y,Y,5,MI,Masters,Own,Manchester,CT
A00008506,Lyle Brown,36,N,Y,2,LI,College,Mortgage,Fayetteville,AR
A00007675,Jesse Basham,47,Y,Y,6,MI,Masters,Rent,Glendale,AZ
A00008723,Barbara Walsh,35,N,Y,6,HI,Bachelor,Mortgage,Fayetteville,AR
A00001347,Monique Twine,27,Y,Y,2,HI,Bachelor,Mortgage,Louisville,KY
A00004770,Ester Mcguire,29,Y,Y,7,MI,NA,Own,Glendale,AZ
A00007438,Tiffanie Steelman,32,N,Y,5,HI,Bachelor,Own,Manchester,CT
A00008772,Jamie Echevarria,31,N,Y,2,HI,High School,Own,San Jose,CA
A00003244,Keitha Harris,38,Y,Y,6,MI,Bachelor,Mortgage,Arvada,CO
A00009386,William Boone,26,Y,Y,5,MI,Bachelor,Mortgage,Montgomery,AL
A00000978,Leslie Pacheco,29,Y,Y,7,HI,Bachelor,Own,Worcester,MA
A00000738,Tom Kent,57,N,Y,3,MI,MD,Own,Port Wentworth,GA
A00001508,Loyd Fuller,27,N,N,4,HI,MD,Own,Nashville,TN
A00000771,Bertie Little,48,N,Y,5,LI,High School,Own,Fayetteville,AR
A00006727,Beth Sanchez,32,Y,Y,2,HI,MD,Rent,Mesa,AZ
A00006725,Randall Bakken,55,Y,Y,2,LI,High School,Rent,Arnold,MD
A00000419,Nicole Ramsey,52,Y,Y,5,MI,Bachelor,Mortgage,Norman,OK
A00005000,Ida Fashaw,42,Y,Y,5,LI,PhD,Rent,Norman,OK
A00001868,Beth Delacruz,38,N,Y,6,MI,Bachelor,Own,Louisville,KY
A00009070,Jennie Hinzman,28,Y,Y,3,MI,NA,Own,Arnold,MD
A00000393,Lisa Fraser,49,Y,Y,2,LI,High School,Mortgage,Manchester,CT
A00001833,Christine Richards,41,Y,Y,3,HI,Bachelor,Own,Washington,DC
A00009064,Patricia Dawkins,55,Y,Y,4,HI,Bachelor,Own,Louisville,KY
A00003191,Paul Anderson,51,Y,Y,7,MI,High School,Own,Louisville,KY
A00003600,Maria Higgins,52,Y,N,7,LI,Masters,Own,Pleasanton,CA
A00000816,Elsie Lloyd,58,Y,Y,5,MI,Bachelor,Rent,Savannah,GA
A00001746,Edith Barrett,55,Y,Y,6,MI,High School,Rent,Arvada,CO
A00002082,Theresa Scholz,39,Y,Y,4,MI,High School,Own,Glen Burnie,MD
A00000474,Steven Westlund,53,Y,Y,3,LI,Bachelor,Mortgage,Washington,DC
A00008504,Anna Mendoza,43,N,N,5,HI,MD,Mortgage,Savannah,GA
A00002388,Linda Porter,48,N,Y,3,HI,Bachelor,Rent,Montgomery,AL
A00007679,Tyler Vasquez,58,N,Y,6,LI,Bachelor,Rent,Nashville,TN
A00004592,Sharon Raleigh,45,Y,Y,6,MI,High School,Mortgage,Glendale,AZ
A00007962,Christopher Hanson,41,Y,Y,7,MI,Bachelor,Mortgage,Fayetteville,AR
A00009094,Blanca Williams,25,Y,Y,7,MI,College,Rent,Glendale,AZ
A00003372,Debra Toole,60,Y,Y,5,MI,High School,Rent,Anchorage,AK
A00007368,Gloria Mccormick,58,Y,Y,2,MI,Masters,Rent,Arvada,CO
A00004259,Michelle Jones,35,Y,Y,6,MI,High School,Rent,Montgomery,AL
A00006975,William Brouillette,50,N,Y,5,MI,High School,Own,Oklahoma City,OK
A00009453,Rita Brookhouse,62,N,Y,6,LI,Bachelor,Mortgage,Montgomery,AL
A00007914,Gregory Corea,33,N,Y,3,LI,Bachelor,Rent,Savannah,GA
A00003366,Jose Barrier,53,N,Y,3,MI,Bachelor,Rent,Fayetteville,AR
A00005216,Thelma Vanzant,61,Y,Y,7,MI,Bachelor,Own,Glendale,AZ
A00002990,Alyssa Sherman,58,Y,N,2,LI,Bachelor,Rent,Litchfield Park,AZ
A00000746,Ronald Phillips,52,Y,Y,7,MI,Bachelor,Mortgage,Thetford,VT
A00001514,Melissa Latigo,38,Y,Y,5,MI,High School,Mortgage,Marysville,CA
A00009346,Alicia Austin,35,Y,Y,7,LI,MD,Own,Ludlow,VT
A00008818,Cynthia Capito,36,Y,Y,7,HI,College,Own,Washington,DC
A00002080,Pat Johnson,25,N,N,4,LI,High School,Rent,Quincy,MA
A00004053,Gladys Casey,28,Y,N,4,HI,Bachelor,Rent,Nashville,TN
A00007752,Geraldine Hampshire,63,Y,Y,5,HI,College,Rent,Nashville,TN
A00006146,Mary Boshard,44,N,N,3,LI,College,Own,Mount Juliet,TN
A00006663,Kenneth Jacques,47,N,Y,3,HI,Bachelor,Mortgage,Panama City,FL
A00009644,Roberta Brunke,47,Y,Y,3,LI,PhD,Rent,Montgomery,AL
A00006201,Kiara Franklin,58,Y,Y,4,MI,Bachelor,Mortgage,Arvada,CO
A00003894,Justin Peterson,39,Y,Y,7,MI,College,Mortgage,Savannah,GA
A00009552,Joel Buckwalter,29,N,Y,2,HI,Masters,Own,Burlington,VT
A00003419,Cynthia Crew,45,Y,Y,2,MI,High School,Rent,Fayetteville,AR
A00005906,Randy Garner,56,Y,Y,7,MI,College,Mortgage,Manchester,CT
A00003253,James Poe,50,Y,Y,7,HI,College,Rent,Anchorage,AK
A00009458,Janetta Jackson,63,Y,Y,7,HI,Masters,Mortgage,Whitmore,CA
A00009073,Roger Mcleod,58,N,Y,5,MI,Bachelor,Mortgage,,VT
A00006446,Lloyd Owen,56,Y,Y,5,LI,High School,Rent,Louisville,KY
A00007149,Shizuko Neff,30,Y,Y,2,LI,Bachelor,Mortgage,Anchorage,AK
A00004851,Michael Felps,64,Y,Y,6,LI,High School,Own,Oklahoma City,OK
A00004372,Julie Moralez,53,Y,Y,2,MI,Bachelor,Own,Nashville,TN
A00002824,Scott Vega,42,Y,Y,5,HI,Bachelor,Mortgage,Manchester,CT
A00000484,Jeremiah Dennis,51,Y,Y,6,MI,High School,Rent,Oklahoma City,OK
A00001452,Lisette Watts,60,Y,Y,7,LI,College,Rent,Panama City Beach,FL
A00000097,Victor Joseph,37,Y,Y,6,HI,High School,Mortgage,Kenai,AK
A00001338,Bridgette Flowers,30,N,Y,6,LI,Masters,Own,Savannah,GA
A00002097,Mary Litecky,61,Y,N,7,MI,College,Own,Livermore,CA
A00000080,Christopher Hackleman,26,Y,Y,4,MI,Masters,Rent,Nashville,TN
A00006778,Tyrone Mager,32,Y,Y,7,HI,Bachelor,Rent,Hayward,CA
A00009714,Clifton Bouy,45,N,Y,7,MI,Bachelor,Rent,Westmore,VT
A00005047,Donna Stayton,59,Y,Y,3,HI,PhD,Own,Fayetteville,AR
A00007213,Lindsey Dexter,29,N,N,6,HI,PhD,Mortgage,Washington,DC
A00007366,Debbie Rickman,45,Y,Y,4,HI,Masters,Rent,Glendale,AZ
A00009743,Helen Adkins,30,Y,Y,3,MI,College,Rent,Hayward,CA
A00005157,Steven Stanley,48,Y,Y,4,MI,College,Mortgage,Arvada,CO
A00002314,Jonas Smith,50,N,Y,3,LI,Bachelor,Rent,Groton,VT
A00001423,Rosetta Harvey,26,N,Y,7,MI,NA,Mortgage,Anchorage,AK
A00004633,Mary Shelton,62,N,N,6,LI,NA,Own,Glendale,AZ
A00003782,Laura Baez,52,Y,Y,3,LI,Bachelor,Mortgage,Washington,DC
A00006087,Jorge Epps,58,Y,Y,5,LI,High School,Own,San Leandro,CA
A00001210,Jessica Croteau,61,Y,Y,5,MI,NA,Mortgage,Hartford,VT
A00004019,Kali Carlson,61,Y,N,2,LI,High School,Rent,Oklahoma City,OK
A00000593,Ralph Weinberger,31,N,Y,4,MI,High School,Own,Dracut,MA
A00004985,Frank Janecka,52,Y,Y,2,HI,Bachelor,Rent,Montgomery,AL
A00005615,Helga Barnes,46,Y,Y,5,HI,Masters,Own,Oakland,CA
A00004953,Edward Weddle,30,Y,Y,4,MI,Bachelor,Own,Boulder,CO
A00002045,Eddie Tanner,42,Y,Y,5,MI,PhD,Own,Louisville,KY
A00001635,Mildred Macias,28,Y,Y,4,HI,MD,Own,Savannah,GA
A00006199,Jeremy Palovick,42,Y,Y,4,MI,High School,Rent,Anchorage,AK
A00001392,Gloria Mccurley,63,Y,Y,7,MI,Bachelor,Mortgage,Louisville,KY
A00004733,Chester Bartz,27,Y,Y,2,MI,High School,Rent,Woodbury,VT
A00009866,John Ocasio,52,Y,Y,2,LI,Masters,Rent,Hayward,CA
A00002311,Tyler Wright,30,Y,Y,3,MI,NA,Mortgage,Hayward,CA
A00006348,Domingo Port,64,Y,Y,4,HI,Masters,Mortgage,Harwich,MA
A00004852,Robert Coffey,34,Y,Y,3,MI,High School,Mortgage,Nashville,TN
A00005940,Anthony Shin,60,Y,Y,2,MI,Bachelor,Mortgage,Severn,MD
A00003980,Burl Alaniz,62,Y,Y,4,LI,High School,Mortgage,Norman,OK
A00002805,John Arriaga,32,Y,Y,4,MI,High School,Own,Washington,VT
A00009708,Kyle Mclain,34,N,Y,2,LI,Bachelor,Mortgage,Moore,OK
A00001966,Charlette Beatty,44,Y,Y,6,HI,PhD,Mortgage,Montgomery,AL
A00001475,Manuel Anderson,51,Y,Y,2,MI,High School,Rent,Montgomery,AL
A00001285,Sarah Culver,51,N,N,2,HI,High School,Own,Panama City,FL
A00004381,Dana Taube,37,Y,Y,5,LI,High School,Mortgage,Savannah,GA
A00003925,Thomas Plumley,53,Y,Y,3,LI,MD,Rent,Glendale,AZ
A00005495,Leslie Stocks,51,N,Y,2,MI,Bachelor,Mortgage,Savannah,GA
A00005087,Steve Wright,53,Y,Y,7,MI,Masters,Own,Anchorage,AK
A00004357,Dennis Nelson,51,Y,Y,2,HI,Bachelor,Rent,Pooler,GA
A00005565,Philip Dickey,48,N,Y,5,MI,Bachelor,Own,Nashville,TN
A00007024,Mark Kluender,38,N,Y,2,MI,High School,Own,Berkeley,CA
A00005280,Juanita Reed,47,Y,Y,5,MI,College,Mortgage,Midwest City,OK
A00007712,Ignacio Elliott,54,Y,Y,4,MI,High School,Own,Glendale,AZ
A00006987,Elly Wallace,26,N,Y,3,HI,High School,Mortgage,Waddell,AZ
A00009952,Rodney Zimmerman,38,Y,Y,7,LI,Bachelor,Rent,Hayward,CA
A00006743,Annette Hickey,58,Y,Y,6,LI,Bachelor,Rent,Oklahoma City,OK
A00008105,Carolyn Taylor,52,N,Y,3,LI,MD,Mortgage,Tewksbury,MA
A00000648,Larry Dunston,52,Y,Y,7,HI,PhD,Rent,Nashville,TN
A00003175,Yolanda Seifert,47,Y,Y,6,LI,Bachelor,Own,Midwest City,OK
A00003599,Douglas Curry,46,Y,Y,4,LI,College,Rent,Glendale,AZ
A00009301,Jennifer Quintanilla,46,N,Y,4,MI,College,Rent,El Cerrito,CA
A00005265,Nicholas Corwin,40,Y,Y,4,LI,Bachelor,Mortgage,Glendale,AZ
A00009856,Ruben Hale,31,Y,Y,3,HI,Bachelor,Own,Savannah,GA
A00009665,Barbara Roberts,28,N,Y,7,MI,Bachelor,Mortgage,Nashville,TN
A00004548,Keith Pacheco,50,Y,Y,6,MI,MD,Mortgage,Arvada,CO
A00008081,Rodney Kirksey,62,Y,N,2,MI,High School,Rent,Fayetteville,AR
A00008048,Wanda Sanchez,62,Y,Y,2,MI,College,Own,Oklahoma City,OK
A00001379,Clint Sealock,29,Y,Y,3,MI,PhD,Rent,Glendale,AZ
A00005105,Geraldine Christiansen,62,Y,Y,2,MI,Bachelor,Rent,Washington,DC
A00002182,Donald Toliver,39,Y,Y,4,HI,PhD,Mortgage,Washington,DC
A00009347,Betty Pfundt,40,Y,Y,5,HI,Bachelor,Own,Manchester,CT
A00006383,Tracy Studeny,26,Y,Y,2,HI,Masters,Own,Westport,MA
A00007998,Virginia Williams,48,Y,Y,3,MI,Masters,Rent,Manchester,CT
A00004459,Sarah Florido,35,Y,Y,6,LI,Bachelor,Mortgage,Oklahoma City,OK
A00004980,David Ford,34,Y,Y,3,HI,Masters,Mortgage,Anchorage,AK
A00005536,Donald Kieff,29,Y,Y,3,LI,Bachelor,Own,Glendale,AZ
A00000992,Mary Clark,63,N,Y,6,MI,High School,Own,Washington,DC
A00009542,Sondra Aycock,63,N,Y,2,LI,High School,Own,Dublin,CA
A00008901,Lula Simmons,43,N,Y,5,HI,Bachelor,Own,Manchester,CT
A00003154,Noe Fuller,27,Y,Y,2,MI,Bachelor,Own,Panama City,FL
A00002653,Harrison Nordes,31,Y,Y,7,MI,PhD,Own,Washington,DC
A00009643,Joaquin Rausch,46,Y,Y,7,MI,Bachelor,Own,Nashville,TN
A00001668,Robin Jensen,43,N,Y,2,HI,PhD,Rent,El Cerrito,CA
A00005883,Tobias Decaire,26,N,Y,3,MI,Bachelor,Rent,Glen Burnie,MD
A00002037,Charles Russey,31,Y,Y,6,HI,Bachelor,Mortgage,Castro Valley,CA
A00006677,Scott James,51,Y,Y,3,LI,Bachelor,Rent,Glendale,AZ
A00005738,Joseph Franks,36,Y,Y,4,MI,College,Own,Edmond,OK
A00003841,Pauline Opal,25,N,Y,5,LI,Bachelor,Own,Savannah,GA
A00006445,Kelly Scruggs,39,Y,Y,2,HI,College,Rent,Anchorage,AK
A00005089,Cari Logan,30,Y,Y,5,MI,College,Own,San Leandro,CA
A00009695,Tyler Nichols,61,Y,Y,2,LI,Bachelor,Rent,Louisville,KY
A00001090,Luke Bumgardner,38,Y,Y,2,MI,High School,Own,Manchester,CT
A00001795,Victor Irizarry,47,Y,Y,3,LI,College,Rent,Proctor,VT
A00000525,Stephanie Ross,49,Y,Y,3,LI,High School,Rent,Glendale,AZ
A00001751,Larhonda Mauriello,41,Y,Y,6,HI,Bachelor,Rent,Edgewater,MD
A00002370,Colleen Rodriquez,57,Y,Y,5,MI,Bachelor,Rent,Montgomery,AL
A00001994,Kevin Butler,28,Y,Y,4,MI,College,Rent,Savannah,GA
A00009202,Charles Lin,31,Y,Y,2,LI,Bachelor,Mortgage,Nashville,TN
A00002930,Michelle Lombardi,33,Y,N,3,MI,MD,Mortgage,Dedham,MA
A00004897,Bryan Rosenbarger,40,Y,Y,2,MI,Bachelor,Own,Manchester,CT
A00004120,Franklin Taylor,64,N,Y,5,LI,High School,Rent,Franklin,VT
A00004936,Roy Herring,36,N,Y,6,HI,Bachelor,Rent,Woodland,CA
A00004313,Todd Graham,28,Y,Y,4,LI,Bachelor,Rent,Dublin,CA
A00005445,Ronald Howell,53,Y,N,6,HI,Bachelor,Mortgage,Manchester,CT
A00004141,Vonnie Sayler,56,Y,N,5,HI,Bachelor,Own,Manchester,CT
A00001182,Armando Jenkins,39,Y,Y,6,HI,Bachelor,Mortgage,San Diego,CA
A00006434,Emma Maxwell,44,Y,Y,4,LI,Bachelor,Rent,Ardmore,OK
A00003768,Christia Sales,35,Y,Y,5,HI,High School,Rent,Montgomery,AL
A00001432,John Gordo,59,Y,Y,2,MI,Bachelor,Rent,Goodlettsville,TN
A00006697,Iris Ennis,34,Y,Y,7,HI,Bachelor,Rent,Fayetteville,AR
A00006508,Melanie Pirtle,38,Y,Y,2,MI,Bachelor,Mortgage,Washington,DC
A00002815,Sharon Tillman,28,Y,Y,2,MI,College,Rent,Panama City,FL
A00000093,William Sorensen,48,Y,Y,6,LI,Bachelor,Own,Anchorage,AK
A00004174,Aaron Guay,58,Y,Y,7,HI,College,Rent,Pooler,GA
A00003929,Tisha Wadas,38,Y,Y,4,MI,Bachelor,Own,Washington,DC
A00005997,Lorraine Mendelson,42,Y,Y,2,HI,College,Rent,Louisville,KY
A00007452,Annie Antoine,30,N,Y,6,MI,Bachelor,Rent,Manchester,CT
A00001627,Earl Badilla,26,N,Y,7,HI,NA,Mortgage,Panama City Beach,FL
A00002711,Kevin Vanderpool,37,Y,N,4,MI,MD,Rent,Panama City Beach,FL
A00002469,Stephane Jones,56,Y,Y,5,HI,Masters,Mortgage,Manchester,CT
A00005376,Albert Alford,34,Y,Y,4,HI,Bachelor,Mortgage,Boxford,MA
A00004879,Naomi Dawson,61,N,Y,3,MI,College,Own,Panama City,FL
A00001472,Stephanie Todd,28,Y,N,4,MI,Bachelor,Rent,Montgomery,AL
A00002819,Cyndi Smith,56,N,Y,6,MI,Bachelor,Mortgage,Anchorage,AK
A00000705,Samuel Herrington,56,Y,Y,4,MI,High School,Own,Montgomery,AL
A00009468,Angela Burgess,52,Y,Y,7,LI,High School,Rent,Lynn,MA
A00003589,Bruce Hunter,41,Y,Y,7,LI,Bachelor,Mortgage,Annapolis,MD
A00001457,Norman Layland,54,Y,Y,3,HI,Bachelor,Rent,Anchorage,AK
A00002810,Willie Carbary,54,Y,Y,7,MI,College,Mortgage,Ashland,MA
A00009025,Kevin Newcomb,37,N,Y,3,MI,College,Rent,Montgomery,AL
A00007388,Jeffery Campos,43,Y,Y,6,LI,High School,Own,Pasadena,MD
A00006560,James Adkerson,55,Y,Y,5,MI,Bachelor,Rent,Panama City,FL
A00000695,Matthew Giron,57,N,Y,4,LI,Bachelor,Own,Panama City,FL
A00002768,James Foster,51,Y,Y,3,MI,PhD,Own,Lexington,MA
A00008023,Stefan Williamson,64,Y,Y,3,MI,High School,Mortgage,Louisville,KY
A00003215,Daniel Hulbert,63,Y,Y,3,MI,High School,Mortgage,Panama City,FL
A00006921,Mickey Dearing,26,Y,Y,5,MI,Bachelor,Rent,Brockton,MA
A00006621,Desiree Whetstone,34,Y,Y,5,LI,Bachelor,Rent,Nashville,TN
A00006139,Elton Magana,56,Y,Y,3,MI,Bachelor,Rent,Livermore,CA
A00007852,David Southern,42,Y,Y,2,HI,High School,Mortgage,Savannah,GA
A00008955,Cody Thoennes,49,N,Y,6,HI,High School,Rent,Arvada,CO
A00005804,Raul Ressler,47,Y,Y,3,HI,High School,Rent,Panama City,FL
A00008838,Ina Klena,61,Y,Y,6,HI,Bachelor,Rent,Manchester,CT
A00009435,Lori Cochran,36,Y,N,6,HI,Bachelor,Mortgage,Manchester,CT
A00002552,Mary Davis,27,Y,Y,3,HI,Bachelor,Own,Arvada,CO
A00009939,Alberto Reidinger,62,N,N,4,MI,Masters,Rent,Bakersfield,CA
A00005748,Charles Jensen,49,Y,Y,6,LI,Masters,Own,Savannah,GA
A00007308,Ollie Williams,25,Y,Y,6,HI,MD,Mortgage,Marblehead,MA
A00003579,Ronald Davis,41,N,Y,6,HI,MD,Own,Birmingham,AL
A00005998,James Ceraos,29,Y,N,3,LI,Bachelor,Mortgage,Aspen,CO
A00007097,Timothy Ayala,30,N,Y,4,LI,College,Rent,Glendale,AZ
A00002425,Jasmine Quarnstrom,54,Y,Y,2,MI,High School,Mortgage,Fayetteville,AR
A00000067,David Blake,32,Y,Y,6,HI,Bachelor,Mortgage,Castro Valley,CA
A00009681,Marian Oneal,63,N,Y,4,HI,Bachelor,Rent,Nashville,TN
A00000059,Lourdes Checca,32,N,Y,5,MI,High School,Rent,Lyndon,VT
A00000512,Naomi Spriggs,33,N,Y,7,LI,Masters,Own,Manchester,CT
A00002915,Rita Evans,52,Y,Y,7,HI,PhD,Mortgage,Hayward,CA
A00001852,Sean Fisher,39,Y,Y,5,MI,Masters,Rent,Nashville,TN
A00003754,Suzan Rector,55,Y,Y,5,MI,Masters,Rent,Glendale,AZ
A00000945,Ward Trantham,52,Y,Y,5,MI,Masters,Rent,Louisville,KY
A00004164,Julius Cooks,60,Y,Y,3,HI,College,Mortgage,Pooler,GA
A00003698,Ronald Porter,49,Y,Y,3,MI,Bachelor,Mortgage,Brooklyn Park,MD
A00001399,Darrel Ralph,37,N,Y,6,MI,PhD,Mortgage,Manchester,CT
A00001073,Jeffrey Arnold,28,Y,Y,6,HI,Bachelor,Mortgage,Anchorage,AK
A00005678,Jean Olson,28,Y,Y,5,HI,Bachelor,Own,Montgomery,AL
A00008554,Melinda Scerbo,61,N,Y,3,MI,Bachelor,Own,West Windsor,VT
A00006232,Pearl Updike,60,Y,Y,2,HI,College,Own,Garden City,GA
A00001327,Pamela Riggs,43,N,Y,4,MI,Masters,Rent,Fayetteville,AR
A00000033,Jimmie Rodriguez,28,N,Y,2,MI,Bachelor,Mortgage,Anchorage,AK
A00006166,Scott Jennrich,26,N,Y,4,LI,High School,Rent,Savannah,GA
A00006218,Alejandro Mitchell,49,Y,Y,7,MI,High School,Own,Manchester,CT
A00005872,Emil Ryan,44,Y,Y,5,LI,Bachelor,Mortgage,Bethany,OK
A00007534,Jama Kressler,27,Y,Y,5,MI,High School,Own,Livermore,CA
A00002919,Eric Hearn,32,Y,Y,5,HI,Bachelor,Rent,Washington,DC
A00005572,Carmen James,53,Y,Y,4,MI,Bachelor,Rent,Louisville,KY
A00009646,Anna Mcdonald,53,N,Y,2,LI,Bachelor,Own,Goodlettsville,TN
A00003793,Ruth Free,53,Y,Y,6,LI,Bachelor,Mortgage,Fayetteville,AR
A00001230,Marilyn Smith,32,N,Y,2,MI,High School,Own,Livermore,CA
A00001956,Howard Jarrett,27,Y,Y,2,MI,Bachelor,Mortgage,Hinesburg,VT
A00007883,William Root,55,N,Y,3,MI,High School,Rent,Washington,DC
A00009624,Darryl Ruddy,48,N,Y,2,MI,Bachelor,Mortgage,Arvada,CO
A00000979,Martha Patwell,60,Y,Y,5,MI,Bachelor,Own,Hanover,MD
A00002679,Tommy Metz,46,Y,Y,6,LI,Bachelor,Mortgage,Montgomery,AL
A00009097,Charles Burton,51,Y,Y,6,HI,High School,Rent,Louisville,KY
A00004801,Mark Crosby,30,N,Y,6,MI,Masters,Rent,Union City,CA
A00001391,Mary Fountain,34,Y,N,2,MI,MD,Mortgage,Nashville,TN
A00001233,Chanda Phillips,43,Y,Y,2,MI,High School,Mortgage,Washington,DC
A00008986,Nicole Williams,45,Y,Y,5,MI,Bachelor,Mortgage,Louisville,KY
A00007170,Terry Glover,47,N,N,5,MI,Bachelor,Rent,Louisville,KY
A00007456,Houston Lemus,32,Y,Y,5,HI,Bachelor,Rent,Panama City,FL
A00005219,Joseph Vierra,38,Y,Y,7,LI,Bachelor,Mortgage,Manchester,CT
A00000260,Ramona Vacca,56,Y,Y,7,HI,PhD,Mortgage,Montgomery,AL
A00004424,Tommy Polk,44,Y,Y,4,MI,College,Rent,Anchorage,AK
A00009967,Danny Harr,59,Y,Y,5,MI,College,Rent,Arvada,CO
A00008273,Margaret Darley,41,Y,N,7,HI,Masters,Mortgage,Washington,DC
A00003617,Walter Yoes,49,N,N,3,MI,College,Own,Panama City,FL
A00000361,Dawn Rivas,47,Y,Y,6,HI,Masters,Mortgage,Arvada,CO
A00005325,Bradley Young,42,Y,N,7,MI,Bachelor,Mortgage,Savannah,GA
A00009355,Stephen Shaw,49,Y,N,4,MI,High School,Own,Fayetteville,AR
A00001136,Geneva Fabela,50,Y,Y,7,MI,Bachelor,Mortgage,Louisville,KY
A00008328,Holly Mullins,25,Y,Y,5,HI,Bachelor,Own,Arvada,CO
A00006808,Claude Darnstaedt,54,Y,Y,4,MI,Bachelor,Rent,Lynn Haven,FL
A00006422,Matthew Burt,48,Y,Y,7,LI,Masters,Mortgage,Washington,DC
A00001743,Henry Maize,29,Y,Y,4,LI,Masters,Rent,Glendale,AZ
A00004125,Mary Huss,64,Y,Y,5,LI,Bachelor,Mortgage,Louisville,KY
A00002300,John Botha,64,Y,Y,6,HI,Bachelor,Own,Louisville,KY
A00000081,John Farrar,43,Y,Y,6,HI,Bachelor,Own,Arvada,CO
A00007735,Mildred Toenges,55,Y,Y,7,HI,Bachelor,Mortgage,Washington,DC
A00003310,Crystal Ramos,62,Y,Y,6,LI,Masters,Rent,Glendale,AZ
A00009353,Janice Lester,33,Y,Y,6,LI,Bachelor,Rent,Severna Park,MD
A00003178,Edward Laderman,56,Y,Y,7,LI,High School,Own,Savannah,GA
A00004026,Thomas Breitbart,38,N,Y,2,HI,High School,Rent,Lunenburg,VT
A00001784,Ethel Leggett,60,Y,Y,2,HI,NA,Own,Oklahoma City,OK
A00002026,Connie Gary,57,Y,Y,3,MI,High School,Mortgage,Manchester,CT
A00000402,Eddie Banks,35,Y,Y,2,MI,Bachelor,Mortgage,San Lorenzo,CA
A00005468,Vanessa Applewhite,40,Y,N,6,MI,High School,Mortgage,Arvada,CO
A00005106,Sheila Douglas,39,Y,Y,4,MI,Bachelor,Mortgage,Hayward,CA
A00006471,Chad Johnson,47,N,Y,2,MI,High School,Rent,Medford,MA
A00008839,Stacy Patel,27,N,Y,4,LI,Bachelor,Own,Panama City,FL
A00006043,Gloria Skinnen,53,Y,Y,4,MI,PhD,Rent,Panama City,FL
A00008456,Anthony Lane,47,Y,N,3,HI,High School,Rent,Arvada,CO
A00003745,Nancy Luckett,30,N,Y,4,MI,Masters,Rent,Washington,DC
A00007351,Mary Sanders,64,Y,Y,7,MI,High School,Mortgage,Arvada,CO
A00006623,Barbara Ohara,52,Y,Y,6,MI,Bachelor,Rent,Glen Burnie,MD
A00003072,Tommy Young,33,Y,Y,2,MI,NA,Own,Arvada,CO
A00009366,Dominga Butler,56,N,Y,7,LI,Bachelor,Rent,Glen Burnie,MD
A00001436,Christina Mondell,30,Y,Y,6,LI,College,Mortgage,Holyoke,MA
A00008399,Joyce Mcintyre,56,N,Y,2,HI,Bachelor,Rent,Fayetteville,AR
A00008921,Gail Daly,51,Y,Y,5,MI,Bachelor,Mortgage,Glendale,AZ
A00002343,Maud Urrutia,40,Y,N,6,HI,Bachelor,Mortgage,Fayetteville,AR
A00002994,Helen Benz,60,N,Y,7,MI,High School,Rent,Quincy,MA
A00008545,John Morris,56,Y,Y,6,MI,High School,Own,Louisville,KY
A00006524,Glenda Hart,48,N,Y,6,HI,College,Rent,Glendale,AZ
A00004205,Barbara Papp,53,Y,Y,7,MI,Bachelor,Mortgage,Fayetteville,AR
A00005043,Sharon Garcia,59,N,Y,5,LI,Bachelor,Mortgage,Nashville,TN
A00009943,Mark Ledford,44,N,Y,2,HI,Bachelor,Rent,Saint Johnsbury,VT
A00007917,Harold Garwood,56,Y,Y,6,LI,Masters,Rent,Annapolis,MD
A00009609,Hortencia Bench,30,Y,Y,6,LI,Bachelor,Rent,Oklahoma City,OK
A00009422,Anthony Quick,45,N,Y,2,HI,PhD,Mortgage,Anchorage,AK
A00005146,Mary Mcdaniel,52,Y,Y,4,HI,High School,Rent,Port Wentworth,GA
A00006358,Jo Elliott,47,Y,Y,6,LI,High School,Own,Fayetteville,AR
A00006572,Joyce Pegoda,53,N,Y,3,HI,Bachelor,Mortgage,Montgomery,AL
A00008282,William Perez,63,Y,Y,5,MI,College,Mortgage,Washington,DC
A00004564,Delma Mallett,62,Y,Y,3,MI,High School,Rent,Stowe,VT
A00009181,Scott Evans,39,Y,Y,3,MI,Bachelor,Own,Louisville,KY
A00001692,Tom Sandoval,53,Y,Y,5,HI,Bachelor,Own,Glen Burnie,MD
A00000955,June Wang,31,Y,Y,5,LI,Masters,Own,Manchester,CT
A00001652,Jeanne Shirley,32,Y,Y,3,HI,MD,Rent,New Bedford,MA
A00008562,Jennifer Flynn,42,N,Y,5,HI,Bachelor,Rent,Berkeley,CA
A00004803,Blake Diederich,40,N,Y,3,HI,Bachelor,Mortgage,Arvada,CO
A00007466,Shirley White,45,Y,N,4,LI,Bachelor,Mortgage,Nashville,TN
A00001237,Mary Packwood,25,N,Y,4,MI,Bachelor,Own,Littleton,CO
A00001458,Reginald Johnson,31,N,Y,4,MI,High School,Rent,Paso Robles,CA
A00004000,Julio Strickland,40,N,Y,5,MI,Masters,Own,Montgomery,AL
A00000444,Thomas Cagle,26,Y,Y,5,HI,Bachelor,Rent,Nashville,TN
A00007415,Sol Howard,61,Y,Y,2,MI,Bachelor,Own,Fayetteville,AR
A00002350,Robert Goodman,30,N,Y,7,MI,Masters,Rent,Savannah,GA
A00004365,Lynne Good,45,N,Y,4,MI,Bachelor,Rent,Glendale,AZ
A00006642,Kelly Valenzuela,47,N,Y,5,MI,Bachelor,Mortgage,Manchester,CT
A00006760,Alvaro Williams,27,Y,N,6,HI,Bachelor,Own,Linda,CA
A00005811,Trisha Samuels,56,Y,Y,2,HI,Bachelor,Mortgage,Panama City Beach,FL
A00006879,Mary Renaud,51,Y,Y,4,HI,Bachelor,Own,Arvada,CO
A00005777,Shawn Sauter,41,Y,Y,4,LI,College,Rent,Louisville,KY
A00006669,Andrew Manuel,55,Y,N,5,HI,Bachelor,Rent,Medford,MA
A00007886,Monica Blake,31,N,Y,6,LI,NA,Rent,Glendale,AZ
A00003706,Jerry Flesher,52,N,Y,6,HI,Bachelor,Mortgage,Arvada,CO
A00002513,Garry Rushing,41,Y,Y,6,HI,Bachelor,Rent,Fayetteville,AR
A00003797,Annabelle Krouse,38,Y,N,3,LI,NA,Mortgage,Glendale,AZ
A00000868,Jaime Cramer,45,Y,Y,7,MI,Masters,Mortgage,Savannah,GA
A00003666,Jennie Westin,29,Y,Y,4,MI,Masters,Rent,Mexico Beach,FL
A00004111,James Weiss,50,Y,Y,3,MI,College,Own,Montgomery,AL
A00002614,John Hannan,51,Y,Y,5,LI,College,Own,Washington,DC
A00005324,Rob Alvarado,59,Y,Y,5,LI,NA,Rent,Arvada,CO
A00009115,Tammy Gales,46,N,Y,3,MI,High School,Mortgage,Savannah,GA
A00004302,Jason Brussel,45,Y,Y,7,MI,MD,Mortgage,Anchorage,AK
A00004315,Russel Gonzales,44,Y,Y,5,MI,Masters,Own,Lunenburg,VT
A00005582,Cheryl Ling,25,N,Y,4,MI,College,Own,Glendale,AZ
A00009901,Virgie Tucker,28,Y,Y,3,LI,Bachelor,Rent,Franklin,VT
A00005046,Alex Kendra,62,Y,Y,2,HI,NA,Rent,Edmond,OK
A00009642,Ivory Pearson,28,Y,Y,6,MI,Bachelor,Rent,Louisville,KY
A00006871,Carol New,60,Y,Y,7,HI,Bachelor,Rent,Glendale,AZ
A00006926,Dan Martin,39,N,Y,5,MI,Bachelor,Mortgage,Anchorage,AK
A00000070,Timothy Fitzpatrick,32,N,Y,3,LI,NA,Own,Anchorage,AK
A00009639,Nell Debarros,39,Y,Y,6,HI,College,Rent,Panama City Beach,FL
A00009242,George Angulo,36,Y,Y,7,MI,Masters,Rent,Millersville,MD
A00006777,Timothy Stewart,31,Y,Y,6,HI,Masters,Mortgage,Manchester,CT
A00001809,Manuel Stewart,63,Y,Y,3,HI,Bachelor,Own,South Lake Tahoe,CA
A00005460,Irene Bone,39,Y,Y,2,MI,High School,Own,Glendale,AZ
A00008499,Melissa Langston,37,Y,Y,6,HI,Bachelor,Mortgage,Fayetteville,AR
A00002092,Ashley Kubiak,64,Y,Y,5,MI,Bachelor,Own,Anchorage,AK
A00002928,Brenda Carrozza,38,N,Y,5,LI,NA,Own,Dartmouth,MA
A00003339,In Mendez,31,Y,Y,3,HI,Masters,Rent,Glendale,AZ
A00008446,Marylee File,50,Y,Y,3,MI,MD,Mortgage,Anchorage,AK
A00006428,Julie Hood,57,Y,Y,5,MI,High School,Own,Oklahoma City,OK
A00009592,Carmine Gravitt,59,N,Y,2,LI,Bachelor,Own,Nashville,TN
A00008530,Teresa Romero,63,Y,Y,6,MI,Bachelor,Own,Louisville,KY
A00005254,Doris Ray,50,Y,Y,5,LI,Bachelor,Rent,Norman,OK
A00001098,Amanda Gotch,36,Y,Y,3,HI,MD,Rent,Manchester,CT
A00001271,Troy Horne,46,N,Y,2,LI,Bachelor,Rent,Panama City,FL
A00009512,Anabel Sayles,51,Y,Y,6,HI,High School,Rent,Savannah,GA
A00006918,Sonia Shaw,40,Y,Y,7,LI,Bachelor,Rent,Louisville,KY
A00004496,George Letko,41,Y,Y,6,MI,Bachelor,Mortgage,Fayetteville,AR
A00004693,Thomas Holbach,39,Y,Y,3,MI,High School,Rent,Nashville,TN
A00007262,Monica Threlkeld,25,Y,Y,5,MI,High School,Mortgage,Panama City,FL
A00005432,Clyde Ferris,60,Y,Y,6,HI,College,Own,Louisville,KY
A00008210,Michael Ashpole,64,N,Y,3,MI,Bachelor,Mortgage,Glen Burnie,MD
A00009541,Rosa Terkelsen,53,Y,N,5,LI,Bachelor,Own,Panama City,FL
A00003979,Jayne Casey,63,Y,N,5,LI,PhD,Mortgage,San Leandro,CA
A00003457,Carmen Oneil,27,Y,Y,7,LI,Bachelor,Mortgage,Nashville,TN
A00003106,Mary Hill,60,N,Y,7,LI,Bachelor,Mortgage,Bethany,OK
A00009590,Edward Ruvalcaba,62,Y,Y,3,MI,Bachelor,Mortgage,Washington,DC
A00003395,Mary Plummer,52,Y,Y,3,MI,Bachelor,Rent,Union City,CA
A00000358,Graham Skinner,62,Y,Y,7,LI,High School,Own,Birmingham,AL
A00008860,David Johnson,60,Y,Y,2,HI,High School,Mortgage,Nashville,TN
A00004001,Calvin Smith,53,Y,Y,3,MI,High School,Rent,Montgomery,AL
A00008597,Guy Staggers,49,Y,Y,7,MI,Bachelor,Rent,Midwest City,OK
A00002489,Gary Cooper,31,Y,N,6,HI,Bachelor,Mortgage,Savannah,GA
A00008697,Mary Stevenson,58,N,Y,2,MI,College,Mortgage,Arvada,CO
A00001634,Manuel Schoonmaker,45,N,Y,3,MI,College,Mortgage,Aspen,CO
A00000052,Mary Batty,50,Y,Y,7,MI,Bachelor,Mortgage,Savannah,GA
A00003076,Johnathan Medina,29,Y,Y,4,HI,High School,Mortgage,Hayward,CA
A00007338,Victoria Sincell,36,N,Y,4,MI,Bachelor,Mortgage,Oklahoma City,OK
A00001414,Joseph Simmons,51,Y,Y,6,HI,NA,Rent,Alburgh,VT
A00007987,Calvin Riddick,29,Y,Y,4,HI,Bachelor,Own,Essex,VT
A00001448,Latasha Wells,28,Y,N,6,MI,Bachelor,Mortgage,Montgomery,AL
A00005446,Hwa Brooks,28,Y,Y,5,LI,PhD,Rent,Glendale,AZ
A00009895,Alexander Dinkens,54,N,Y,6,LI,Bachelor,Own,Arvada,CO
A00008830,Doris Rowe,49,Y,Y,7,MI,Bachelor,Own,Fayetteville,AR
A00002566,Martha Torrez,28,N,Y,3,MI,Bachelor,Mortgage,Louisville,KY
A00009897,Michael Jones,34,Y,N,5,HI,NA,Mortgage,Panama City,FL
A00005848,Fred Medved,34,Y,Y,5,LI,Bachelor,Mortgage,Anchorage,AK
A00002058,Elizabeth Blaschke,32,N,Y,4,HI,College,Own,Anchorage,AK
A00005030,Heidi Erdmann,33,N,Y,3,MI,Bachelor,Own,Manchester,CT
A00009648,Robert Belcher,26,N,Y,4,HI,Bachelor,Mortgage,Glendale,AZ
A00009784,Edward White,41,Y,Y,7,LI,Bachelor,Mortgage,Washington,DC
A00000243,Dallas Macnab,59,N,Y,6,LI,PhD,Own,Waddell,AZ
A00002405,Mary Choate,50,N,Y,2,HI,High School,Rent,Colchester,VT
A00006377,Johnny Nelson,52,Y,Y,7,HI,Bachelor,Mortgage,Oklahoma City,OK
A00006497,Leona Nixon,44,Y,Y,2,MI,Bachelor,Rent,Maidstone,VT
A00007151,Marcia Willis,61,Y,Y,6,LI,Bachelor,Own,Holyoke,MA
A00008523,Margaret Palmer,62,N,Y,5,MI,Bachelor,Rent,Savannah,GA
A00003951,Anthony Webster,43,Y,Y,3,HI,Bachelor,Mortgage,Crownsville,MD
A00005682,Dawn Fulk,38,N,Y,5,LI,High School,Rent,Glendale,AZ
A00001266,Ora Boyer,42,N,Y,7,MI,Bachelor,Mortgage,Glendale,AZ
A00001808,Harold Jones,63,N,Y,2,HI,Bachelor,Own,Lowell,VT
A00009986,Dorothy Ruic,29,Y,Y,7,MI,Bachelor,Mortgage,Fayetteville,AR
A00004076,Shaunna Plank,30,Y,Y,7,MI,High School,Mortgage,Nashville,TN
A00009221,Jason Marshall,60,N,Y,4,LI,NA,Mortgage,Quincy,MA
A00000122,Margaret Cropper,25,Y,Y,6,MI,High School,Mortgage,Bakersfield,CA
A00003853,Billy Lilly,27,Y,Y,7,MI,Bachelor,Mortgage,Annapolis,MD
A00006885,Robert Koch,43,Y,Y,5,MI,Bachelor,Own,Anchorage,AK
A00009284,Rebecca Hightower,59,N,Y,6,MI,Bachelor,Mortgage,Washington,DC
A00006421,Suzanne Orozco,28,Y,Y,2,MI,Bachelor,Own,Louisville,KY
A00005734,Saul Howard,64,N,Y,4,HI,College,Rent,Louisville,KY
A00009514,Earlene Mclean,40,Y,Y,7,MI,High School,Mortgage,Savannah,GA
A00008649,Jason Nelson,39,Y,Y,7,MI,Masters,Own,Annapolis,MD
A00001883,Percy Sarkis,34,Y,Y,3,LI,Masters,Own,San Leandro,CA
A00008303,Robert Gochenour,29,Y,Y,3,MI,Masters,Own,Nashville,TN
A00005021,Brenda Gerard,58,Y,Y,3,HI,Bachelor,Own,San Diego,CA
A00009491,Mary Alvarado,32,Y,Y,3,HI,Masters,Mortgage,Louisville,KY
A00009162,Becky Paquin,61,Y,Y,3,LI,NA,Rent,Nashville,TN
A00004962,Mary Thomas,33,Y,Y,7,HI,Bachelor,Rent,Montgomery,AL
A00003744,Todd Rodgers,27,Y,N,3,MI,NA,Mortgage,Manchester,CT
A00005300,Steven Schneider,48,N,Y,3,MI,MD,Rent,Montgomery,AL
A00006719,Crystal Libel,28,Y,Y,5,HI,Bachelor,Mortgage,Hayward,CA
A00002619,Elizabeth Reese,62,N,Y,3,HI,Bachelor,Rent,Washington,DC
A00004406,Christina Hoeppner,58,Y,Y,3,MI,High School,Rent,Anchorage,AK
A00009846,Bertha Lowry,28,Y,Y,3,LI,High School,Mortgage,Berkeley,CA
A00001133,James Conley,53,Y,Y,3,MI,High School,Rent,Wareham,MA
A00006089,Rose Baxter,62,Y,Y,5,MI,College,Rent,Oklahoma City,OK
A00005612,Nicole Clark,30,Y,Y,6,HI,Bachelor,Own,Soquel,CA
A00003742,Willie Campbell,43,Y,Y,7,MI,High School,Rent,Lynn Haven,FL
A00007469,Kris Villegas,51,Y,Y,7,LI,Bachelor,Rent,Arvada,CO
A00007511,Leo Odebralski,43,N,Y,4,MI,College,Own,Greeley,CO
A00009595,Maria Mannion,64,Y,Y,5,MI,High School,Own,Anchorage,AK
A00001043,Joan Smith,37,Y,Y,5,HI,MD,Rent,Palm Bay,FL
A00005890,Nicole Dewar,40,Y,Y,2,LI,High School,Rent,Litchfield Park,AZ
A00002535,Pedro Booker,30,Y,Y,2,MI,Masters,Rent,Arvada,CO
A00000308,Patrick Rasmussen,64,Y,Y,7,LI,Masters,Own,Fayetteville,AR
A00003205,Curtis Willis,55,Y,Y,4,LI,Masters,Own,Manchester,CT
A00007418,Jason Hord,64,Y,Y,2,HI,High School,Own,Anchorage,AK
A00008538,Beverly Swager,39,Y,Y,5,HI,High School,Mortgage,Fremont,CA
A00007806,Donald Woods,36,Y,Y,3,HI,Bachelor,Mortgage,Washington,DC
A00000309,Judy Wallace,42,Y,Y,6,MI,Bachelor,Mortgage,Mesa,AZ
A00009905,Verna Gill,55,Y,Y,5,LI,High School,Mortgage,Fayetteville,AR
A00004109,Marilyn Sanders,46,Y,Y,2,HI,College,Rent,Fayetteville,AR
A00006929,Jason Mchugh,63,Y,Y,5,LI,MD,Own,Washington,DC
A00006565,Linda Grisham,28,N,Y,3,HI,Bachelor,Mortgage,Louisville,KY
A00009568,Daniel Mccoy,48,Y,Y,7,MI,Masters,Rent,Milton,MA
A00005112,Marian Lajoie,47,Y,Y,7,MI,NA,Mortgage,Glendale,AZ
A00005671,Martha Dorgan,31,N,Y,2,MI,Masters,Rent,Westmore,VT
A00001930,Ashley Simpson,52,Y,Y,5,LI,College,Rent,Nashville,TN
A00005956,Christina Rosenfield,53,Y,Y,6,LI,Bachelor,Rent,Nashville,TN
A00005472,Carl Durbin,32,Y,Y,7,HI,Bachelor,Rent,Manchester,CT
A00007607,Morris Vautour,62,Y,Y,5,MI,Bachelor,Rent,Nashville,TN
A00001461,Alma Zapata,49,N,Y,6,MI,High School,Mortgage,Williston,VT
A00001911,Keenan Hunter,57,Y,N,2,MI,High School,Mortgage,Montgomery,AL
A00008677,Aaron Carter,63,N,Y,2,MI,Bachelor,Own,Arvada,CO
A00005830,William Phelps,37,Y,Y,6,HI,Bachelor,Rent,Del City,OK
A00002457,Dan Cooper,50,N,Y,7,MI,College,Rent,Savannah,GA
A00001138,Daniel Ortiz,61,Y,Y,4,HI,High School,Own,Alburgh,VT
A00004376,Kathy Harvey,49,Y,Y,5,HI,PhD,Own,Needham,MA
A00008072,Elizabeth Fuentes,25,Y,Y,3,MI,Bachelor,Mortgage,Berkeley,CA
A00007706,Brian Forney,50,Y,N,7,MI,High School,Mortgage,Louisville,KY
A00004138,Iris Murphy,43,Y,Y,4,LI,Bachelor,Mortgage,Washington,DC
A00002836,Mike Clifton,46,N,Y,2,HI,Bachelor,Rent,Arvada,CO
A00007584,Isabelle Johnson,64,N,Y,7,MI,Bachelor,Mortgage,Fayetteville,AR
A00001915,John Schacher,58,Y,Y,3,HI,MD,Mortgage,Glendale,AZ
A00005137,Bertha Bashaw,39,N,Y,2,LI,Bachelor,Rent,Montgomery,AL
A00003040,William Lewis,64,Y,Y,3,HI,Masters,Mortgage,Rutland,VT
A00005808,Elsie Schear,58,N,Y,7,HI,Bachelor,Mortgage,Arvada,CO
A00007203,Thomas Alcorn,25,Y,Y,6,LI,College,Rent,Washington,DC
A00002190,Guy Jones,33,N,Y,3,LI,Bachelor,Own,Lunenburg,VT
A00004382,Donnie Workman,41,Y,Y,3,MI,College,Rent,Nashville,TN
A00008302,Donald Scott,54,Y,Y,4,HI,Bachelor,Rent,Panama City Beach,FL
A00002612,Joseph Hardeman,37,N,Y,6,MI,Bachelor,Own,Louisville,KY
A00004701,Annette Landers,41,Y,Y,2,MI,MD,Own,Anchorage,AK
A00005879,Pamela Taylor,50,Y,Y,2,MI,Bachelor,Rent,Fayetteville,AR
A00001990,Christopher Sheppard,42,Y,Y,2,HI,High School,Rent,Washington,DC
A00000139,David Warner,28,Y,Y,7,MI,High School,Own,Odenton,MD
A00007968,Mary Wolford,57,Y,Y,3,HI,Bachelor,Own,Nashville,TN
A00001095,Rebecca Anthon,50,Y,Y,4,MI,Bachelor,Own,Berkeley,CA
A00001765,Phyllis Willemsen,33,N,Y,7,HI,Bachelor,Rent,Manchester,CT
A00009455,Elizabeth Grimaldi,39,Y,N,6,MI,High School,Rent,Panama City Beach,FL
A00006451,Caitlin Roscoe,29,Y,Y,5,MI,Masters,Own,Annapolis,MD
A00007630,James Hoge,55,Y,Y,6,HI,College,Own,Manchester,CT
A00003674,Keisha Garretson,39,Y,Y,2,LI,MD,Mortgage,Louisville,KY
A00008508,Margaret Forsman,37,Y,N,4,HI,Bachelor,Mortgage,Arvada,CO
A00004696,Martin Patton,40,Y,Y,6,HI,MD,Mortgage,Crownsville,MD
A00005996,Richard Dykes,37,Y,N,5,HI,MD,Own,Saint Albans City,VT
A00005828,Michael Fry,38,Y,Y,5,LI,Bachelor,Rent,Hayward,CA
A00007818,Rhonda Daniels,57,N,N,6,MI,Bachelor,Rent,Dublin,CA
A00004309,Anthony Hatcher,64,Y,N,6,MI,PhD,Rent,Montgomery,AL
A00009571,Nicole Frith,54,N,Y,5,HI,High School,Own,Glendale,AZ
A00002641,Joanne Reese,36,Y,Y,7,MI,NA,Mortgage,Manchester,CT
A00003934,Jennine Bunting,33,Y,Y,5,MI,MD,Rent,Lynn Haven,FL
A00004802,Austin Armstrong,54,Y,N,3,MI,Bachelor,Rent,Hurstbourne Acres,KY
A00004854,Helen Kahl,25,Y,Y,3,LI,High School,Own,Livermore,CA
A00009426,Ted Durden,44,Y,Y,7,LI,NA,Own,,VT
A00001530,John Choquette,33,Y,N,2,HI,Bachelor,Mortgage,Fayetteville,AR
A00002897,Alfred Brigham,26,N,Y,3,HI,Bachelor,Mortgage,Manchester,CT
A00005659,Linda Landaker,37,Y,Y,3,MI,MD,Own,Washington,DC
A00000645,Margaret Felt,48,Y,Y,5,LI,Bachelor,Rent,Arvada,CO
A00009797,Richard Vaughn,37,Y,Y,6,MI,Bachelor,Rent,Nashville,TN
A00004261,David Tedrick,28,Y,Y,4,LI,MD,Own,Glendale,AZ
A00003320,Gregory Dukes,56,Y,Y,3,HI,NA,Rent,Panama City,FL
A00005135,Maria Nix,60,Y,Y,3,LI,College,Own,Montgomery,AL
A00004017,George Stembridge,58,Y,Y,5,LI,Bachelor,Mortgage,Nashville,TN
A00004731,Sean Pascale,38,Y,Y,7,MI,PhD,Own,Rutland,VT
A00006632,John Cook,31,Y,Y,3,HI,Bachelor,Rent,Savannah,GA
A00008920,Tonia Evangelista,57,N,Y,4,MI,Bachelor,Own,Pittsfield,MA
A00007507,Roxanne Bailey,25,Y,Y,2,LI,Bachelor,Own,Panama City,FL
A00002221,Charles Robertson,51,Y,Y,2,HI,Bachelor,Rent,Glendale,AZ
A00004717,Larry Coon,49,Y,Y,4,HI,College,Mortgage,Barnstable,MA
A00004438,Santos Madry,50,Y,Y,7,HI,Bachelor,Rent,McCrory,AR
A00001174,Todd Gould,43,N,Y,4,HI,High School,Rent,Plantation,KY
A00003360,Gladys Elzey,33,Y,Y,6,LI,Bachelor,Own,Savannah,GA
A00001720,Selma Reese,42,N,Y,4,HI,High School,Own,Hinesburg,VT
A00002133,Jack Austin,26,Y,Y,4,HI,High School,Rent,Alburgh,VT
A00003887,Yolanda Mcclure,64,Y,Y,4,MI,Masters,Rent,Washington,DC
A00006447,Stacey Smith,26,Y,Y,7,MI,Bachelor,Rent,San Jose,CA
A00008099,Nancy Lim,42,Y,Y,4,MI,High School,Mortgage,Nashville,TN
A00005192,Mary Greenup,30,N,Y,3,LI,Masters,Own,Manchester,CT
A00007863,Ralph Meyer,44,Y,Y,2,MI,Bachelor,Rent,Fayetteville,AR
A00006449,Dale Goodson,32,Y,Y,7,MI,Bachelor,Rent,Oakland,CA
A00008015,John Cardinale,33,Y,Y,2,HI,College,Mortgage,Selma,CA
A00007420,Anne Chambers,31,Y,Y,7,MI,NA,Mortgage,Fayetteville,AR
A00003976,Grace Roberts,26,N,Y,6,HI,Masters,Mortgage,Annapolis,MD
A00009049,David Fadel,41,Y,Y,7,HI,Bachelor,Rent,Manchester,CT
A00006033,Pearl Kopple,37,N,Y,3,HI,High School,Rent,Nashville,TN
A00007121,Frank Evans,50,Y,Y,2,HI,College,Own,Lynn Haven,FL
A00000556,Alyson Verdi,59,Y,Y,2,HI,PhD,Rent,Nashville,TN
A00002193,Brian Key,55,Y,Y,6,MI,High School,Mortgage,Glendale,AZ
A00003294,Bradley Heck,64,Y,N,3,HI,High School,Mortgage,Glendale,AZ
A00002867,Catalina Fenwick,59,Y,Y,5,MI,High School,Rent,Jessup,MD
A00004458,Jill Dacey,25,Y,Y,2,LI,College,Mortgage,Montgomery,AL
A00005707,Amanda Crittenden,52,Y,Y,4,MI,High School,Mortgage,Springfield,MA
A00007553,Brendan Akers,52,Y,Y,6,MI,College,Own,Washington,DC
A00002146,Gail Andrews,34,N,Y,5,MI,MD,Mortgage,Panama City,FL
A00003122,Micah Graham,34,Y,Y,5,HI,Bachelor,Mortgage,Montgomery,AL
A00003144,Kim Harris,57,Y,Y,4,HI,High School,Mortgage,Manchester,CT
A00002255,Deidra Hardy,53,N,Y,4,MI,High School,Mortgage,Washington,DC
A00007334,Howard Rosson,40,Y,Y,2,MI,MD,Mortgage,Northfield,KY
A00008045,Carl Dukes,33,N,Y,7,LI,High School,Own,Manchester,CT
A00007575,Nelson Tovar,57,Y,N,4,LI,NA,Own,Glendale,AZ
A00002846,Peter Simms,57,Y,Y,4,LI,Bachelor,Mortgage,Castro Valley,CA
A00007181,John Maines,49,N,Y,6,MI,College,Own,Glen Burnie,MD
A00006825,Joyce Solis,44,Y,Y,5,LI,MD,Mortgage,Anchorage,AK
A00008116,Shirley Stogner,52,Y,Y,5,MI,Bachelor,Mortgage,Morro Bay,CA
A00001515,Rosemarie Behr,28,N,Y,2,LI,College,Rent,Severn,MD
A00005255,Tiffany Mclaughlin,27,Y,Y,2,HI,Bachelor,Rent,Arvada,CO
A00001856,Mary Alverson,49,N,Y,7,LI,High School,Mortgage,Fayetteville,AR
A00002389,Kristine Crothers,54,Y,Y,7,LI,Bachelor,Own,Washington,DC
A00007355,Richard Kunka,35,Y,Y,7,MI,Masters,Rent,Glendale,AZ
A00001344,Roger Junkin,48,Y,Y,4,MI,Bachelor,Rent,Nashville,TN
A00001211,Carol Engram,25,Y,Y,6,MI,High School,Own,Nashville,TN
A00007325,Jennifer Hardman,26,Y,Y,5,LI,High School,Mortgage,Savannah,GA
A00001367,Bryan Abe,50,Y,Y,4,HI,Masters,Own,Louisville,KY
A00002755,Emeline Valverde,27,Y,Y,3,HI,PhD,Rent,Washington,DC
A00001184,Kenneth Dailey,35,N,N,5,MI,High School,Rent,Arvada,CO
A00007179,Robert Cornwell,51,Y,Y,7,LI,High School,Own,Bakersfield,CA
A00008682,Prince Helms,45,Y,Y,5,LI,High School,Own,Savannah,GA
A00009359,Patricia Levesque,48,Y,Y,4,MI,Bachelor,Own,Manchester,CT
A00007860,Mary Smith,47,N,Y,2,MI,PhD,Mortgage,Fayetteville,AR
A00008793,Anna Morgan,32,N,N,7,MI,Bachelor,Rent,Washington,DC
A00007303,Randy Pardo,39,N,Y,4,LI,High School,Mortgage,Fayetteville,AR
A00004349,Kiley Banvelos,26,Y,Y,3,HI,High School,Own,Louisville,KY
A00001571,Edward Morrell,54,Y,Y,2,HI,High School,Rent,Montgomery,AL
A00000382,Elisa Olsen,53,Y,Y,3,MI,High School,Mortgage,Springfield,MA
A00008606,Joseph Chesley,62,N,Y,2,LI,High School,Mortgage,Louisville,KY
A00004549,Karla Thomas,41,Y,Y,4,MI,Bachelor,Mortgage,Nashville,TN
A00005357,Mike Turnbow,42,Y,N,3,LI,College,Mortgage,Littleton,CO
A00009430,Phyllis Redel,58,Y,Y,2,MI,Bachelor,Own,Annapolis,MD
A00002878,Ruth Melia,58,N,Y,3,LI,Masters,Own,Dartmouth,MA
A00008073,Mae Klein,64,Y,Y,7,MI,Bachelor,Rent,Glendale,AZ
A00007823,Rodney Pekarek,26,Y,Y,6,MI,College,Mortgage,South Lake Tahoe,CA
A00005397,Robert Edgerson,36,Y,Y,2,MI,High School,Mortgage,Washington,DC
A00008507,Ramona Smith,43,Y,Y,2,MI,High School,Mortgage,Oakland,CA
A00009123,Linda Twitty,64,Y,Y,5,MI,PhD,Mortgage,Oakland,CA
A00003084,Gail Valle,49,Y,Y,7,LI,Bachelor,Mortgage,Barnstable,MA
A00004596,Christine Wilson,62,Y,Y,4,MI,Bachelor,Own,Washington,DC
A00007623,Joshua Rodriguez,56,Y,N,6,MI,Bachelor,Rent,Arvada,CO
A00008106,Victoria Lee,50,N,Y,5,LI,MD,Mortgage,Berkeley,CA
A00005526,Manuel Diaz,42,N,Y,2,MI,MD,Own,Marshfield,MA
A00006184,Salome Woods,27,Y,Y,2,HI,Bachelor,Rent,Savannah,GA
A00001024,Russell Smith,34,N,Y,5,LI,High School,Rent,Berkeley,CA
A00007972,Joe Schaaf,30,N,Y,6,HI,Bachelor,Mortgage,Edmond,OK
A00008600,Holly Brunk,30,Y,Y,7,LI,High School,Rent,San Leandro,CA
A00004572,Cassie Beck,57,Y,Y,3,HI,Bachelor,Mortgage,Richmond,VT
A00005741,Robert Krantz,38,Y,Y,6,HI,High School,Rent,Manchester,CT
A00006734,Lillian Walles,62,Y,N,5,MI,Bachelor,Rent,Atascadero,CA
A00009808,Cody Henley,25,Y,Y,7,MI,Bachelor,Own,Arvada,CO
A00009774,Antonio Sheets,43,Y,Y,3,HI,College,Rent,Louisville,KY
A00007513,Eve Bowman,34,Y,Y,5,MI,Masters,Mortgage,Washington,DC
A00001313,Danielle Forsythe,30,N,Y,7,HI,Masters,Rent,Anchorage,AK
A00009556,Leann Bryant,40,Y,Y,7,MI,High School,Mortgage,Glendale,AZ
A00005854,Jessica Bourque,54,N,Y,4,HI,High School,Rent,Arvada,CO
A00009055,Brian Mcclung,32,Y,Y,7,MI,Bachelor,Own,Nashville,TN
A00007344,Opal Tam,51,N,Y,3,MI,NA,Rent,Montgomery,AL
A00001705,Joshua Vargas,64,Y,Y,2,HI,Bachelor,Rent,Manchester,CT
A00005576,Mary Jenson,43,Y,Y,5,MI,High School,Rent,Garden City,GA
A00007894,Goldie Doss,47,N,Y,3,HI,High School,Mortgage,Santa Rosa,CA
A00003874,Terrie Loy,37,N,Y,5,HI,Bachelor,Own,Arvada,CO
A00006477,Gene Willcutt,60,N,Y,4,LI,Bachelor,Mortgage,Farmington,AR
A00007539,Mildred Monday,25,N,Y,3,HI,High School,Rent,Nashville,TN
A00004951,Maria Gable,39,N,Y,4,MI,Bachelor,Own,Los Angeles,CA
A00007379,Addie Simpson,25,N,Y,5,HI,Bachelor,Own,Louisville,KY
A00001280,Malvina Foster,48,Y,Y,7,MI,NA,Mortgage,Manchester,CT
A00008071,Shelley Edwards,29,Y,Y,4,MI,Bachelor,Mortgage,Nashville,TN
A00004217,Mary Colbert,33,Y,Y,4,MI,Bachelor,Mortgage,Louisville,KY
A00002369,William Belle,64,Y,Y,6,MI,PhD,Mortgage,Glendale,AZ
A00008342,Terry Salinas,58,Y,Y,6,LI,Bachelor,Mortgage,Williston,VT
A00003812,Sarah Benesh,59,Y,Y,4,LI,Bachelor,Mortgage,Calera,AL
A00004303,Timothy Lesperance,38,N,Y,5,MI,High School,Rent,Crownsville,MD
A00009157,Gladys Woods,53,N,Y,5,HI,Bachelor,Own,Manchester,CT
A00001100,Mark Johnson,40,Y,Y,7,LI,Bachelor,Own,Lowell,VT
A00001343,Toi Ronn,25,Y,N,5,MI,Bachelor,Rent,Louisville,KY
A00009185,Joseph Clarke,40,Y,Y,7,HI,College,Own,Montgomery,AL
A00005608,Paul Deering,34,Y,Y,2,HI,Bachelor,Rent,Washington,DC
A00003988,Mikel Wallace,48,Y,Y,2,HI,Bachelor,Rent,Montgomery,AL
A00005388,Vicki Carter,28,Y,Y,5,MI,Bachelor,Mortgage,Panama City,FL
A00005253,Sarah Croker,44,Y,Y,6,LI,High School,Rent,Louisville,KY
A00001562,Carrie Peterson,54,Y,Y,4,LI,Bachelor,Rent,Montgomery,AL
A00003281,Marie Bui,52,Y,N,3,MI,College,Mortgage,Middleborough,MA
A00001028,Priscilla Santos,41,Y,Y,7,HI,Bachelor,Own,Chester,VT
A00002169,Pauline Evans,45,Y,Y,4,HI,High School,Own,Berkeley,CA
A00002826,Mary Jones,50,N,Y,4,MI,High School,Own,Edmond,OK
A00004247,Lula Allen,47,Y,Y,4,HI,Bachelor,Mortgage,Waltham,MA
A00001549,Allen Galvan,39,Y,N,6,HI,High School,Mortgage,Lincoln,CA
A00006251,Lorraine Spruill,28,N,Y,5,LI,Masters,Own,Essex,VT
A00001509,William Eckhard,28,Y,N,2,MI,NA,Own,Savannah,GA
A00005772,Matthew Tracy,63,Y,Y,2,MI,High School,Own,Oklahoma City,OK
A00006769,Annette Culp,46,Y,Y,2,HI,High School,Rent,Nashville,TN
A00009378,Judy Miley,37,Y,Y,2,MI,College,Mortgage,Panama City,FL
A00007346,Stephanie Blakley,57,N,Y,3,HI,Bachelor,Mortgage,Washington,DC
A00009309,Joyce Adams,51,Y,Y,5,HI,High School,Own,Manchester,CT
A00003868,Margaret Tijerina,43,Y,Y,3,HI,College,Mortgage,Panama City,FL
A00007442,Nicole Hicks,34,Y,Y,4,MI,Bachelor,Rent,Savannah,GA
A00001755,George Bailey,57,Y,Y,4,LI,High School,Mortgage,Montgomery,AL
A00001234,Adam Barton,29,Y,Y,2,LI,Masters,Mortgage,Savannah,GA
A00009545,Joseph Rauch,60,Y,Y,2,LI,Bachelor,Own,Savannah,GA
A00004794,Hilda Thibodeau,27,Y,Y,2,MI,College,Own,Savannah,GA
A00005463,Diane Newberry,32,Y,Y,3,LI,Bachelor,Mortgage,Norman,OK
A00009335,Darren Winder,33,N,N,2,HI,Bachelor,Rent,Montgomery,AL
A00004195,Miriam Calderon,33,N,Y,4,HI,High School,Rent,Mount Juliet,TN
A00004124,Keith Thomas,57,Y,Y,5,LI,High School,Own,Glen Burnie,MD
A00007867,David Steiger,37,Y,Y,6,MI,High School,Rent,Nashville,TN
A00001201,Karen Davis,63,Y,Y,6,HI,Bachelor,Rent,Montgomery,AL
A00004954,Genaro Lazenby,47,Y,Y,5,MI,Bachelor,Own,Montgomery,AL
A00005727,Donald Thompson,34,N,Y,6,HI,College,Rent,Cambridge,MA
A00000390,Carol Clemons,64,Y,Y,2,MI,Bachelor,Rent,Oklahoma City,OK
A00002073,Rosa Kasahara,36,Y,Y,5,HI,Masters,Mortgage,Vergennes,VT
A00000345,Everett Dorman,34,Y,Y,5,LI,Bachelor,Own,Panama City,FL
A00002160,Aileen Myers,29,N,Y,6,MI,MD,Mortgage,Crownsville,MD
A00001104,Frank Young,46,Y,Y,3,MI,High School,Mortgage,Easthampton,MA
A00008211,Virginia Woodward,32,Y,Y,2,MI,High School,Mortgage,Waterbury Center,VT
A00004528,Samuel Gonzalez,57,Y,Y,5,LI,MD,Mortgage,Washington,DC
A00005248,Scott Gonzales,45,Y,Y,7,LI,High School,Mortgage,Lunenburg,VT
A00002494,Edith Gehring,35,Y,Y,5,MI,Masters,Mortgage,Oklahoma City,OK
A00003592,Donna Berry,27,Y,Y,7,LI,High School,Own,Roseville,CA
A00007655,Randall Noyes,27,Y,Y,3,MI,Bachelor,Rent,Montgomery,AL
A00003417,Catherine Sastre,51,Y,Y,3,HI,Bachelor,Rent,Manchester,CT
A00003628,Robert Fasciano,43,Y,Y,7,MI,High School,Mortgage,Panama City,FL
A00005323,Stephen Mallette,40,N,Y,5,MI,High School,Rent,Louisville,KY
A00005256,Dana Butera,25,N,Y,7,HI,Bachelor,Own,Norman,OK
A00004753,Kendra Mccarthy,61,N,Y,2,MI,Bachelor,Rent,Washington,DC
A00007931,Harry Grimes,62,Y,Y,7,MI,College,Mortgage,Fall River,MA
A00009516,John Drennon,28,Y,Y,5,MI,Bachelor,Mortgage,Athol,MA
A00002917,Edna Ho,32,Y,Y,2,LI,Bachelor,Mortgage,Fayetteville,AR
A00008190,Anthony Milner,39,Y,Y,2,HI,Bachelor,Mortgage,Glendale,AZ
A00000794,Peggy Pless,33,N,Y,2,HI,Masters,Rent,Manchester,CT
A00007105,Jessie Lemus,30,N,Y,6,HI,College,Own,Youngstown,FL
A00000941,Vincent Mcmahen,60,Y,Y,7,HI,College,Rent,Anchorage,AK
A00005200,Virginia Criner,32,Y,Y,7,MI,Bachelor,Own,Barre,VT
A00007638,Latisha Greenleaf,57,Y,Y,2,MI,MD,Own,Louisville,KY
A00008952,Paula Hume,25,Y,Y,6,LI,Bachelor,Rent,Fayetteville,AR
A00009438,Valerie Vanacore,37,N,Y,2,LI,High School,Mortgage,Nashville,TN
A00004089,Harriett Sandidge,64,Y,Y,5,HI,Bachelor,Own,Arvada,CO
A00002749,Viola Coppin,53,Y,Y,3,MI,Bachelor,Own,Washington,DC
A00001828,Mary Alexander,27,Y,Y,4,HI,Masters,Own,Glen Burnie,MD
A00001226,Sally Adams,41,Y,Y,7,HI,High School,Own,Revere,MA
A00005963,Heidi Claytor,55,N,Y,3,MI,Bachelor,Rent,Salem,MA
A00008662,Connie Lindsey,48,Y,N,5,HI,Bachelor,Own,Nashville,TN
A00004568,Mary Dinapoli,61,Y,Y,7,MI,Bachelor,Mortgage,Savannah,GA
A00003831,Bradley Martinez,58,Y,Y,6,MI,PhD,Rent,Panama City Beach,FL
A00007493,Kurt Craven,53,Y,Y,7,MI,MD,Mortgage,Louisville,KY
A00002654,Judy Hilliard,57,Y,Y,7,MI,Bachelor,Rent,Lynn Haven,FL
A00007754,Mary Bailey,43,Y,Y,3,LI,High School,Mortgage,Fayetteville,AR
A00008833,Kelly Clark,61,Y,Y,4,HI,Bachelor,Rent,Manchester,CT
A00004538,Margaret Breeden,32,Y,Y,7,MI,College,Rent,Manchester,CT
A00001979,Charles Campbell,38,Y,Y,6,MI,High School,Rent,Washington,DC
A00008671,Manuel Wisman,32,Y,Y,3,MI,High School,Mortgage,Pasadena,MD
A00004038,John Bird,54,Y,N,4,LI,Bachelor,Mortgage,Soda Springs,CA
A00004388,William Kittle,54,Y,Y,2,MI,Bachelor,Rent,Louisville,KY
A00002887,Jeffrey Ryan,26,Y,Y,2,HI,Bachelor,Rent,Nashville,TN
A00002198,Pamela Viveros,38,Y,N,6,LI,High School,Own,Manchester,CT
A00002607,Robert Kitchen,43,N,Y,3,HI,Bachelor,Own,Richmond,VT
A00009527,Emily Knox,51,N,Y,4,HI,Bachelor,Mortgage,Montgomery,AL
A00000962,Joshua Labossiere,42,Y,Y,6,HI,High School,Rent,Savannah,GA
A00004960,Lenora Ray,26,N,Y,6,HI,Masters,Mortgage,Fremont,CA
A00004477,John Hyden,43,Y,Y,6,MI,Masters,Mortgage,Groton,CT
A00006493,Patricia Blackwood,58,Y,Y,6,MI,Bachelor,Own,Manchester,CT
A00004743,Isabel Smith,52,Y,Y,7,LI,Masters,Rent,Manchester,CT
A00001853,Virginia Hayes,44,Y,Y,6,LI,Bachelor,Mortgage,Washington,DC
A00005082,Jason Minors,49,N,Y,7,HI,High School,Own,Manchester,CT
A00009412,Julie Price,61,Y,Y,4,LI,Bachelor,Mortgage,Louisville,KY
A00004249,Douglas Grinage,59,Y,Y,7,LI,High School,Rent,Louisville,KY
A00006807,Angela Bevens,53,N,Y,7,MI,PhD,Rent,Port Wentworth,GA
A00003440,Sherri Maldonado,59,Y,Y,7,MI,Bachelor,Mortgage,Panama City Beach,FL
A00007619,Hallie Smith,52,Y,Y,2,MI,Bachelor,Rent,,MD
A00000470,Mary Valerius,53,Y,N,6,HI,PhD,Mortgage,Louisville,KY
A00004793,John Finney,37,N,Y,7,LI,College,Mortgage,Fremont,CA
A00005598,Mary Hamilton,43,Y,Y,5,HI,High School,Own,Anchorage,AK
A00002492,Alice West,52,Y,Y,5,MI,College,Own,Anchorage,AK
A00000456,Mario Schlenz,57,Y,Y,7,MI,Bachelor,Mortgage,Woodbury,VT
A00006823,Sandra Littler,50,N,Y,3,LI,College,Own,Moore,OK
A00005624,Douglas Kinder,44,Y,Y,2,MI,High School,Mortgage,Anchorage,AK
A00004453,Ann Knapp,39,Y,Y,7,LI,Masters,Own,Arvada,CO
A00008231,Elizabeth Grant,45,Y,Y,3,MI,Masters,Mortgage,Glen Burnie,MD
A00002056,Bradley Olsen,56,Y,Y,4,LI,Bachelor,Mortgage,Pasadena,MD
A00009700,Frederick Greer,31,Y,Y,3,LI,High School,Mortgage,Fremont,CA
A00007147,Donald Suits,49,N,Y,7,MI,College,Own,Saint Albans City,VT
A00004216,Nelly Fortier,46,Y,Y,6,MI,High School,Rent,Lyndon,KY
A00007652,Michele Johnson,53,N,Y,3,MI,High School,Own,Glendale,AZ
A00004566,Craig Lowman,25,Y,Y,2,MI,MD,Mortgage,Panama City,FL
A00001750,Mark Foster,34,N,Y,6,MI,Bachelor,Mortgage,Arlington,MA
A00004114,Theodore Mccall,55,Y,Y,4,HI,PhD,Own,Glendale,AZ
A00001330,Donovan Jackson,55,Y,Y,4,HI,High School,Rent,Tybee Island,GA
A00008431,Alberto Morel,53,Y,Y,3,HI,Bachelor,Rent,Annapolis,MD
A00006758,Mathew Gottschalk,45,Y,Y,6,LI,Masters,Mortgage,Nashville,TN
A00009395,Tammy Cooper,35,N,Y,3,LI,Bachelor,Own,Groton,VT
A00001693,Karen Tatro,36,Y,Y,5,LI,Bachelor,Mortgage,Revere,MA
A00001287,Walter Tanaka,48,Y,Y,2,MI,Masters,Rent,Savannah,GA
A00009065,Gerald Whitmore,58,Y,Y,4,MI,Bachelor,Mortgage,Panama City,FL
A00000173,Travis Mapes,37,Y,Y,2,MI,Bachelor,Mortgage,Fayetteville,AR
A00001451,Gertrude Duggan,29,Y,Y,5,HI,High School,Own,Washington,DC
A00007051,Mary Barron,58,Y,Y,4,MI,Masters,Own,Anchorage,AK
A00005672,Angel Rowden,32,Y,Y,3,MI,Masters,Rent,Glendale,AZ
A00006308,Lauren Carver,28,Y,N,3,LI,Bachelor,Mortgage,Panama City Beach,FL
A00009424,Robert Glick,58,Y,Y,7,MI,Bachelor,Own,Montgomery,AL
A00002377,Amy Bennett,57,N,Y,7,MI,Masters,Rent,Roseville,CA
A00004250,Roy Sipp,46,Y,Y,4,HI,Bachelor,Rent,Montgomery,AL
A00004859,Vera Colucci,59,Y,Y,4,LI,Masters,Rent,Panama City,FL
A00000490,David Persad,32,Y,Y,2,HI,Bachelor,Rent,Glendale,AZ
A00002342,Richard Rodriguez,43,N,Y,4,MI,High School,Mortgage,Washington,DC
A00004990,Lillie Brinton,55,N,Y,2,LI,Bachelor,Rent,Louisville,KY
A00005393,Anthony Smith,44,Y,Y,6,HI,Bachelor,Rent,Washington,DC
A00003643,Jennifer Gilling,40,Y,Y,3,HI,High School,Rent,Nashville,TN
A00009740,Richard Mcdermott,53,N,Y,5,LI,Bachelor,Mortgage,Glendale,AZ
A00006347,Wade Patterson,48,Y,Y,4,HI,Bachelor,Rent,Manchester,CT
A00003473,Jeramy Thomas,31,N,Y,7,MI,Bachelor,Rent,Washington,DC
A00000789,Ignacio Sheridan,38,Y,Y,5,HI,Masters,Mortgage,Glendale,AZ
A00008533,Samuel Evans,35,N,Y,2,LI,NA,Rent,Fayetteville,AR
A00008858,Juan Theis,31,Y,Y,5,MI,Bachelor,Mortgage,Oklahoma City,OK
A00006518,Wanda Krick,38,Y,Y,2,MI,High School,Own,Anchorage,AK
A00004044,Audrey Greaves,39,Y,Y,7,MI,High School,Rent,Louisville,KY
A00009383,Nichole Avera,42,Y,Y,6,MI,Masters,Own,Athol,MA
A00002848,Janice Cline,44,Y,Y,7,LI,Bachelor,Own,Anchorage,AK
A00009628,William Green,34,N,Y,4,MI,MD,Mortgage,Montgomery,AL
A00008389,George West,27,Y,Y,2,LI,Bachelor,Own,Salem,MA
A00001001,Charles Coleman,39,Y,Y,3,MI,Bachelor,Mortgage,Savannah,GA
A00005539,Troy Trivedi,26,Y,Y,6,LI,Bachelor,Rent,Severna Park,MD
A00004162,Charlene Banks,31,Y,Y,3,HI,Masters,Own,Panama City,FL
A00004306,Beverley Perez,62,Y,Y,7,MI,Bachelor,Rent,Nashville,TN
A00002537,Roger Chapa,48,Y,Y,7,LI,Bachelor,Own,Montgomery,AL
A00006392,Sonya Jackson,59,N,Y,2,MI,Masters,Own,Glendale,AZ
A00005224,Nancy Boone,43,Y,Y,2,HI,Masters,Mortgage,Savannah,GA
A00002175,James Thompson,35,Y,Y,4,LI,College,Own,Town of Rockingham,VT
A00008934,Denis Hellard,54,N,Y,7,MI,High School,Mortgage,Pueblo,CO
A00008006,Marguerite Weston,26,N,Y,7,LI,High School,Rent,Washington,DC
A00001299,Patricia Larson,38,Y,N,2,LI,High School,Mortgage,Litchfield Park,AZ
A00003607,Jamie Carlson,34,Y,N,5,LI,College,Mortgage,Lynn Haven,FL
A00000788,Paula Martin,53,Y,Y,2,MI,College,Rent,Savannah,GA
A00004288,Rebecca Robinson,40,Y,Y,3,MI,NA,Rent,Nashville,TN
A00004090,Jeremy Jacoby,37,Y,Y,5,LI,Bachelor,Own,Louisville,KY
A00001691,John Vineyard,30,Y,Y,2,MI,PhD,Rent,Savannah,GA
A00008416,Frederick Beaudry,46,Y,Y,2,MI,Masters,Rent,Louisville,KY
A00007540,Patricia Mcfarlane,48,Y,Y,2,HI,Bachelor,Mortgage,Louisville,KY
A00008601,James Ferraro,55,Y,Y,6,LI,Bachelor,Rent,Washington,DC
A00002558,Edward Walden,32,Y,Y,6,MI,High School,Mortgage,Nashville,TN
A00004231,Claire Long,47,Y,Y,2,HI,Masters,Own,Arvada,CO
A00001753,Mary Miller,32,N,Y,2,MI,Masters,Mortgage,Hartford,VT
A00000135,Marjorie Perez,46,Y,Y,5,MI,Masters,Own,Montgomery,AL
A00001019,Robert Peterson,46,Y,Y,3,MI,Masters,Rent,Fremont,CA
A00003090,Ellen Oleary,33,N,N,6,MI,NA,Rent,Lynn Haven,FL
A00000884,Janis Davis,29,Y,N,4,MI,High School,Mortgage,Panama City,FL
A00004813,David Bell,29,Y,Y,4,LI,High School,Own,Barnard,VT
A00008738,Joseph Gray,46,N,Y,2,HI,MD,Own,Manchester,CT
A00006211,Glen Solomon,35,Y,Y,6,MI,High School,Mortgage,Woodbury,VT
A00007916,Emily Dearborn,60,Y,Y,5,MI,High School,Own,Louisville,KY
A00003476,David Racine,60,N,Y,4,MI,Bachelor,Rent,Prospect,KY
A00000329,Donna Fowler,29,Y,Y,2,MI,Masters,Mortgage,Oakland,CA
A00003285,David Banks,62,N,Y,6,MI,High School,Mortgage,Panama City Beach,FL
A00006407,Dwayne Wood,58,Y,Y,7,HI,Bachelor,Own,Panama City Beach,FL
A00006501,Linda Hedrick,32,Y,Y,4,HI,Bachelor,Own,Washington,DC
A00002783,Patricia Howe,64,Y,Y,2,LI,Bachelor,Rent,Louisville,KY
A00002714,Salvatore West,50,N,Y,4,LI,Bachelor,Mortgage,Washington,DC
A00000587,Mark Bautista,28,N,Y,7,MI,College,Rent,Oklahoma City,OK
A00005502,Eva Brown,36,Y,Y,5,LI,MD,Mortgage,Glendale,AZ
A00009872,John Brinton,48,Y,N,6,MI,College,Own,Pasadena,MD
A00009871,Kelly Landis,64,N,Y,6,HI,Bachelor,Own,Duxbury,MA
A00009999,Michael King,63,Y,Y,6,MI,MD,Mortgage,Oklahoma City,OK
A00001342,Janet Sicard,40,N,Y,5,MI,Masters,Mortgage,Savannah,GA
A00002235,Ina Gragg,38,Y,Y,5,HI,Bachelor,Mortgage,Nashville,TN
A00007626,Ronald Montgomery,58,Y,Y,3,MI,NA,Rent,Panama City,FL
A00005959,Benjamin Lawson,52,N,Y,3,LI,PhD,Mortgage,Los Angeles,CA
A00000463,Robert Hermanson,61,Y,Y,3,MI,Bachelor,Own,Pooler,GA
A00003228,Roy Carter,61,N,Y,4,MI,High School,Own,Savannah,GA
A00009893,Suzy Douglas,62,Y,Y,7,MI,Bachelor,Mortgage,Oklahoma City,OK
A00008441,Raul Wilson,32,Y,Y,4,HI,Bachelor,Own,Panama City,FL
A00009566,Harry Jahnke,44,Y,Y,2,MI,Masters,Mortgage,Arvada,CO
A00001193,Marc Grove,48,N,Y,4,LI,Bachelor,Mortgage,Norman,OK
A00008208,Jo Colpitts,38,Y,Y,4,LI,High School,Mortgage,Manchester,CT
A00002381,Lawrence Whittington,63,N,Y,3,MI,Masters,Mortgage,Cambridge,MA
A00005403,Jocelyn Thomas,56,Y,Y,3,MI,Masters,Rent,Midwest City,OK
A00003636,Jose Langford,26,Y,Y,4,MI,High School,Own,Burke,VT
A00004177,Priscilla Albright,40,Y,Y,7,LI,High School,Rent,Garden City,GA
A00003587,Barbara Borrelli,62,Y,Y,6,MI,Masters,Own,Louisville,KY
A00001778,Brenda White,52,Y,Y,5,LI,Bachelor,Mortgage,Yarmouth,MA
A00001301,Sharon Desroches,54,N,Y,7,MI,Bachelor,Mortgage,Glendale,AZ
A00007573,Daniel West,60,Y,Y,3,LI,Bachelor,Mortgage,Fayetteville,AR
A00000730,Casey Scott,26,Y,Y,6,MI,High School,Mortgage,Glendale,AZ
A00007272,Glenda Dugas,61,N,Y,3,LI,NA,Own,Manchester,CT
A00005052,Thomas Beaudion,35,N,Y,6,MI,Bachelor,Rent,Thetford,VT
A00000065,Yvonne Brown,31,N,Y,2,MI,Bachelor,Mortgage,Hayward,CA
A00001653,Katherine Sisson,31,Y,Y,5,MI,Bachelor,Own,Homer,AK
A00000555,Darrell Santos,30,Y,Y,6,MI,High School,Own,Panama City,FL
A00001111,Anne Driscoll,52,Y,Y,4,MI,MD,Rent,Burlington,VT
A00000752,Doris Rosenthal,49,Y,Y,5,LI,College,Rent,Lynn Haven,FL
A00009006,Rita Parks,61,Y,Y,7,MI,Bachelor,Own,Manchester,CT
A00007512,Robyn Voves,31,Y,Y,2,MI,College,Own,Savannah,GA
A00004689,Juana Alford,33,Y,N,2,MI,Bachelor,Mortgage,Savannah,GA
A00005523,Joshua Finley,34,Y,Y,7,LI,Masters,Rent,Guildhall,VT
A00009009,Sondra Cook,53,Y,Y,2,LI,Bachelor,Mortgage,Warren,VT
A00006276,Mary Simpkins,55,Y,Y,5,LI,Bachelor,Own,Montgomery,AL
A00003769,Julio Drake,55,Y,Y,6,HI,Bachelor,Own,Arvada,CO
A00007212,John Stafford,36,Y,Y,7,HI,PhD,Mortgage,Savannah,GA
A00000327,Christopher Lee,35,Y,Y,2,LI,Bachelor,Mortgage,Washington,DC
A00001756,Florence Merritt,35,N,Y,5,HI,Bachelor,Own,Montgomery,AL
A00000545,Judy Greigo,35,N,Y,2,MI,Bachelor,Own,Fayetteville,AR
A00001147,David Peterson,63,Y,Y,3,LI,MD,Rent,Washington,DC
A00003510,Alex Musto,64,Y,Y,6,LI,NA,Own,Nashville,TN
A00003771,Gladys Fox,56,Y,Y,4,LI,High School,Mortgage,Arnold,MD
A00008556,Corey Ready,36,Y,Y,3,MI,Bachelor,Mortgage,Waddell,AZ
A00009849,Frank Carr,45,Y,Y,3,MI,High School,Rent,Washington,DC
A00005567,George Robinson,31,N,Y,5,HI,Bachelor,Own,Anchorage,AK
A00002017,Cira Gaccione,45,Y,Y,7,HI,Bachelor,Own,Oklahoma City,OK
A00008976,Erika Bottone,30,Y,Y,4,HI,College,Mortgage,Rutland,VT
A00004685,Steven Carmack,60,Y,Y,7,MI,Bachelor,Mortgage,Montgomery,AL
A00001405,Edward Dees,29,N,N,7,MI,PhD,Mortgage,Prospect,KY
A00009327,William Jackson,32,Y,Y,4,MI,High School,Rent,Louisville,KY
A00001228,Clara Zasso,57,N,Y,4,MI,NA,Rent,Manchester,CT
A00009232,Carol Johnson,44,Y,Y,3,LI,MD,Rent,Arvada,CO
A00005053,Angele Callaway,36,N,Y,5,MI,High School,Rent,Glendale,AZ
A00004407,Susan Mclaughlin,41,Y,N,4,MI,Masters,Mortgage,Anchorage,AK
A00008093,Griselda Blackman,62,Y,Y,3,MI,Bachelor,Rent,Anchorage,AK
A00002605,Robert Tatum,58,N,N,4,HI,Bachelor,Rent,Glendale,AZ
A00003747,Rachel Flowers,55,Y,Y,7,MI,High School,Mortgage,Washington,DC
A00007123,Daniel Thacker,56,N,Y,5,LI,Bachelor,Mortgage,Oklahoma City,OK
A00003350,Latanya Neville,57,Y,N,5,HI,MD,Own,Louisville,KY
A00000146,Patricia Woods,30,N,Y,4,LI,Bachelor,Rent,Savannah,GA
A00008870,Clint Dobey,57,N,N,5,MI,Masters,Mortgage,Manchester,CT
A00001538,Leona Boocks,37,Y,Y,6,HI,PhD,Mortgage,Anchorage,AK
A00009030,William Mcclanahan,51,N,Y,2,LI,Bachelor,Rent,Mansfield,MA
A00003439,John Blakeney,38,Y,Y,7,MI,Bachelor,Mortgage,Savannah,GA
A00003814,Sandra Waage,53,Y,Y,2,HI,College,Rent,Manchester,CT
A00001045,George Halstead,53,Y,Y,4,MI,College,Mortgage,Panama City Beach,FL
A00007651,Jimmy Keith,38,N,Y,4,LI,High School,Mortgage,Fayetteville,AR
A00007014,Joseph Massey,27,Y,Y,7,LI,High School,Own,Nashville,TN
A00003879,Adela Downin,27,N,Y,5,HI,College,Own,Washington,DC
A00000105,James Sicard,33,Y,Y,4,LI,NA,Rent,Pasadena,MD
A00009525,Graham Gammon,54,Y,Y,6,MI,Masters,Mortgage,Fremont,CA
A00004045,Emely Medas,31,N,Y,4,LI,MD,Mortgage,Manchester,CT
A00009333,Jerry Stevens,60,N,Y,5,HI,PhD,Mortgage,Manchester,CT
A00005099,Kimberly Chen,39,Y,Y,6,LI,High School,Own,Montgomery,AL
A00001358,Charlie Hanna,57,Y,Y,5,MI,MD,Rent,Nashville,TN
A00002279,Benny Johnson,30,Y,Y,7,MI,High School,Mortgage,Hingham,MA
A00005847,Robert Franciscus,43,Y,Y,5,MI,College,Rent,Louisville,KY
A00004800,Gloria Samons,64,Y,Y,3,HI,Bachelor,Mortgage,Brooklyn Park,MD
A00004342,Margaret Scholler,32,N,Y,7,MI,PhD,Mortgage,Panama City,FL
A00003221,June Dupree,37,Y,Y,5,LI,Masters,Rent,Manchester,CT
A00005233,George Herrera,35,N,Y,3,LI,High School,Own,Randolph,VT
A00009694,John Lentz,45,N,Y,7,MI,Bachelor,Mortgage,Arvada,CO
A00006433,Brianna Luna,43,Y,Y,3,LI,High School,Own,Midwest City,OK
A00003931,Charles Day,25,Y,Y,5,MI,High School,Rent,Burke,VT
A00008240,Roger Lao,33,Y,Y,6,LI,High School,Rent,Arvada,CO
A00000207,David Grant,26,Y,Y,5,LI,College,Mortgage,Fayetteville,AR
A00001760,Minnie Hux,37,Y,Y,7,LI,MD,Own,Nashville,TN
A00004876,Raquel Ryan,29,Y,Y,7,MI,College,Rent,Linthicum Heights,MD
A00002799,Thomas Pitts,52,Y,Y,5,HI,Bachelor,Mortgage,Glendale,AZ
A00004425,George Whorley,61,N,Y,7,MI,College,Rent,Nichols Hills,OK
A00006533,Harold Allen,48,Y,Y,4,LI,Bachelor,Rent,Montgomery,AL
A00007041,Rodney Grabner,37,Y,Y,6,HI,MD,Rent,Savannah,GA
A00002998,Richard Beaudoin,52,Y,Y,5,HI,College,Mortgage,Glendale,AZ
A00003081,Karen Dotolo,55,Y,Y,3,MI,MD,Own,Nashville,TN
A00007156,Juan Castillo,33,Y,N,7,MI,High School,Rent,Savannah,GA
A00008847,Jonathan Henderson,42,N,Y,7,MI,Bachelor,Own,Arvada,CO
A00006467,Fred Zinn,63,Y,Y,7,HI,High School,Own,Glendale,AZ
A00002022,Charlotte Garcia,39,Y,Y,3,MI,Bachelor,Mortgage,Quincy,MA
A00007450,Michelle Garcia,36,Y,Y,5,HI,Bachelor,Own,Glen Burnie,MD
A00005631,Bryan Smith,36,Y,Y,3,HI,Bachelor,Mortgage,Pasadena,MD
A00004561,Samuel Jolley,51,Y,Y,3,HI,MD,Rent,Glendale,AZ
A00000624,Debbra Gates,49,N,Y,5,MI,Bachelor,Rent,Panama City,FL
A00007026,Thomas Fisher,53,N,Y,3,MI,Bachelor,Mortgage,Glendale,AZ
A00007759,Alonzo Decosta,46,Y,N,2,MI,PhD,Mortgage,Fayetteville,AR
A00002626,Frances Manuel,46,Y,Y,2,HI,Bachelor,Rent,Fayetteville,AR
A00004816,Stephanie Dearborn,33,Y,Y,3,HI,MD,Mortgage,Manchester,CT
A00008729,Melvin Williams,29,Y,Y,3,LI,Bachelor,Rent,Brooklyn Park,MD
A00002413,William Baez,39,Y,Y,2,MI,High School,Mortgage,Fayetteville,AR
A00007454,Ricky Petrie,51,N,Y,3,MI,Bachelor,Rent,Montgomery,AL
A00003527,Sean Turner,37,Y,Y,4,LI,Bachelor,Own,Glendale,AZ
A00007453,Stuart Green,37,Y,Y,5,HI,PhD,Own,Montgomery,AL
A00006982,Dennis Leasure,34,Y,Y,3,HI,Masters,Mortgage,Marysville,CA
A00006535,Ann Walks,41,Y,N,3,LI,Bachelor,Rent,Nashville,TN
A00000507,Richard Kintner,63,Y,Y,3,HI,Bachelor,Rent,Glendale,AZ
A00006094,Wade Petersen,49,Y,N,5,LI,Bachelor,Own,Panama City,FL
A00000005,Sarah Bonner,48,Y,Y,7,MI,Bachelor,Mortgage,Dartmouth,MA
A00002101,Sarah Laws,54,Y,Y,7,LI,Bachelor,Rent,Annapolis,MD
A00007011,Jody Crawford,56,N,Y,5,LI,Bachelor,Rent,Charlotte,VT
A00002780,Evelyn Rinaldi,57,N,Y,5,LI,Bachelor,Own,Fayetteville,AR
A00009734,Eric Hutchinson,35,Y,Y,6,HI,Masters,Rent,Arvada,CO
A00009851,Ian Pew,54,Y,Y,2,LI,Bachelor,Own,Manchester,CT
A00004718,Margie Welch,34,Y,Y,7,MI,PhD,Own,Savannah,GA
A00004439,Sandra Mintz,33,N,Y,4,MI,Bachelor,Mortgage,Fayetteville,AR
A00000581,Denis Wendler,26,Y,Y,7,MI,Bachelor,Mortgage,Fayetteville,AR
A00002131,Kerry Spicer,40,Y,Y,2,MI,Bachelor,Rent,Oklahoma City,OK
A00008725,Hazel Barone,44,Y,Y,4,MI,High School,Rent,Fayetteville,AR
A00008133,Gina Fultz,61,N,Y,7,LI,PhD,Mortgage,Oklahoma City,OK
A00002717,Russell Davis,26,N,Y,3,MI,High School,Rent,Soda Springs,CA
A00002230,Adrian Cena,52,N,Y,2,MI,Bachelor,Own,Brockton,MA
A00001198,Samantha Neonakis,30,Y,Y,7,HI,Bachelor,Own,Castro Valley,CA
A00004420,Thomas Hall,44,N,Y,6,MI,Masters,Rent,Manchester,CT
A00004640,William Justiss,49,Y,Y,6,MI,Bachelor,Own,Louisville,KY
A00005967,Barbara Arnold,56,Y,Y,3,LI,Bachelor,Mortgage,Arvada,CO
A00006970,Richard Scott,38,N,N,5,MI,Bachelor,Rent,Nashville,TN
A00008268,Betty Vanhoose,46,Y,Y,2,MI,College,Own,Panama City,FL
A00008673,Marilyn Henry,57,Y,Y,7,MI,MD,Mortgage,Shelburne,VT
A00003264,Michael Hayes,40,N,Y,7,MI,High School,Mortgage,Washington,DC
A00009486,Mary Sparks,53,Y,Y,7,LI,Bachelor,Rent,Manchester,CT
A00006244,Philip Patton,48,N,Y,7,HI,Masters,Mortgage,Washington,DC
A00000885,Agustin Zahar,45,Y,Y,5,MI,College,Mortgage,Louisville,KY
A00003474,Mildred Witt,56,Y,Y,7,LI,College,Rent,Nashville,TN
A00009671,Willie Mcdonald,40,N,Y,6,MI,High School,Mortgage,Montgomery,AL
A00004334,Ricky Berry,50,Y,Y,6,LI,Masters,Own,Oklahoma City,OK
A00001973,Judith Noble,35,Y,N,2,LI,Bachelor,Mortgage,Panama City,FL
A00005027,Clark Rosa,59,N,Y,6,HI,Masters,Mortgage,Fayetteville,AR
A00006163,Harry Talbert,30,Y,Y,5,MI,College,Own,Savannah,GA
A00003947,Nick Kehoe,50,N,Y,3,MI,PhD,Mortgage,Anchorage,AK
A00001192,Troy Costa,34,Y,Y,5,MI,Bachelor,Own,Glendale,AZ
A00008979,Mabel Eaton,39,Y,Y,7,MI,Masters,Mortgage,Oakland,CA
A00003526,Ray Boutte,25,N,Y,3,HI,High School,Rent,Norton,MA
A00008372,Jean Sanchez,31,Y,Y,6,LI,Bachelor,Rent,Washington,DC
A00006600,Nikia Williams,26,Y,N,3,LI,Masters,Mortgage,Cupertino,CA
A00005742,Miriam Minichiello,27,Y,Y,3,HI,MD,Mortgage,Manchester,CT
A00006946,Barbara Clouthier,26,Y,Y,3,MI,PhD,Rent,Oakland,CA
A00007889,Alisha Peterson,61,N,Y,5,MI,Bachelor,Mortgage,Arvada,CO
A00007202,Thomas Burket,33,N,Y,3,LI,PhD,Own,Milton,MA
A00004392,Sandra Cogswell,43,Y,Y,2,MI,High School,Mortgage,Nashville,TN
A00006389,Shirley Villanueva,46,N,Y,4,LI,High School,Mortgage,Manchester,CT
A00004520,Eric Owens,39,Y,Y,4,MI,MD,Mortgage,Savannah,GA
A00000187,Louise Eubanks,39,Y,Y,2,MI,Bachelor,Own,Montgomery,AL
A00005587,Corina Barnes,36,Y,Y,5,LI,Masters,Own,Sutter Creek,CA
A00003124,Hector Stuble,28,Y,Y,6,MI,NA,Mortgage,Carson,CA
A00005508,Lois Wilson,60,N,Y,7,MI,High School,Mortgage,Bolton,VT
A00009024,Sara Giffin,53,Y,Y,4,MI,PhD,Own,Anchorage,AK
A00007572,Steven Bassett,36,Y,Y,7,MI,Masters,Mortgage,Thunderbolt,GA
A00003565,Richard Lavalle,36,Y,Y,3,MI,MD,Mortgage,Manchester,CT
A00005803,Delmar Arevalo,64,Y,Y,2,LI,Bachelor,Own,Carson,CA
A00004075,Robbin Williams,31,N,Y,3,LI,Bachelor,Own,Glendale,AZ
A00004128,Linda Ortega,56,Y,Y,3,MI,Bachelor,Own,Nashville,TN
A00001564,Tina Cheney,60,Y,Y,3,MI,High School,Rent,Savannah,GA
A00006126,Raymond Martin,64,Y,Y,6,MI,Bachelor,Rent,Peoria,AZ
A00001676,Melissa Moralez,57,N,Y,2,LI,High School,Rent,Pueblo,CO
A00004629,Luanne Heath,44,Y,Y,6,LI,Bachelor,Rent,Town of Rockingham,VT
A00004157,Terry Miller,39,Y,Y,6,MI,PhD,Mortgage,Arvada,CO
A00004581,Richard Coleman,38,N,Y,7,LI,College,Rent,Manchester,CT
A00001847,Danny White,60,Y,Y,2,HI,Masters,Mortgage,Nashville,TN
A00001615,Joseph Chinn,57,Y,Y,7,MI,Bachelor,Own,Panama City,FL
A00006127,Marcus Klopfer,40,Y,Y,5,LI,College,Own,Hayward,CA
A00009397,Amy Alfonso,29,Y,Y,3,LI,Bachelor,Rent,Piedmont,CA
A00004346,Gabriel Vangieson,59,N,Y,6,MI,College,Mortgage,Panama City,FL
A00000312,Justin Mula,37,Y,Y,6,LI,Bachelor,Rent,Manchester,CT
A00009791,Martin Cavazos,46,Y,N,5,MI,Bachelor,Rent,Livermore,CA
A00005919,John Ellington,54,Y,N,7,LI,Bachelor,Mortgage,Redlands,CA
A00004395,Steven Lee,50,N,Y,3,MI,Bachelor,Own,Hayward,CA
A00006731,Zachariah Callahan,46,Y,Y,2,MI,Bachelor,Rent,Manchester,CT
A00001429,Lucia Santorelli,55,N,Y,5,HI,High School,Rent,Anchorage,AK
A00009476,Jose Mcleod,33,Y,Y,3,LI,Masters,Mortgage,Fayetteville,AR
A00008154,Russell Johnston,58,Y,Y,6,MI,Bachelor,Own,Westmore,VT
A00008949,Timothy Parks,55,N,Y,3,LI,Bachelor,Rent,Panama City,FL
A00007016,Terrence Shipps,49,N,N,4,MI,Bachelor,Mortgage,Fayetteville,AR
A00009085,Jo Larson,28,Y,N,4,LI,Bachelor,Own,Panama City Beach,FL
A00008947,Mitchell Vineyard,57,Y,Y,4,MI,NA,Mortgage,Manchester,CT
A00007654,Joshua Schroeder,43,Y,Y,3,HI,High School,Rent,Washington,DC
A00002349,Brad Bissonnette,47,Y,Y,2,LI,High School,Own,Bakersfield,CA
A00002042,Kerry Harris,62,Y,Y,5,MI,High School,Rent,Glendale,AZ
A00004943,Edward Urban,35,Y,N,3,MI,MD,Mortgage,Anchorage,AK
A00005555,Alice Traino,58,N,N,7,MI,Masters,Mortgage,Glendale,AZ
A00002702,Arthur Mitchell,53,Y,N,7,HI,High School,Mortgage,Panama City,FL
A00004769,Kari Pritt,34,Y,Y,2,LI,High School,Rent,Fremont,CA
A00003311,Andria Michalski,48,Y,Y,6,HI,Bachelor,Own,Montgomery,AL
A00004565,John Smith,35,Y,Y,7,LI,High School,Rent,Montgomery,AL
A00001135,Milton Howerton,35,Y,Y,7,MI,High School,Own,Hayward,CA
A00000664,Mary Romero,32,N,Y,7,HI,Masters,Rent,Hayward,CA
A00005973,Matthew Nitz,29,Y,Y,5,MI,Bachelor,Rent,Medford,MA
A00004423,Vickie Lopez,64,Y,Y,7,MI,High School,Mortgage,Grand Junction,CO
A00003231,Timothy Cuff,42,Y,N,2,LI,Bachelor,Own,Arvada,CO
A00001456,Maria Sims,63,N,Y,2,MI,Masters,Mortgage,Savannah,GA
A00003856,Victor Applegate,35,Y,Y,2,MI,Masters,Rent,Montgomery,AL
A00000769,Phillip Carl,52,Y,N,7,MI,MD,Rent,Glendale,AZ
A00000904,Robert Duron,50,N,Y,6,HI,College,Own,Panama City Beach,FL
A00001015,Eileen Sachs,54,Y,N,5,MI,Bachelor,Rent,Glendale,AZ
A00003342,Virginia Rankin,64,Y,Y,3,HI,High School,Own,Glendale,AZ
A00006137,Seymour Petersen,44,Y,Y,6,MI,NA,Own,Medford,MA
A00001482,Doris Yazzie,44,N,Y,4,MI,Bachelor,Rent,Panama City Beach,FL
A00007689,Tony Mclennan,62,Y,Y,6,MI,PhD,Own,Glen Burnie,MD
A00005141,David Lewis,37,Y,Y,6,LI,Bachelor,Rent,Manchester,CT
A00005509,Scott Phillips,36,Y,Y,3,MI,Bachelor,Own,Washington,DC
A00009965,Tabitha Moreno,32,Y,Y,6,MI,Bachelor,Own,Nashville,TN
A00002170,Rachel Burnett,45,Y,Y,7,MI,High School,Rent,Pioneer,CA
A00008726,Marcella Lanehart,33,Y,Y,2,MI,Bachelor,Rent,Glendale,AZ
A00006261,Lawrence Grizzle,40,Y,Y,4,MI,High School,Mortgage,Savannah,GA
A00003461,Gail Mitchell,61,Y,Y,5,HI,Bachelor,Mortgage,Louisville,KY
A00009584,Brenda Weske,63,Y,Y,7,LI,Masters,Own,Fayetteville,AR
A00004371,Hannelore Chidester,60,Y,Y,3,MI,College,Rent,Glendale,AZ
A00002278,Dorothy Winters,56,Y,Y,6,MI,College,Mortgage,Washington,DC
A00007997,Jeffery Johnson,62,N,Y,2,MI,Bachelor,Own,Savannah,GA
A00003857,Isabelle Valencia,42,Y,Y,6,MI,High School,Own,Montgomery,AL
A00004567,Tara Sargent,58,N,Y,3,HI,NA,Own,Montgomery,AL
A00002308,Ronald Hudson,64,Y,Y,6,MI,Bachelor,Rent,Brimfield,MA
A00000886,Edwin Martin,60,Y,Y,3,MI,Bachelor,Rent,Middlebury,VT
A00004684,Robert Huang,56,N,Y,5,MI,High School,Rent,Gloucester,MA
A00009340,Robert Meyer,26,Y,Y,2,HI,High School,Mortgage,Glendale,AZ
A00002487,Michael Pautz,28,Y,Y,3,MI,Bachelor,Rent,Brentwood,TN
A00000766,Arthur Echols,52,Y,Y,3,HI,High School,Rent,Medford,MA
A00005356,Shirley Wood,28,N,Y,2,MI,Bachelor,Mortgage,Castleton,VT
A00000800,Wanda Melton,54,Y,Y,6,MI,High School,Mortgage,Castro Valley,CA
A00002130,Annette Cross,28,Y,Y,4,HI,High School,Own,Anchorage,AK
A00009538,Aurore Scaglione,54,Y,N,5,LI,Masters,Mortgage,Union City,CA
A00009691,Madelyn Riojas,31,N,N,5,LI,Bachelor,Mortgage,Manchester,CT
A00000802,Andrea Sommerville,37,Y,Y,5,MI,NA,Rent,Oklahoma City,OK
A00002281,Andrew Crisp,49,Y,Y,4,LI,Bachelor,Rent,Glendale,AZ
A00001840,Cathy Dozier,28,Y,Y,5,MI,High School,Mortgage,Arvada,CO
A00001483,Ellen Bond,51,Y,Y,7,LI,High School,Rent,Washington,DC
A00009801,Morgan Emry,55,Y,Y,2,MI,NA,Mortgage,Manchester,CT
A00004245,John Tilley,36,N,Y,2,LI,College,Rent,Fayetteville,AR
A00000261,Michael Beltrami,28,Y,Y,5,MI,High School,Mortgage,Westmore,VT
A00005658,Stuart Menist,59,Y,Y,4,HI,MD,Mortgage,Fayetteville,AR
A00004422,Jill Alonzo,25,Y,Y,3,MI,High School,Rent,San Leandro,CA
A00008886,Leslie Reynolds,61,Y,Y,2,MI,High School,Mortgage,Fayetteville,AR
A00000458,Liberty Dowdy,29,Y,Y,4,LI,Bachelor,Mortgage,Glendale,AZ
A00001268,Eric Charles,57,Y,Y,7,LI,MD,Own,Fayetteville,AR
A00003268,Jay Salley,30,Y,Y,6,MI,Bachelor,Own,Manchester,CT
A00004644,Terrence Seaman,29,Y,Y,3,HI,MD,Mortgage,Glendale,AZ
A00009564,William Lamontagne,32,Y,Y,3,LI,Bachelor,Rent,Anchorage,AK
A00003376,Charles Heard,40,Y,Y,5,MI,College,Mortgage,Washington,DC
A00003317,Marcus Stroud,50,Y,Y,7,MI,Masters,Rent,Lawrence,MA
A00006593,Christopher Hamilton,32,Y,Y,5,MI,Bachelor,Own,Panama City,FL
A00006499,Steven Graham,60,N,Y,7,MI,MD,Rent,Washington,DC
A00007504,Mary Ruth,26,Y,Y,5,LI,Bachelor,Rent,Panama City,FL
A00009379,John Colella,50,Y,Y,6,MI,Masters,Own,Barnstable,MA
A00002068,Sylvia Velez,54,Y,Y,3,LI,Bachelor,Rent,Fayetteville,AR
A00008990,Phyliss Graham,46,N,N,2,MI,Bachelor,Rent,Savannah,GA
A00001590,Della Combs,53,N,Y,5,HI,Bachelor,Rent,Montgomery,AL
A00005075,Rachel Matthews,41,Y,Y,5,LI,Bachelor,Rent,Norman,OK
A00008360,Donna Isaac,55,Y,Y,5,MI,High School,Rent,Burke,VT
A00004317,Arnoldo Gilliard,55,Y,Y,6,HI,MD,Rent,Savannah,GA
A00008923,Rickey Wright,50,Y,Y,3,HI,Bachelor,Rent,Savannah,GA
A00002336,Jack Deshong,61,Y,Y,5,MI,High School,Mortgage,Louisville,KY
A00005132,James Marsh,45,Y,Y,6,LI,College,Rent,Lynn,MA
A00008622,Eula Conner,28,N,Y,5,LI,Masters,Rent,Oakland,CA
A00007597,Steven Seibert,58,Y,N,2,HI,High School,Mortgage,Stowe,VT
A00005775,Michael Butts,36,N,Y,6,HI,NA,Mortgage,Morristown,VT
A00001116,Harland Eubanks,26,Y,Y,5,MI,Bachelor,Own,Barre,VT
A00008340,Floy Ellis,60,Y,Y,2,MI,Masters,Mortgage,Hanover,MD
A00007056,William Gaytan,53,Y,Y,5,MI,PhD,Mortgage,Washington,DC
A00000731,Jesse Schlueter,56,Y,Y,6,MI,High School,Own,Manchester,CT
A00007042,Lance Williams,62,Y,N,5,MI,Bachelor,Own,Burlington,VT
A00007550,Dylan Thompson,56,Y,Y,5,MI,High School,Mortgage,Saint Matthews,KY
A00007142,Petra Dansby,31,Y,Y,5,LI,Bachelor,Own,Dublin,CA
A00001768,Henrietta Weeden,62,Y,Y,3,MI,Masters,Rent,Glendale,AZ
A00005450,Weston Bowers,57,N,Y,7,MI,Bachelor,Own,Nashville,TN
A00005629,Kenneth Joyce,63,N,Y,3,MI,High School,Own,Savannah,GA
A00007678,Jeffrey Vineyard,64,N,Y,3,MI,High School,Mortgage,Tampa,FL
A00002104,Clifford Freiseis,58,Y,Y,6,MI,MD,Mortgage,Savannah,GA
A00002512,Lance Davis,62,N,Y,4,LI,PhD,Mortgage,Savannah,GA
A00005926,Bradley Porter,60,Y,Y,7,MI,High School,Rent,Edmond,OK
A00004319,Theodore Lancon,25,Y,Y,5,MI,Bachelor,Mortgage,Youngstown,FL
A00006880,Edna Veenstra,59,N,Y,2,MI,Bachelor,Rent,Nashville,TN
A00007663,Wanda Salazar,48,N,Y,2,HI,Masters,Own,Panama City,FL
A00005527,Philip Millard,34,Y,Y,3,LI,Masters,Mortgage,Arvada,CO
A00002129,James Rathbone,39,N,Y,4,MI,Bachelor,Own,Savannah,GA
A00001373,Carolyn Rickard,37,N,Y,3,LI,High School,Own,Medford,MA
A00007058,Victor Bellinger,32,Y,Y,7,HI,High School,Rent,Washington,DC
A00006316,Emma Jacobs,42,N,Y,6,LI,College,Rent,Manchester,CT
A00000754,Debra Foreman,52,Y,Y,6,LI,College,Own,Nashville,TN
A00009098,Derrick Arch,49,Y,Y,4,MI,Bachelor,Mortgage,Union City,CA
A00000429,Henry Moore,44,Y,Y,3,MI,Bachelor,Own,Anchorage,AK
A00002263,Samuel Smith,36,Y,Y,7,LI,High School,Mortgage,Anchorage,AK
A00009238,Donna Jones,44,Y,Y,6,LI,Bachelor,Own,Nashville,TN
A00001626,Bob Martinez,41,Y,Y,7,HI,Bachelor,Rent,Bakersfield,CA
A00009086,Verna Stone,58,Y,Y,3,HI,Bachelor,Mortgage,Nashville,TN
A00006355,Jasmine Green,33,N,Y,4,MI,NA,Mortgage,Montgomery,AL
A00000694,Judy Chiasson,62,Y,Y,5,MI,High School,Mortgage,Oklahoma City,OK
A00007687,Richard Brown,50,Y,Y,2,MI,College,Rent,Peoria,AZ
A00001202,Lisa Apel,48,N,Y,5,MI,High School,Mortgage,Panama City,FL
A00009056,Donald Priester,28,Y,Y,4,MI,Bachelor,Own,Panama City Beach,FL
A00002539,Ann Winters,33,N,Y,3,LI,Bachelor,Own,Montgomery,AL
A00003920,Tonya Tam,59,Y,N,5,MI,NA,Mortgage,East Longmeadow,MA
A00002935,Catherine Britt,53,Y,Y,7,MI,College,Rent,Montgomery,AL
A00009376,Chad Bird,27,Y,Y,5,MI,Bachelor,Rent,Fayetteville,AR
A00002367,Robert Pless,42,Y,Y,3,MI,Bachelor,Mortgage,Anchorage,AK
A00009546,Jerrie Davis,49,Y,Y,5,HI,PhD,Mortgage,Manchester,CT
A00006656,Maria Roman,51,Y,N,4,HI,College,Mortgage,San Leandro,CA
A00006453,Kendrick Jones,43,Y,Y,6,LI,Bachelor,Mortgage,Panama City,FL
A00002363,Pete Gallagher,49,N,Y,4,HI,Bachelor,Rent,Nashville,TN
A00008873,Tamara Hefferman,31,Y,Y,5,LI,PhD,Mortgage,Berkeley,CA
A00005754,Denise Sims,62,N,N,2,LI,Bachelor,Mortgage,Saint Albans City,VT
A00003968,Jacqueline Spilis,25,Y,Y,7,LI,High School,Rent,Hayward,CA
A00001279,Katherine Dipiano,50,Y,Y,5,HI,Masters,Rent,Pawlet,VT
A00008561,Marianna Mcgee,34,Y,Y,2,LI,College,Rent,Savannah,GA
A00001339,Danica Muzii,47,Y,Y,2,LI,Bachelor,Mortgage,Savannah,GA
A00009487,Courtney Cashen,59,N,Y,4,LI,High School,Own,Louisville,KY
A00007437,Phillip Spencer,34,Y,Y,6,MI,College,Rent,Anchorage,AK
A00008016,Edward Calloway,57,Y,Y,2,MI,MD,Own,West Sacramento,CA
A00003323,Gloria Britt,35,Y,Y,2,LI,Bachelor,Own,Glendale,AZ
A00007950,Maria Fulmer,27,N,Y,5,HI,PhD,Rent,Washington,DC
A00001906,Julian Thompson,58,N,Y,4,MI,NA,Mortgage,Glendale,AZ
A00004175,Derrick Wheeler,51,Y,Y,4,MI,High School,Own,Union City,CA
A00002208,William Bower,63,Y,Y,7,LI,Bachelor,Mortgage,Litchfield Park,AZ
A00006870,Martha Shultz,56,Y,Y,3,MI,High School,Own,Louisville,KY
A00001916,Frances Martinez,30,Y,Y,6,LI,Masters,Own,Savannah,GA
A00000198,Paul Williams,60,N,Y,5,HI,Bachelor,Own,Montgomery,AL
A00000409,Fred Valenzuela,63,N,Y,3,HI,Bachelor,Rent,Oklahoma City,OK
A00005663,Harvey Ramires,47,Y,Y,3,HI,Bachelor,Own,San Diego,CA
A00007131,Philip Claytor,35,Y,Y,6,LI,MD,Mortgage,Glendale,AZ
A00003849,Sam Doiron,36,Y,Y,5,MI,Bachelor,Rent,Glen Burnie,MD
A00005150,Richard Poitier,55,Y,Y,2,MI,High School,Rent,Manchester,CT
A00007657,Kathy Demers,51,Y,Y,4,LI,Masters,Mortgage,Manchester,CT
A00001764,Mae Madero,35,N,Y,6,MI,High School,Mortgage,Oakland,CA
A00009693,Helen Jackson,29,Y,Y,7,LI,Bachelor,Mortgage,Louisville,KY
A00009867,Jeffrey Munyon,35,Y,Y,7,HI,High School,Own,,VT
A00003965,Sacha Brodt,40,N,Y,2,MI,Masters,Mortgage,Washington,DC
A00009051,Demetrius Qualls,26,Y,N,6,HI,Bachelor,Mortgage,Montgomery,AL
A00007519,Genevieve Martin,46,Y,Y,3,MI,PhD,Own,Montgomery,AL
A00003385,Chanelle Smith,57,N,Y,6,LI,MD,Own,Nashville,TN
A00008532,Lewis Myers,42,Y,Y,2,LI,Bachelor,Mortgage,Fayetteville,AR
A00007707,Rubin Kim,48,Y,Y,2,MI,High School,Rent,Bakersfield,CA
A00006431,Lillie Hummel,46,N,Y,5,LI,High School,Own,Arvada,CO
A00005372,Charles Safford,26,Y,Y,3,LI,High School,Mortgage,Pismo Beach,CA
A00001421,John Hopkins,53,Y,Y,7,MI,Bachelor,Own,Tampa,FL
A00000386,Nancy Rickley,41,Y,Y,5,MI,Bachelor,Mortgage,Davis,CA
A00004475,Keith Browers,46,Y,Y,4,LI,Bachelor,Mortgage,Montgomery,AL
A00006513,Julie Johnson,58,Y,Y,4,LI,Masters,Mortgage,Arvada,CO
A00003916,David Slaff,41,Y,Y,3,HI,College,Mortgage,Weathersfield,VT
A00004916,Bell Lunt,61,Y,Y,7,LI,Bachelor,Rent,Panama City,FL
A00001570,Debra Chaney,39,Y,Y,5,HI,College,Mortgage,Louisville,KY
A00002403,John Rivers,43,Y,Y,4,MI,Bachelor,Rent,Glendale,AZ
A00004410,Nolan Hills,38,Y,Y,5,MI,Bachelor,Rent,Anchorage,AK
A00000786,Joshua Davis,52,Y,Y,3,MI,Masters,Mortgage,Barre,VT
A00001492,Amanda Brookins,31,Y,Y,2,LI,Bachelor,Own,Pike Road,AL
A00003168,Fabiola Applegate,50,N,Y,6,MI,MD,Rent,Arvada,CO
A00001485,Sharon Kirby,31,Y,N,7,MI,NA,Own,Louisville,KY
A00002099,Maxine Masters,43,Y,Y,6,HI,NA,Mortgage,Oakland,CA
A00001206,Lisa Kintner,53,Y,Y,4,HI,NA,Rent,Montgomery,AL
A00004165,Matthew Eskola,53,Y,Y,7,MI,High School,Mortgage,Anchorage,AK
A00001565,Mary Gibson,34,Y,Y,4,MI,High School,Own,Fayetteville,AR
A00004262,John Stringfield,29,N,N,5,MI,High School,Mortgage,Fayetteville,AR
A00009758,Robert Garand,30,Y,Y,6,MI,High School,Rent,Arvada,CO
A00009769,Mary Buell,41,N,Y,2,LI,College,Rent,Savannah,GA
A00000082,Perry Lang,29,N,Y,2,MI,Bachelor,Rent,Glendale,AZ
A00003195,Doris Ransbottom,46,Y,Y,3,LI,Bachelor,Own,Annapolis,MD
A00005580,Dorthy Stacey,41,Y,Y,6,HI,College,Mortgage,Oakland,CA
A00000854,Jessie Hedgepeth,56,Y,Y,2,LI,High School,Mortgage,Anchorage,AK
A00008505,Joe Miles,59,Y,Y,4,HI,Masters,Own,Arvada,CO
A00006596,Arthur Jones,38,N,N,3,MI,Masters,Mortgage,Goodlettsville,TN
A00003492,Amanda Essex,42,Y,Y,2,MI,High School,Rent,Manchester,CT
A00001459,Jerold Christensen,64,Y,Y,2,LI,Masters,Mortgage,Fayetteville,AR
A00009077,David Cox,47,N,Y,5,MI,Bachelor,Rent,Anchorage,AK
A00000465,Michael Pollack,34,N,Y,4,LI,High School,Own,Manchester,CT
A00009344,Tyrone Zapata,41,N,Y,7,MI,Masters,Rent,Montevallo,AL
A00005183,Susan Heffern,37,Y,Y,5,MI,High School,Own,Panama City,FL
A00001149,Darlene Rolfe,35,Y,Y,3,LI,Bachelor,Mortgage,Calhoun,GA
A00000212,Lori Connolly,29,Y,Y,6,MI,High School,Own,San Jose,CA
A00003421,Maegan Hendricks,32,Y,Y,7,MI,Bachelor,Own,Montgomery,AL
A00004107,Bradley Riley,39,N,Y,5,HI,NA,Own,Deale,MD
A00003115,Donald Kruger,35,N,Y,7,LI,High School,Own,Castro Valley,CA
A00009806,Herbert Ayala,45,Y,Y,7,HI,Bachelor,Mortgage,Oakland,CA
A00007527,Nora Hauptman,38,Y,Y,2,MI,Bachelor,Own,Jackson,CA
A00001154,Joy Auston,63,Y,Y,6,MI,High School,Rent,Manchester,CT
A00004521,Ronald Musselman,59,N,Y,7,MI,Masters,Rent,Manchester,CT
A00004287,Oscar Daily,31,N,N,7,LI,College,Mortgage,Oklahoma City,OK
A00009410,Crystal Galbraith,59,Y,Y,4,HI,High School,Own,Williston,VT
A00004035,Spencer Rozek,59,N,Y,5,LI,Masters,Mortgage,Louisville,KY
A00005796,Robert Bell,28,Y,Y,6,LI,High School,Mortgage,Hayward,CA
A00003810,Christopher Harris,28,Y,Y,6,HI,Bachelor,Mortgage,Savannah,GA
A00009794,Lindy Pander,44,Y,Y,4,LI,High School,Own,Salinas,CA
A00003297,Phyllis Wood,61,Y,Y,2,LI,NA,Mortgage,Nashville,TN
A00000883,Vaughn Hedrick,29,Y,Y,2,LI,Bachelor,Mortgage,Glendale,AZ
A00006609,Robin Hinshaw,33,Y,Y,6,LI,Masters,Rent,Pleasanton,CA
A00003045,Barbar Waggoner,35,Y,Y,6,HI,MD,Own,Fresno,CA
A00001980,Hannah Carrier,48,Y,Y,5,LI,Bachelor,Rent,Arvada,CO
A00000674,Michael Wear,36,N,Y,3,MI,Bachelor,Own,Montgomery,AL
A00002484,Donna Schoppert,26,Y,N,4,MI,Bachelor,Own,Nashville,TN
A00005307,Robert Jones,61,Y,Y,3,MI,High School,Mortgage,Fall River,MA
A00009128,Ashley Piirto,60,Y,N,4,HI,Bachelor,Rent,Glen Burnie,MD
A00006040,Susan Ballinger,55,Y,Y,3,MI,College,Own,Santa Cruz,CA
A00001460,Wilton Partin,58,N,N,2,LI,Bachelor,Mortgage,Westminster,CO
A00009770,Richard Rivera,29,Y,Y,3,HI,High School,Rent,Arvada,CO
A00009810,Daria Horton,37,N,Y,7,HI,High School,Own,Berkeley,CA
A00009427,Sylvia Hamilton,61,Y,Y,5,LI,College,Mortgage,Montgomery,AL
A00002540,Shawn Thomas,40,Y,Y,2,MI,High School,Mortgage,Fremont,CA
A00000076,Eric Powell,36,N,Y,6,MI,High School,Mortgage,Montgomery,AL
A00001585,Adrian Bullock,31,Y,Y,3,HI,Bachelor,Mortgage,Oklahoma City,OK
A00003935,Mark Blow,35,Y,Y,7,HI,Masters,Mortgage,Anchorage,AK
A00004384,Mildred Boyland,64,Y,N,6,MI,Masters,Rent,Louisville,KY
A00000531,Maria Wyatt,27,Y,Y,5,LI,College,Mortgage,Severna Park,MD
A00004332,Juanita Defalco,53,N,Y,7,HI,Bachelor,Mortgage,Fayetteville,AR
A00009101,Peter Riis,57,N,Y,5,LI,PhD,Rent,Montgomery,AL
A00005334,Brandy Lewis,25,Y,Y,3,MI,Masters,Rent,Aspen,CO
A00002529,Jodie Schreiber,42,Y,Y,6,MI,High School,Rent,Nashville,TN
A00000363,Joshua Nevarez,27,Y,Y,6,HI,MD,Mortgage,Glendale,AZ
A00003003,Fern Curtis,60,Y,Y,2,HI,PhD,Rent,Fayetteville,AR
A00000166,Carlton Askew,25,N,Y,4,MI,Bachelor,Mortgage,Severn,MD
A00006275,Robin Villanova,41,Y,Y,2,HI,College,Mortgage,Fayetteville,AR
A00008185,Danny Cearns,28,Y,Y,7,MI,MD,Mortgage,Fremont,CA
A00008157,Lorna Clark,36,Y,Y,6,MI,Bachelor,Rent,Nashville,TN
A00008651,Darrel Wells,26,Y,Y,7,LI,NA,Rent,Mammoth Lakes,CA
A00001185,Rachel Depner,40,Y,Y,7,LI,NA,Rent,Savannah,GA
A00006575,William Howell,56,N,Y,4,LI,High School,Mortgage,Lynn Haven,FL
A00006815,Frances Byrd,29,N,Y,5,HI,Masters,Mortgage,Montgomery,AL
A00006764,Mary Hall,38,Y,Y,5,HI,Masters,Mortgage,Montgomery,AL
A00002290,Clara Brunson,61,Y,Y,7,LI,MD,Mortgage,Manchester,CT
A00008371,Ann Kochel,62,Y,Y,5,LI,High School,Mortgage,Louisville,KY
A00007943,Chad Long,48,Y,Y,3,LI,Bachelor,Rent,Calhoun,GA
A00005115,Dana Lee,46,Y,Y,2,MI,MD,Rent,Glen Burnie,MD
A00006649,Glenn Fan,49,Y,Y,7,HI,College,Mortgage,Fremont,CA
A00004704,Annette Gateley,33,Y,Y,2,MI,Bachelor,Mortgage,Manchester,CT
A00000538,Jennie Blough,49,N,Y,2,LI,Masters,Own,Guilford,VT
A00007265,David Hinson,54,N,N,3,MI,Bachelor,Own,Montgomery,AL
A00007370,Cathy Fulenwider,26,Y,Y,7,MI,PhD,Rent,Bloomingdale,GA
A00001688,Richard Weaver,55,N,N,5,MI,Bachelor,Rent,Anchorage,AK
A00003843,Fern Carleton,28,Y,Y,3,MI,PhD,Mortgage,Groton,VT
A00004930,Maureen Bibeau,56,Y,N,7,LI,Bachelor,Mortgage,Washington,DC
A00002346,Kelly Hammond,38,N,Y,3,MI,Bachelor,Mortgage,Alameda,CA
A00002663,Michael Gordon,36,Y,Y,6,HI,Bachelor,Own,Nashville,TN
A00001909,Victor Ray,32,Y,Y,3,LI,High School,Rent,Greensboro,VT
A00002286,Craig Bien,62,Y,N,5,MI,Masters,Mortgage,Montgomery,AL
A00008878,Marcus Gray,62,N,N,4,MI,Bachelor,Rent,Livermore,CA
A00004652,Lee Bush,42,Y,Y,2,LI,High School,Rent,Plymouth,MA
A00000841,Grant Dickerson,44,Y,Y,7,MI,NA,Own,Montgomery,AL
A00005607,Randall Smiley,31,Y,Y,7,HI,College,Own,Montgomery,AL
A00007019,Ronald Austin,62,Y,Y,4,MI,High School,Mortgage,Freetown,MA
A00009231,Brian Arrington,39,N,Y,5,MI,High School,Rent,Arnold,MD
A00005674,Simone Bautista,48,Y,Y,3,MI,NA,Own,Glendale,AZ
A00006091,Michelle Navarra,33,N,Y,4,HI,High School,Mortgage,Port Wentworth,GA
A00004809,Edward Dubay,51,Y,Y,5,MI,High School,Rent,Montgomery,AL
A00003598,Margarita Hassinger,51,Y,Y,2,MI,MD,Mortgage,Oakland,CA
A00002237,Ann Bradby,27,Y,Y,7,HI,MD,Mortgage,Greeley,CO
A00000112,Caroline Mitchell,55,Y,Y,2,HI,NA,Mortgage,Wheat Ridge,CO
A00008965,Jessica Treffert,37,N,Y,3,MI,Bachelor,Mortgage,Quincy,MA
A00002712,Elizabeth Sutton,36,N,Y,5,MI,MD,Rent,Montgomery,AL
A00003454,Micheal Huber,49,Y,Y,4,MI,MD,Own,Manchester,CT
A00009199,David Mccormick,39,Y,Y,6,HI,Masters,Own,Louisville,KY
A00008534,James Grimes,38,Y,Y,5,LI,Masters,Mortgage,Anchorage,AK
A00009464,Ladonna Ross,34,Y,Y,4,LI,Bachelor,Mortgage,Fayetteville,AR
A00005426,Kenneth Harrison,31,Y,N,3,HI,Bachelor,Own,New Haven,VT
A00004519,Patricia Milton,38,N,Y,2,MI,High School,Own,Glendale,AZ
A00009432,Patrick Padilla,54,Y,Y,3,LI,Bachelor,Own,Glendale,AZ
A00001714,Stella Reynolds,25,N,Y,6,MI,High School,Own,Colchester,VT
A00006295,Elaine Johnson,55,Y,Y,3,LI,Bachelor,Rent,Eureka,CA
A00000661,Alice Bridges,45,Y,Y,4,LI,Bachelor,Rent,Manchester,CT
A00008476,Sheldon Lewis,36,Y,Y,6,HI,Bachelor,Rent,Nashville,TN
A00001411,Irene Lor,58,N,Y,7,HI,Bachelor,Rent,Wheelock,VT
A00003714,Edward Griglen,38,N,Y,2,HI,PhD,Own,Glendale,AZ
A00002497,Susan Armstrong,41,Y,Y,2,LI,Bachelor,Rent,Washington,DC
A00007755,Angel Parks,32,Y,Y,4,MI,High School,Own,Savannah,GA
A00000057,Regine Nelms,34,Y,Y,2,LI,Bachelor,Mortgage,Quincy,MA
A00008797,Stefani Taylor,45,N,N,3,MI,MD,Own,Fayetteville,AR
A00002481,Margie Navarra,55,Y,Y,2,HI,Bachelor,Mortgage,Ludlow,VT
A00006376,Jessica Vangilder,51,Y,N,6,MI,Masters,Own,Nashville,TN
A00003009,James Martin,43,Y,Y,4,LI,Bachelor,Own,Manchester,CT
A00008272,Diann Latham,51,N,N,2,MI,College,Own,Savannah,GA
A00009812,Patrick Allums,51,N,Y,6,MI,Masters,Mortgage,Harwich,MA
A00005981,Lucinda Havens,52,Y,Y,7,HI,Bachelor,Own,Fayetteville,AR
A00009175,Angela Migl,29,Y,Y,3,MI,Bachelor,Rent,Montgomery,AL
A00009384,Birgit Howard,63,N,N,4,MI,College,Own,Washington,DC
A00004277,Martha Thomas,47,Y,Y,4,MI,Bachelor,Own,Anchorage,AK
A00006781,Michael Belcher,55,Y,Y,3,LI,Bachelor,Mortgage,Glendale,AZ
A00003224,Michael Robinson,63,Y,Y,2,HI,MD,Own,King City,CA
A00002648,Monique Banks,37,Y,Y,7,MI,Masters,Own,Capitola,CA
A00005365,Blanca Ornelas,46,Y,Y,7,HI,Bachelor,Rent,Arvada,CO
A00000590,Christopher Bryant,36,Y,Y,7,LI,High School,Mortgage,Castro Valley,CA
A00001082,Madaline Morlino,61,N,Y,4,LI,Bachelor,Own,Hayward,CA
A00004613,Kyle Drew,46,Y,Y,2,MI,Bachelor,Rent,Panama City,FL
A00000121,Paul Johnson,64,N,Y,5,MI,High School,Own,Arvada,CO
A00003858,Benjamin Lugo,54,N,Y,4,MI,Bachelor,Mortgage,Brentwood,TN
A00008912,Edgar Thomas,45,Y,Y,4,LI,PhD,Own,Arvada,CO
A00003471,Dawn Olenius,52,N,Y,4,LI,Bachelor,Own,Manchester,CT
A00006394,Hazel Tobias,50,N,Y,4,LI,Bachelor,Mortgage,Jackson,CA
A00006937,Frances Clark,31,Y,Y,6,MI,Bachelor,Mortgage,Choctaw,OK
A00009401,Joanne Edwards,58,Y,Y,2,MI,Bachelor,Rent,Springfield,MA
A00007530,Ruben Boyden,45,Y,Y,7,HI,High School,Rent,Fayetteville,AR
A00004110,Jeremy Cook,25,Y,Y,5,MI,Bachelor,Rent,Oklahoma City,OK
A00002249,Richard Gussler,53,N,Y,4,HI,Bachelor,Mortgage,Glendale,AZ
A00003811,Walter Hommell,36,N,Y,2,MI,Bachelor,Mortgage,Annapolis,MD
A00007352,Kathy Collins,37,Y,Y,7,MI,High School,Own,Anchorage,AK
A00002727,Porter Book,54,N,Y,4,MI,MD,Own,Annapolis,MD
A00007855,Richard Karr,34,N,Y,4,LI,Bachelor,Mortgage,,VT
A00005396,Mildred Dupont,39,Y,Y,7,LI,PhD,Own,Montgomery,AL
A00008034,Susan Reagon,60,Y,Y,6,HI,Bachelor,Rent,Mesa,AZ
A00004622,Thomas Flores,52,Y,Y,2,LI,Bachelor,Rent,Linthicum Heights,MD
A00003528,Harold Rodriguez,49,Y,Y,3,HI,NA,Own,Prospect,KY
A00000677,Erin Miller,63,Y,Y,6,MI,Bachelor,Mortgage,Panama City Beach,FL
A00003933,Leonard Terman,30,N,Y,7,LI,Bachelor,Mortgage,Saint Albans Town,VT
A00008059,Donna Moniz,37,Y,Y,3,HI,Bachelor,Rent,Severna Park,MD
A00001498,Joseph Boehmke,58,Y,N,2,HI,Bachelor,Rent,Glendale,AZ
A00005759,Leroy Waddell,55,Y,Y,6,MI,High School,Rent,Washington,DC
A00004224,Keith Durbin,47,Y,Y,7,MI,College,Rent,Edgewater,MD
A00009649,Lawrence Ferris,41,N,Y,7,MI,High School,Mortgage,Oklahoma City,OK
A00000755,Faye James,52,N,Y,6,HI,Bachelor,Own,Louisville,KY
A00007007,Brian Adams,38,Y,Y,7,MI,High School,Rent,Nashville,TN
A00006350,Ressie Mcgehee,54,Y,Y,4,MI,Masters,Rent,Anchorage,AK
A00006920,John Lopez,64,Y,Y,4,MI,MD,Own,Fayetteville,AR
A00003021,Patrick Manning,44,Y,Y,6,HI,High School,Rent,Washington,DC
A00005693,Dean Ledet,39,Y,Y,4,MI,Bachelor,Mortgage,Anchorage,AK
A00003991,Kevin Mccall,37,Y,Y,5,MI,High School,Own,Nashville,TN
A00008826,James Ellis,40,Y,Y,5,MI,High School,Own,Berkeley,CA
A00001595,Gladys Offerdahl,34,Y,Y,7,MI,Bachelor,Rent,Sacramento,CA
A00002327,Shannon Seeger,55,N,Y,4,LI,Bachelor,Mortgage,Nashville,TN
A00003450,John Pinheiro,42,N,Y,2,MI,College,Rent,Fairfield,CA
A00006256,Joel Currie,51,N,Y,5,LI,Bachelor,Mortgage,Anchorage,AK
A00001568,Hazel Dowdy,48,Y,Y,5,LI,Masters,Rent,Arvada,CO
A00001142,Roy Vanpelt,50,N,Y,3,MI,High School,Mortgage,Sheffield,VT
A00005454,Mike Shane,57,Y,Y,2,MI,College,Mortgage,Manchester,CT
A00001107,Cynthia Bloom,45,Y,Y,5,MI,Bachelor,Own,Montgomery,AL
A00005931,Tommy Lange,45,Y,Y,4,MI,NA,Rent,Laurel,MD
A00004187,Michael Grossman,39,Y,N,7,LI,Bachelor,Rent,Manchester,CT
A00008773,Mary Robinson,62,Y,Y,4,HI,College,Own,Glen Burnie,MD
A00009035,Gladys Dunkin,47,Y,Y,3,LI,PhD,Mortgage,Fayetteville,AR
A00006197,Vicki Peiper,56,Y,Y,5,MI,MD,Own,Fayetteville,AR
A00006268,Darlene Gonzalez,58,Y,Y,5,LI,College,Mortgage,Manchester,CT
A00006859,Jeffery Walker,49,N,Y,3,HI,Bachelor,Own,Yarmouth,MA
A00003107,Michelle Alls,34,Y,Y,7,MI,Bachelor,Rent,Panama City Beach,FL
A00003977,Ernestine Aguinaga,43,Y,N,4,MI,Masters,Rent,Nashville,TN
A00007543,Dale Shreffler,56,N,Y,5,MI,Bachelor,Mortgage,Arvada,CO
A00004412,Josephine Williams,35,Y,Y,6,MI,High School,Mortgage,Youngstown,FL
A00008931,Robert Hulbert,48,Y,Y,6,LI,Masters,Own,Fayetteville,AR
A00005995,Carl Myers,27,N,Y,4,HI,Bachelor,Mortgage,Nashville,TN
A00009177,William Reeves,47,Y,Y,4,LI,Bachelor,Own,Nashville,TN
A00003983,Tammy Zimmerman,37,N,Y,6,MI,High School,Rent,Savannah,GA
A00007074,John Reed,50,Y,Y,5,HI,Bachelor,Own,Washington,DC
A00000540,Melissa Cox,45,Y,Y,6,HI,Masters,Mortgage,Annapolis,MD
A00008887,Haydee Smith,54,Y,Y,7,HI,MD,Mortgage,Anchorage,AK
A00008270,Tonya Roney,44,N,Y,3,HI,Bachelor,Mortgage,Montgomery,AL
A00000984,Nancy Felderman,45,Y,Y,6,LI,College,Mortgage,Fayetteville,AR
A00002644,Heidi Harper,34,Y,Y,3,MI,Bachelor,Own,Berkeley,CA
A00008430,Michael Durst,55,Y,Y,2,MI,Bachelor,Mortgage,Jeffersontown,KY
A00005421,William Hemphill,30,Y,Y,5,LI,Bachelor,Own,Baltimore,MD
A00009038,Ann Paterniti,40,Y,Y,7,MI,PhD,Rent,Manchester,CT
A00007145,Paul Bryan,64,N,Y,4,LI,High School,Own,Arvada,CO
A00002322,Jennifer Rhymes,59,N,Y,7,MI,Bachelor,Rent,Glendale,AZ
A00003568,Dorcas Peterson,46,Y,Y,3,HI,NA,Mortgage,Quincy,MA
A00001395,Jennifer Schill,61,Y,N,4,MI,High School,Mortgage,Nashville,TN
A00002946,Michael Hennig,52,Y,Y,7,MI,High School,Rent,Nashville,TN
A00008050,Richard Wheeless,53,Y,Y,4,MI,Masters,Mortgage,Nashville,TN
A00005354,Russell West,63,Y,Y,3,HI,Bachelor,Mortgage,Manchester,CT
A00003102,Michael Hager,35,Y,Y,6,MI,College,Own,Fayetteville,AR
A00003583,David Nave,56,Y,Y,6,HI,Bachelor,Mortgage,Berkeley,CA
A00006093,Kenneth Escobedo,33,Y,Y,4,MI,High School,Rent,Litchfield Park,AZ
A00007497,Jermaine Grawe,37,Y,N,3,MI,MD,Own,Nashville,TN
A00008401,Bruce Nassar,46,Y,Y,5,MI,NA,Rent,Fayetteville,AR
A00003260,Kimberly Hugle,54,Y,Y,5,HI,Bachelor,Own,Fayetteville,AR
A00008855,Darcy Worthington,36,N,Y,4,MI,High School,Mortgage,Burlington,VT
A00001596,Karen Allard,43,Y,Y,3,MI,PhD,Mortgage,Arvada,CO
A00003661,Nanci Jones,47,N,N,4,HI,Bachelor,Mortgage,Lawrence,MA
A00001407,Andrew Krouse,42,Y,Y,4,LI,College,Rent,,VT
A00009802,William Warren,63,N,Y,3,MI,Masters,Mortgage,Montgomery,AL
A00009550,Warren Jackson,55,N,Y,3,LI,Bachelor,Rent,Dummerston,VT
A00001440,Dora Kridler,63,Y,N,6,MI,High School,Rent,Piedmont,CA
A00006231,Tammy Estell,33,N,Y,6,MI,Bachelor,Own,Calera,AL
A00004330,Micheal Rivard,63,Y,Y,2,MI,Bachelor,Own,Panama City,FL
A00003504,Jason Nelson,27,N,Y,4,MI,Bachelor,Rent,Washington,DC
A00004552,Virginia Moll,36,Y,Y,5,MI,Bachelor,Rent,Anchorage,AK
A00000781,Barbara Combass,28,Y,Y,2,HI,Bachelor,Rent,Quincy,MA
A00009437,Jesse Whitfield,25,N,Y,7,MI,MD,Rent,Washington,DC
A00007717,Gail Grant,41,N,Y,2,HI,High School,Own,Panama City,FL
A00006249,Trevor Weitzman,48,Y,Y,2,MI,Bachelor,Mortgage,Fremont,CA
A00007691,Bessie Hardin,61,Y,Y,7,MI,Bachelor,Own,Plantation,KY
A00004712,Marie Blevins,54,Y,Y,3,MI,High School,Rent,Louisville,KY
A00009396,Danny Micciche,34,Y,Y,3,LI,High School,Rent,Panama City,FL
A00008178,Odell Rodarte,40,Y,Y,4,HI,Bachelor,Own,Pelham,AL
A00008017,Brian Johnson,50,Y,Y,2,MI,Bachelor,Mortgage,Fayetteville,AR
A00008828,Frances Hawkins,47,N,Y,2,LI,College,Own,Eureka,CA
A00007614,Scott Massengale,42,Y,Y,2,LI,NA,Mortgage,Oklahoma City,OK
A00004654,Jerry Armstrong,55,Y,Y,4,LI,College,Rent,Fayetteville,AR
A00001603,Allen Sachs,57,N,Y,4,MI,Bachelor,Own,Fremont,CA
A00004940,Roberto Arciniega,35,Y,Y,3,MI,PhD,Own,Livermore,CA
A00003863,Joseph Pollack,42,Y,Y,7,LI,College,Mortgage,Montgomery,AL
A00009481,Jean Sievers,49,N,Y,5,MI,Bachelor,Own,Anchorage,AK
A00004978,Ralph Lewis,42,Y,N,2,LI,High School,Mortgage,Castro Valley,CA
A00006328,Kirsten Green,53,Y,Y,4,HI,High School,Own,Nashville,TN
A00002463,Armand Nunmaker,33,Y,N,2,MI,Bachelor,Mortgage,Montgomery,AL
A00002029,Teresa Vallejo,37,Y,Y,7,HI,Bachelor,Rent,Washington,DC
A00008124,Vicki Elliott,53,Y,Y,6,HI,High School,Own,Savannah,GA
A00005050,Pamela Gill,50,N,Y,3,MI,Bachelor,Rent,Crownsville,MD
A00002638,Lena Guttmann,41,Y,Y,6,HI,High School,Rent,Eureka,CA
A00000570,Brandy Woods,61,Y,Y,3,MI,Bachelor,Rent,Washington,DC
A00004582,Willie Torres,37,Y,Y,3,MI,Masters,Own,Manchester,CT
A00006363,Marie Dejesus,30,Y,Y,3,LI,Masters,Rent,Manchester,CT
A00000959,Bula Sanchez,52,Y,Y,2,MI,Masters,Rent,Severn,MD
A00001495,Kara Farmer,28,Y,Y,4,MI,Bachelor,Own,Louisville,KY
A00006104,Stephanie Aracena,27,Y,Y,4,HI,High School,Mortgage,Manchester,CT
A00006494,Barbara Goodson,64,Y,Y,6,MI,Bachelor,Mortgage,Glen Burnie,MD
A00007475,Dominic Rister,34,Y,Y,5,LI,Bachelor,Mortgage,Montgomery,AL
A00000856,Michael Farmer,41,Y,Y,7,HI,High School,Own,Guthrie,OK
A00005922,Carl Williams,56,Y,Y,5,MI,Masters,Rent,Washington,DC
A00005544,Connie Blair,51,N,Y,6,LI,Bachelor,Mortgage,Montgomery,AL
A00004823,Pearl Sims,34,N,Y,6,LI,NA,Mortgage,Fayetteville,AR
A00003328,Joseph Kline,31,Y,Y,4,HI,Bachelor,Mortgage,Glendale,AZ
A00004904,Cathi Gentile,56,Y,Y,3,LI,MD,Mortgage,Glendale,AZ
A00002770,John Tuder,40,N,Y,7,LI,MD,Mortgage,Montgomery,AL
A00000604,Lucille Ferra,40,Y,Y,2,MI,High School,Own,Manchester,CT
A00005946,Mercedes Capehart,61,Y,Y,7,MI,Masters,Rent,Washington,DC
A00000621,Judy Mccartt,45,Y,N,6,HI,Bachelor,Mortgage,Glendale,AZ
A00000195,Felix Waller,64,Y,Y,4,HI,High School,Rent,Anchorage,AK
A00009657,Brian Christie,45,N,Y,3,MI,High School,Mortgage,Oklahoma City,OK
A00001131,Mary Boldenow,45,Y,Y,5,MI,Bachelor,Rent,Fayetteville,AR
A00005169,Hilda Walk,48,Y,Y,4,LI,High School,Mortgage,Washington,DC
A00001999,Anita Clark,53,Y,Y,4,MI,Bachelor,Own,Arvada,CO
A00005563,Charles Johnson,59,Y,Y,7,HI,Masters,Rent,Oklahoma City,OK
A00001758,Bruce Hart,40,N,Y,2,MI,Bachelor,Mortgage,Anchorage,AK
A00001886,Emily Burke,39,Y,Y,6,MI,College,Mortgage,Litchfield Park,AZ
A00005470,Cynthia Stancil,45,N,Y,3,MI,PhD,Own,Savannah,GA
A00008200,Paul Roybal,54,Y,Y,6,LI,High School,Mortgage,Fayetteville,AR
A00008444,Raymond Spencer,47,Y,Y,4,MI,High School,Rent,Vergennes,VT
A00002852,David Kelly,57,N,Y,7,MI,Bachelor,Rent,Louisville,KY
A00005714,Justin Carr,63,N,Y,4,LI,Bachelor,Rent,Garden City,GA
A00008577,Dolores Workman,46,Y,Y,6,MI,Masters,Mortgage,Savannah,GA
A00003414,James Grant,44,Y,Y,7,LI,High School,Mortgage,Moore,OK
A00002148,Robert Gaitan,26,N,Y,4,MI,Bachelor,Own,Mexico Beach,FL
A00005528,Edna Garner,57,Y,Y,3,MI,High School,Mortgage,Union City,CA
A00008250,Diane Celis,51,Y,Y,7,MI,Masters,Mortgage,Fayetteville,AR
A00001281,Bruce Price,33,N,Y,4,MI,College,Rent,Washington,DC
A00000450,Donald Guess,44,N,Y,2,MI,Bachelor,Mortgage,Oklahoma City,OK
A00001592,Jennifer Allen,55,N,Y,7,MI,Bachelor,Mortgage,Fayetteville,AR
A00009360,Amy Mohabir,48,Y,Y,2,MI,High School,Mortgage,Arvada,CO
A00007503,David Bradley,25,Y,Y,5,HI,Bachelor,Own,Montgomery,AL
A00004271,Larry Cardwell,55,N,Y,6,HI,High School,Own,Manchester,CT
A00005226,Lorie Brown,63,Y,N,2,LI,Bachelor,Rent,Montgomery,AL
A00002979,James Chavez,43,Y,Y,5,HI,Bachelor,Rent,Pooler,GA
A00007592,Donald Mudd,47,Y,Y,3,LI,High School,Rent,Montgomery,AL
A00009783,Dustin Goin,28,Y,Y,3,LI,High School,Own,Savannah,GA
A00004788,Rachael Jones,54,Y,Y,4,MI,Bachelor,Mortgage,Fayetteville,AR
A00001245,Jeanette Gilliland,52,N,Y,4,MI,College,Mortgage,Arvada,CO
A00008655,Mary Nemec,30,Y,Y,2,MI,High School,Mortgage,Proctor,VT
A00009606,Robert Marinez,50,N,Y,5,MI,Bachelor,Own,Chico,CA
A00001089,Paul Feathers,32,Y,Y,3,MI,Bachelor,Mortgage,Anchorage,AK
A00005807,John Buchanan,51,N,Y,6,MI,Bachelor,Rent,Glendale,AZ
A00008544,Candace Schauble,34,Y,N,4,LI,High School,Own,Louisville,KY
A00006134,Sydney Erickson,48,Y,Y,7,MI,Bachelor,Own,Washington,DC
A00001636,Kristin Burrell,63,Y,Y,5,MI,Bachelor,Mortgage,Montgomery,AL
A00009126,Heather Mederos,37,Y,Y,7,MI,PhD,Own,Nashville,TN
A00007296,Christopher Voss,51,N,Y,6,LI,Masters,Mortgage,Savannah,GA
A00000231,Natalie Daniels,54,Y,Y,6,HI,Bachelor,Rent,Washington,DC
A00003138,John Fowles,31,Y,Y,6,HI,Bachelor,Mortgage,Panama City,FL
A00000498,Nona Vanhoose,50,N,Y,6,LI,High School,Rent,Panama City,FL
A00001380,Dennis Mercado,48,Y,Y,7,LI,High School,Own,Louisville,KY
A00007756,Kristy Trabert,42,Y,N,4,MI,Masters,Rent,Nashville,TN
A00004726,Merrill Perrine,28,Y,Y,3,HI,Masters,Rent,Glendale,AZ
A00001207,Maria Anderson,40,N,Y,2,MI,Bachelor,Mortgage,Panama City Beach,FL
A00000318,Janel Hoskins,61,Y,Y,3,MI,High School,Own,Glendale,AZ
A00000196,Suzanne Maxwell,61,Y,Y,7,LI,Bachelor,Mortgage,Arvada,CO
A00005609,Alberta Dye,27,Y,N,3,LI,High School,Own,Glendale,AZ
A00002800,Joseph Heinbach,39,Y,Y,2,MI,Bachelor,Mortgage,Severn,MD
A00008935,Tiffany Lundberg,60,Y,Y,2,HI,Bachelor,Mortgage,Louisville,KY
A00008435,Morris Moore,29,N,Y,7,HI,Masters,Rent,Brentwood,TN
A00007633,Garry Morreale,25,Y,Y,4,MI,Bachelor,Mortgage,Oklahoma City,OK
A00008325,Shirley Cobb,63,Y,Y,4,MI,High School,Own,Auburn,MA
A00008191,Richard Mages,45,Y,Y,3,HI,MD,Own,Glendale,AZ
A00009555,Maria Womble,35,Y,Y,2,LI,Bachelor,Rent,Montgomery,AL
A00002062,Charles Keller,27,N,Y,2,HI,Bachelor,Own,Panama City,FL
A00003043,Earl Hassinger,44,Y,Y,6,HI,NA,Own,Saint Albans Town,VT
A00000213,Louise Wilson,62,Y,Y,7,MI,MD,Mortgage,Panama City,FL
A00004095,Jimmy Boyer,57,N,Y,2,MI,Bachelor,Mortgage,Savannah,GA
A00009853,James Wireman,25,Y,Y,4,MI,Bachelor,Mortgage,Panama City Beach,FL
A00008370,Lisa Bell,63,N,Y,5,MI,High School,Rent,Walpole,MA
A00003203,Benjamin Peterson,55,Y,Y,3,MI,College,Own,Port Wentworth,GA
A00008500,Johnnie Collazo,42,N,Y,2,LI,Masters,Own,Glendale,AZ
A00005870,Tommy Tofil,31,N,Y,6,LI,Bachelor,Rent,Arvada,CO
A00009718,Nancy Levitz,38,N,N,5,HI,High School,Mortgage,Fayetteville,AR
A00009034,James Sandridge,47,Y,Y,6,MI,College,Own,Washington,DC
A00009054,Barbara Withers,64,N,Y,3,LI,High School,Mortgage,Pooler,GA
A00009224,Dolores Snyder,41,N,Y,7,LI,High School,Rent,Montgomery,AL
A00009052,Jean Anding,47,N,Y,7,LI,Bachelor,Rent,Woodford,VT
A00002613,Earl Barnett,26,Y,Y,4,MI,Masters,Mortgage,Manchester,CT
A00006463,Hester Hamm,45,N,Y,4,HI,NA,Own,Arvada,CO
A00004603,Constance Little,43,Y,Y,4,HI,Bachelor,Rent,Pasadena,MD
A00009375,Meghan Garcia,33,N,Y,4,MI,High School,Rent,Pasadena,MD
A00001413,Lizzie Wheat,63,Y,Y,5,LI,Bachelor,Rent,Washington,DC
A00003619,Kirsten Sarnicola,28,Y,Y,6,MI,Bachelor,Own,Montgomery,AL
A00000908,Anna Harwood,40,Y,Y,5,MI,NA,Rent,Savannah,GA
A00002591,Melodie Mccall,41,Y,Y,4,HI,MD,Mortgage,Fountain,FL
A00002602,Robert Beaufort,32,Y,Y,2,MI,High School,Mortgage,Panama City,FL
A00002508,Sarah Downs,51,N,Y,4,MI,Masters,Mortgage,Washington,DC
A00004553,Kyle Carter,33,N,Y,7,MI,Bachelor,Mortgage,Glen Burnie,MD
A00006336,David Montoya,61,Y,Y,7,LI,High School,Own,Moore,OK
A00005228,Ida Holder,28,Y,Y,7,LI,Masters,Rent,Northfield,KY
A00009674,Jeanette Craig,47,Y,Y,4,MI,Bachelor,Mortgage,Williston,VT
A00009037,Buddy Hinkle,50,Y,Y,7,MI,Masters,Own,Hartland,VT
A00008480,Carol Miller,64,Y,Y,6,MI,Bachelor,Mortgage,Nashville,TN
A00003322,Anna Johnson,50,N,Y,6,HI,Masters,Own,Montgomery,AL
A00001783,Marion Blaine,39,Y,Y,4,MI,Bachelor,Own,Hartford,VT
A00009484,Sonya Isaacs,63,N,Y,2,MI,Bachelor,Own,Manchester,CT
A00002039,Aaron Hearnen,56,Y,Y,2,MI,Bachelor,Own,Montgomery,AL
A00004526,Dennis Fuller,47,Y,N,5,HI,MD,Rent,Glendale,AZ
A00003214,Chris Smith,32,Y,Y,6,MI,High School,Mortgage,Aurora,CO
A00003967,Cynthia Enfinger,44,Y,Y,6,MI,College,Rent,Washington,DC
A00004692,Roy Dickerson,57,N,Y,5,MI,High School,Rent,Anchorage,AK
A00005329,Johnny Williamson,36,Y,Y,3,MI,Bachelor,Own,Panama City Beach,FL
A00004719,Claire Carter,64,Y,Y,5,HI,College,Rent,,VT
A00006248,James House,56,Y,Y,3,MI,High School,Rent,Glen Burnie,MD
A00007745,Ingrid Bolin,45,Y,Y,7,MI,High School,Mortgage,Riva,MD
A00009300,Jeremy Ingram,47,Y,Y,6,MI,NA,Mortgage,Hayward,CA
A00003420,Robert Ha,59,Y,Y,2,MI,NA,Rent,Lynn,MA
A00006827,Patricia Blach,29,Y,Y,6,LI,High School,Own,Panama City,FL
A00001742,Sean Jackson,61,N,Y,5,HI,High School,Rent,Conway,AR
A00001428,Ruben Wright,28,Y,Y,5,HI,Bachelor,Mortgage,Hayward,CA
A00002033,Jean Cunningham,45,Y,Y,6,MI,Bachelor,Mortgage,Glen Burnie,MD
A00005729,David Magallan,38,Y,Y,4,HI,Bachelor,Mortgage,Fayetteville,AR
A00007734,Edward Simpson,49,Y,Y,6,MI,MD,Mortgage,Panama City Beach,FL
A00008429,Angela Mcfee,33,Y,Y,5,MI,Bachelor,Mortgage,Anchorage,AK
A00008343,Howard Grassi,34,N,Y,7,MI,Bachelor,Mortgage,Louisville,KY
A00000932,Ronald Doane,28,Y,Y,7,MI,Bachelor,Rent,Woodbury,VT
A00006393,John Ellis,45,Y,Y,4,MI,Bachelor,Rent,Anchorage,AK
A00002252,Eugene Brown,60,N,Y,7,HI,College,Mortgage,Fayetteville,AR
A00009531,Bryan Mcphearson,60,Y,Y,4,MI,High School,Mortgage,Severn,MD
A00002542,Lisa Mcmurray,32,N,N,4,LI,Bachelor,Own,Nashville,TN
A00004476,Julie Zamora,62,Y,Y,4,HI,PhD,Own,Glendale,AZ
A00006373,Charles Paxton,43,N,Y,2,MI,High School,Rent,Goodlettsville,TN
A00005353,Michelle Malone,41,Y,Y,6,LI,High School,Mortgage,Fayetteville,AR
A00004993,Misty Tagaban,64,Y,Y,4,MI,Bachelor,Mortgage,Oakland,CA
A00008243,Vernon Lowe,29,Y,Y,2,HI,Bachelor,Own,Golden,CO
A00001113,James Marriot,46,N,Y,2,MI,Bachelor,Rent,Fremont,CA
A00006905,James Broughton,44,N,Y,6,HI,Bachelor,Own,Washington,DC
A00004798,Erma Martin,32,Y,Y,4,MI,College,Rent,Orange,CA
A00001602,Eda Cox,27,Y,Y,3,MI,High School,Own,Nashville,TN
A00002316,Roland Gilmore,49,N,Y,2,LI,Bachelor,Mortgage,Arvada,CO
A00007125,Raymond Butler,62,Y,Y,2,MI,NA,Own,Fremont,CA
A00006576,Helene Robinson,28,Y,Y,6,HI,Bachelor,Mortgage,Fayetteville,AR
A00006528,Tori Mcbride,31,Y,Y,4,LI,High School,Rent,Wheelock,VT
A00007305,Sean Billotte,60,N,Y,2,HI,Masters,Rent,Savannah,GA
A00006048,Betty Jones,44,Y,Y,5,MI,PhD,Rent,Washington,DC
A00000029,Bessie Lee,60,Y,Y,2,MI,Bachelor,Mortgage,Manchester,CT
A00001800,Ron Haycook,50,Y,Y,2,HI,Bachelor,Mortgage,,VT
A00005389,Johnny Bledsoe,64,Y,Y,4,HI,High School,Own,Anchorage,AK
A00007875,Phylis Ness,54,Y,Y,2,MI,MD,Mortgage,Anchorage,AK
A00001058,Bobby Underwood,46,N,Y,3,LI,College,Own,Manchester,CT
A00003233,Tracy Smith,61,Y,Y,7,MI,Bachelor,Rent,Manchester,CT
A00000509,William Xiong,35,Y,Y,4,LI,Bachelor,Rent,Nashville,TN
A00008014,Beverly Gibson,37,N,Y,7,MI,College,Rent,Fayetteville,AR
A00003348,Patsy Cantu,30,Y,Y,5,MI,High School,Own,Hayward,CA
A00002527,Lorena Ramirez,52,Y,Y,4,LI,High School,Rent,Fayetteville,AR
A00007937,Larry Labarge,51,Y,Y,3,MI,College,Rent,Savannah,GA
A00001037,Eric Riveroll,60,Y,Y,7,LI,Masters,Mortgage,Orange,CA
A00000352,Philip Wier,32,Y,Y,3,HI,Masters,Own,Montgomery,AL
A00001566,Kenneth Swindell,59,Y,Y,2,MI,College,Mortgage,Nashville,TN
A00007133,Don Cooper,50,Y,Y,3,HI,NA,Rent,Montgomery,AL
A00003274,Shawn Brown,59,Y,Y,5,LI,College,Rent,Washington,DC
A00006949,Sara Felten,33,Y,Y,6,MI,Bachelor,Mortgage,Oakland,CA
A00002672,Raymond Brock,45,Y,Y,7,MI,Bachelor,Mortgage,Panama City Beach,FL
A00008428,Amy Sinclair,32,Y,Y,4,MI,Bachelor,Own,Washington,DC
A00000541,Mary Dotson,28,Y,Y,7,MI,Bachelor,Rent,Montgomery,AL
A00000521,Hope Pereira,46,Y,Y,4,MI,Bachelor,Rent,Fayetteville,AR
A00003255,Dorothy Coca,63,Y,Y,4,LI,NA,Mortgage,Franklin,VT
A00007101,Leslie Hurst,39,Y,Y,2,LI,High School,Mortgage,Anchorage,AK
A00007699,Steve Smith,28,N,Y,6,LI,Bachelor,Rent,Burlington,VT
A00002933,Andrea Rivera,63,Y,Y,6,MI,MD,Rent,Pooler,GA
A00006320,Diane Fairley,53,Y,Y,6,MI,PhD,Own,Barnard,VT
A00002587,Roxanne Chiarini,44,Y,Y,3,MI,Bachelor,Own,Livermore,CA
A00008447,Hal Perdue,40,Y,Y,2,HI,PhD,Mortgage,Severn,MD
A00005281,Jose Dowst,41,Y,Y,2,MI,Bachelor,Mortgage,Nashville,TN
A00003708,Marilyn Stevens,49,Y,Y,2,MI,Masters,Rent,Savannah,GA
A00008451,Manuel Bradbury,44,N,N,2,LI,High School,Own,Louisville,KY
A00008924,William Johnson,33,Y,Y,2,MI,Bachelor,Mortgage,Panama City,FL
A00008069,Roy Tedford,29,Y,Y,5,HI,High School,Own,Odenton,MD
A00002393,Katherine Dunn,27,Y,Y,7,HI,Bachelor,Own,Savannah,GA
A00001794,Louise Arredondo,29,Y,Y,3,HI,Bachelor,Mortgage,Anchorage,AK
A00003773,Michelle Delong,45,N,Y,6,HI,College,Rent,Savannah,GA
A00001148,Jorge Anderson,47,Y,Y,2,HI,High School,Rent,Louisville,KY
A00004611,Daniel Conklin,38,Y,Y,4,HI,Bachelor,Rent,Berkeley,CA
A00006343,Melissa Gonzalez,64,Y,Y,5,MI,MD,Rent,Nashville,TN
A00001993,Carol Ginsberg,47,Y,Y,4,LI,Masters,Own,Danville,VT
A00002774,Diane Ashford,29,Y,Y,4,LI,Bachelor,Mortgage,Waltham,MA
A00002721,Gary Green,51,Y,Y,7,MI,Bachelor,Own,Louisville,KY
A00008674,Blanche Roberson,42,N,Y,6,HI,NA,Mortgage,Gambrills,MD
A00003616,Scott Cole,44,Y,Y,5,MI,High School,Rent,Sutter Creek,CA
A00002488,Carol Rivas,57,Y,N,7,HI,Bachelor,Mortgage,Linthicum Heights,MD
A00005900,Judith Lopez,29,Y,Y,3,LI,High School,Rent,Arvada,CO
A00002941,James Sindelar,46,N,Y,2,HI,Bachelor,Mortgage,Pasadena,MD
A00002078,Justin Davis,25,Y,Y,5,HI,Masters,Own,Garden City,GA
A00006829,Dominick Smith,50,Y,Y,4,MI,College,Rent,Nashville,TN
A00004820,Henry Gardner,60,Y,N,5,HI,High School,Rent,Panama City Beach,FL
A00001670,Peter Clark,33,N,Y,7,MI,High School,Own,Savannah,GA
A00006000,Rachel Whittaker,50,Y,Y,3,LI,PhD,Mortgage,Panama City,FL
A00009508,Melvin Newlon,43,N,Y,2,LI,MD,Rent,Burlington,VT
A00000227,Nancy Peterson,31,Y,Y,3,MI,Bachelor,Rent,Fayetteville,AR
A00001214,Mohammad Bloom,25,Y,Y,6,HI,High School,Own,Bakersfield,CA
A00002601,Amy Malone,61,Y,Y,7,MI,Bachelor,Own,Fayetteville,AR
A00002598,Juan Wenthold,44,Y,Y,2,MI,Bachelor,Own,Washington,DC
A00002956,Laverne Gross,42,Y,Y,6,MI,High School,Mortgage,Nashville,TN
A00000211,Bill Kwok,49,Y,Y,4,LI,Bachelor,Mortgage,Fremont,CA
A00007905,Jessica Dawkins,29,N,Y,6,MI,High School,Own,Sun City Center,FL
A00009658,David Peterson,60,Y,Y,6,MI,College,Own,Santa Rosa,CA
A00000274,Greg Davis,58,N,Y,2,HI,Bachelor,Rent,Oakland,CA
A00005184,James Mckenzie,29,N,Y,3,MI,Bachelor,Own,Fort Collins,CO
A00000586,Christie Cann,28,N,Y,5,LI,College,Rent,Savannah,GA
A00006925,Alexander Shelby,36,Y,Y,6,MI,PhD,Rent,Carson,CA
A00007622,George Hutt,55,Y,Y,4,MI,MD,Own,Arvada,CO
A00007525,Robert Holder,29,Y,Y,6,MI,Bachelor,Mortgage,Glendale,AZ
A00004103,Terry Lohr,34,N,Y,4,MI,High School,Own,Oklahoma City,OK
A00007329,Eliza Hall,59,Y,Y,2,MI,Bachelor,Mortgage,Louisville,KY
A00001122,Lakisha Reis,57,Y,Y,2,LI,High School,Mortgage,Arvada,CO
A00009956,Maribel Pratt,52,Y,Y,6,LI,NA,Mortgage,Montgomery,AL
A00000692,Salvatore Bertolini,31,Y,Y,7,LI,Bachelor,Rent,Washington,DC
A00001821,Trisha Gomez,64,N,Y,4,HI,Bachelor,Own,Manchester,CT
A00005985,Timothy Williams,34,Y,Y,3,MI,Masters,Mortgage,Oklahoma City,OK
A00006461,Charles Jones,32,Y,Y,3,MI,High School,Own,Panama City,FL
A00005168,James Thurgood,33,Y,Y,2,MI,Bachelor,Mortgage,Glen Burnie,MD
A00004626,Jon Nobles,26,Y,Y,2,MI,NA,Mortgage,Fayetteville,AR
A00000530,Dorothy Henson,39,Y,Y,6,LI,High School,Rent,Montgomery,AL
A00005590,Christie Anderson,43,Y,Y,4,HI,Bachelor,Own,Washington,DC
A00002427,Sabrina Campos,64,Y,Y,4,LI,College,Own,Panama City,FL
A00008552,Todd Watson,61,Y,Y,6,MI,College,Own,Davidsonville,MD
A00001099,Bette Teague,34,Y,Y,2,HI,Masters,Own,Manchester,CT
A00004360,Michael Hayes,58,N,Y,7,LI,NA,Own,Hayward,CA
A00002440,John Starr,49,Y,Y,6,MI,NA,Rent,Anchorage,AK
A00003201,Samantha Young,44,Y,Y,7,MI,Masters,Rent,Nashville,TN
A00008758,David Peoples,49,Y,Y,3,LI,Bachelor,Mortgage,Anchorage,AK
A00007347,Elizabeth Ferrell,34,Y,N,2,HI,NA,Own,Tybee Island,GA
A00008776,Melanie Richardson,43,Y,N,3,HI,Bachelor,Mortgage,Washington,DC
A00009932,Charles Hernandez,62,Y,Y,6,HI,Bachelor,Mortgage,Glendale,AZ
A00002054,Kathryn Blumenstock,63,Y,Y,6,MI,Bachelor,Mortgage,Nashville,TN
A00009325,Donna Ivey,31,N,Y,5,MI,Masters,Rent,Washington,DC
A00009792,Avery Nicholson,33,Y,Y,4,LI,College,Mortgage,Orange,CA
A00006367,Daniel Born,32,Y,Y,3,LI,Bachelor,Mortgage,Annapolis,MD
A00002978,Mary Todd,45,N,Y,4,MI,MD,Mortgage,Manchester,CT
A00006834,Bryan Barbour,62,Y,N,3,LI,High School,Rent,Washington,DC
A00004584,Thomas Conlisk,50,Y,Y,4,MI,MD,Own,Fayetteville,AR
A00005845,Karen Clark,40,N,Y,4,HI,Bachelor,Mortgage,Agawam,MA
A00006457,Gloria Mahn,41,Y,Y,7,LI,High School,Rent,Grand Junction,CO
A00004884,Paige Barrett,26,Y,Y,3,MI,High School,Mortgage,Nashville,TN
A00003483,Terrie Orbin,52,Y,Y,3,LI,Bachelor,Own,Panama City,FL
A00003713,James Hatfield,28,Y,Y,6,LI,Bachelor,Own,Oklahoma City,OK
A00000585,Queen Arriaga,54,N,Y,2,HI,High School,Own,Panama City,FL
A00004353,Debra Biedrzycki,32,Y,Y,6,MI,Bachelor,Rent,Brentwood,TN
A00000815,Everett Smudrick,31,Y,Y,4,HI,Bachelor,Rent,Glendale,AZ
A00009467,Raymond Morris,46,N,Y,7,LI,High School,Rent,Fayetteville,AR
A00007864,Dixie Ramlall,52,Y,Y,7,HI,Bachelor,Mortgage,Pasadena,MD
A00007482,Bobbie Hite,53,Y,Y,7,MI,Bachelor,Rent,Pasadena,MD
A00009540,Kathleen Medders,46,Y,Y,5,MI,High School,Own,Fayetteville,AR
A00005559,Tim Wagner,26,Y,Y,7,MI,NA,Mortgage,East Longmeadow,MA
A00005369,Audrey Leon,64,Y,Y,5,MI,High School,Rent,Louisville,KY
A00002982,John Montoya,64,Y,Y,4,HI,College,Mortgage,Arvada,CO
A00001935,Marion Baker,45,Y,Y,6,MI,High School,Rent,Fayetteville,AR
A00006891,Joshua Goodman,41,Y,Y,6,MI,Bachelor,Mortgage,Washington,DC
A00006964,Courtney Hodges,44,Y,Y,6,LI,MD,Mortgage,Washington,DC
A00004928,Georgia Seel,44,Y,Y,2,HI,Bachelor,Own,Oklahoma City,OK
A00005979,Mark Casale,52,Y,Y,6,LI,Bachelor,Own,Berkeley,CA
A00009180,Thomas Fuhrman,32,Y,Y,4,MI,High School,Mortgage,Louisville,KY
A00008872,Johnson Bradway,52,Y,Y,5,MI,Bachelor,Own,Somerville,MA
A00002678,Jolanda Gaier,29,Y,Y,3,HI,Masters,Own,Washington,DC
A00009796,Jeffrey Salafia,56,Y,Y,2,MI,High School,Mortgage,Washington,DC
A00003449,Elaine Villalobos,26,Y,Y,7,MI,Bachelor,Mortgage,Panama City,FL
A00003634,Earl Rosen,39,Y,Y,5,HI,Masters,Own,Panama City,FL
A00003179,Lena Daly,61,N,Y,2,LI,Bachelor,Mortgage,Washington,DC
A00001558,Helen Brown,37,Y,Y,4,HI,High School,Mortgage,Washington,DC
A00006409,Rex Smith,50,Y,Y,7,MI,PhD,Mortgage,Savannah,GA
A00009813,Joel Green,56,Y,Y,4,MI,Bachelor,Rent,Louisville,KY
A00007332,Mary Smith,59,N,Y,7,HI,College,Rent,Lynn Haven,FL
A00009365,Jill Moore,59,Y,Y,3,HI,High School,Rent,Del City,OK
A00003163,Simon Crissler,30,N,Y,4,LI,MD,Own,Louisville,KY
A00002765,Liza Thompson,25,Y,Y,3,MI,PhD,Mortgage,Arvada,CO
A00008795,Ashley Holloway,42,N,N,4,LI,Bachelor,Own,Washington,DC
A00008496,Kathleen Wong,28,Y,Y,2,HI,High School,Mortgage,Norman,OK
A00000275,Joan Alford,28,N,Y,2,LI,NA,Own,Panama City Beach,FL
A00007280,Charles Crasco,62,Y,Y,6,HI,Bachelor,Rent,Brooklyn Park,MD
A00009280,Shelley Rivera,29,N,Y,3,LI,NA,Rent,Homer,AK
A00005655,Daryl Sams,47,Y,Y,4,LI,NA,Rent,Glen Burnie,MD
A00004136,Marc Tello,36,Y,Y,5,MI,Bachelor,Mortgage,Savannah,GA
A00003974,Frieda Winkler,25,N,Y,4,MI,College,Mortgage,Baltimore,MD
A00003836,Tony Gandara,41,Y,Y,2,MI,College,Rent,Youngstown,FL
A00008347,Jerome Shelley,58,Y,Y,7,MI,MD,Rent,Athol,MA
A00005081,Earl Attebery,52,Y,Y,2,LI,Bachelor,Own,Panama City,FL
A00009241,Erin Vang,39,Y,Y,6,MI,College,Own,Savannah,GA
A00003577,Sylvester Byrd,49,Y,Y,7,MI,High School,Mortgage,Edmond,OK
A00006045,Taylor Mitchell,40,Y,Y,6,LI,College,Mortgage,Nashville,TN
A00009393,Ramona Shaver,55,N,Y,3,LI,Bachelor,Own,Anchorage,AK
A00008784,Katherine Matto,32,Y,Y,5,MI,Masters,Mortgage,Edmond,OK
A00003549,Martin Gant,51,Y,Y,7,MI,High School,Mortgage,Berkeley,CA
A00003750,Rhonda Gonzalez,31,Y,Y,3,HI,Bachelor,Mortgage,Anchorage,AK
A00002283,Dean Weiss,36,Y,Y,7,MI,Bachelor,Own,Savannah,GA
A00003848,Philip Shields,60,Y,Y,3,HI,Bachelor,Rent,Glendale,AZ
A00002443,Byron Cannon,46,Y,Y,3,MI,NA,Own,Panama City,FL
A00003465,Nina Flores,54,Y,Y,6,MI,Bachelor,Own,Washington,DC
A00001642,Misty Oshiro,41,Y,Y,2,LI,College,Mortgage,Washington,DC
A00002204,Norma Shephard,35,N,Y,5,MI,Masters,Rent,Montgomery,AL
A00003716,Augusta Sartoris,59,Y,Y,2,MI,Bachelor,Mortgage,Glendale,AZ
A00000547,Jody Duncan,38,Y,Y,2,HI,Bachelor,Mortgage,Fayetteville,AR
A00000094,Glenda Brown,57,Y,Y,3,MI,Masters,Rent,Hayward,CA
A00009445,Wesley Bunting,52,Y,Y,6,MI,Masters,Mortgage,Gardner,MA
A00003196,Joyce Perry,63,N,Y,2,LI,Bachelor,Mortgage,Barre,VT
A00008484,Michele Rivera,34,N,Y,7,LI,High School,Mortgage,Edmond,OK
A00001219,Rex Harris,48,Y,Y,7,LI,Bachelor,Own,Manchester,CT
A00004411,Walter Perry,43,Y,Y,3,MI,College,Rent,Savannah,GA
A00007884,Rhonda Arnold,26,N,Y,7,LI,Masters,Rent,San Leandro,CA
A00009145,Beatrice Fields,29,Y,Y,2,HI,MD,Mortgage,Dartmouth,MA
A00003235,Jerome Mitchell,43,Y,Y,5,LI,High School,Mortgage,Deale,MD
A00001091,John Christopherso,46,Y,Y,4,MI,Bachelor,Own,Lynn Haven,FL
A00000237,Anna Larocco,41,N,Y,6,MI,Masters,Own,Tybee Island,GA
A00004819,Mack Parra,48,N,Y,2,MI,College,Own,Anchorage,AK
A00008880,Terri Krock,56,N,Y,3,LI,MD,Mortgage,Savannah,GA
A00000703,Deonna Tumbleson,40,Y,N,6,HI,High School,Own,Washington,DC
A00004588,Jason Jefferson,60,Y,Y,5,MI,Masters,Rent,Washington,DC
A00001496,Danielle Mancilla,32,N,Y,4,HI,Bachelor,Mortgage,Louisville,KY
A00008927,Brianna Clark,49,Y,Y,6,LI,Bachelor,Rent,Annapolis,MD
A00002251,Stephen Baptiste,30,Y,Y,3,MI,College,Rent,Louisville,KY
A00007816,Robert Weitzel,36,Y,Y,3,LI,Bachelor,Own,Arvada,CO
A00005391,Melba Clem,39,Y,Y,6,MI,Masters,Rent,Oklahoma City,OK
A00005383,David Johnson,56,N,Y,7,LI,Masters,Own,Castro Valley,CA
A00003845,Jose Black,47,N,Y,4,MI,PhD,Own,Nashville,TN
A00005412,Johnny Rodriguez,64,Y,Y,4,HI,Bachelor,Mortgage,Arvada,CO
A00007207,Dean Hardy,59,Y,Y,2,HI,Bachelor,Mortgage,Aspen,CO
A00003609,Bryon Rodriguez,51,N,Y,4,LI,Bachelor,Mortgage,Glendale,AZ
A00000092,Jerry Huffman,60,Y,Y,5,MI,Bachelor,Own,Thunderbolt,GA
A00006549,Debbie German,54,Y,Y,4,HI,High School,Rent,Nashville,TN
A00004002,Aaron Mcgrath,30,Y,Y,7,HI,Bachelor,Mortgage,Marshfield,MA
A00003513,Diana Kiser,60,N,Y,2,LI,Bachelor,Mortgage,Manchester,CT
A00000584,Ruth Boman,58,Y,Y,5,MI,Bachelor,Own,Fayetteville,AR
A00000186,Trista Spell,31,Y,Y,7,MI,High School,Rent,Washington,DC
A00008693,Harry Suriel,33,Y,Y,3,HI,MD,Mortgage,Annapolis,MD
A00006742,Caleb Tolliver,25,N,Y,3,MI,High School,Own,Glendale,AZ
A00003948,David Boyce,47,N,Y,5,MI,Bachelor,Mortgage,Montgomery,AL
A00005801,Virgil Neufeld,35,Y,Y,2,LI,NA,Own,Washington,DC
A00005647,John Smith,53,Y,N,3,LI,Bachelor,Rent,Glen Burnie,MD
A00007671,Michael Martinez,25,Y,Y,4,HI,High School,Mortgage,Nashville,TN
A00005902,Barry Janick,54,N,Y,2,MI,Bachelor,Mortgage,Severna Park,MD
A00008603,David Malone,34,N,Y,5,MI,Masters,Mortgage,Berkeley,CA
A00008420,Tony Macpherson,27,N,N,7,HI,MD,Rent,Washington,DC
A00003306,Sandra Long,62,Y,N,6,LI,Masters,Own,Anchorage,AK
A00006517,Clara Dean,50,Y,Y,2,LI,College,Rent,Truckee,CA
A00001106,Debbie Mora,40,Y,N,7,MI,Bachelor,Rent,Moore,OK
A00005128,George Bouton,56,N,Y,6,LI,Bachelor,Rent,Washington,DC
A00002813,Terry Casas,55,Y,Y,4,LI,Bachelor,Own,Washington,DC
A00008453,William Settle,57,N,Y,5,MI,Bachelor,Mortgage,Manchester,CT
A00000821,Jeremy Collin,52,Y,Y,4,HI,College,Mortgage,Washington,DC
A00007574,Laura Lorge,63,Y,Y,6,MI,Bachelor,Own,Washington,DC
A00005095,Ramon Hines,55,Y,Y,5,MI,Bachelor,Own,Nashville,TN
A00001453,Johnny Jackson,38,Y,Y,4,MI,Bachelor,Rent,Arvada,CO
A00006566,Steven Jordan,30,Y,Y,6,MI,Bachelor,Rent,Woodford,VT
A00008423,Anna Markarian,60,N,Y,2,LI,Bachelor,Rent,Ardmore,OK
A00002913,Brenda Clark,46,N,Y,6,MI,Bachelor,Rent,Fayetteville,AR
A00001167,Robert Davis,55,Y,Y,6,MI,Masters,Rent,Panama City Beach,FL
A00005347,Raquel Howe,41,Y,Y,5,HI,College,Own,Ardmore,OK
A00007758,Melvin Dale,44,Y,Y,4,HI,NA,Mortgage,South Burlington,VT
A00002767,Sandra Lambert,63,N,Y,5,MI,MD,Rent,Quincy,MA
A00001823,Brooke Cornelius,30,Y,Y,3,HI,Bachelor,Rent,San Diego,CA
A00001918,James Glover,52,N,Y,4,MI,High School,Rent,Montgomery,AL
A00000088,Ernest Tibbets,37,N,Y,4,MI,Bachelor,Own,,VT
A00005724,Richard Mincks,26,N,Y,7,MI,NA,Own,Anchorage,AK
A00000550,Teresa Coddington,53,N,Y,4,LI,MD,Rent,Louisville,KY
A00004557,Carmen Bacon,32,Y,Y,3,HI,High School,Own,Glen Burnie,MD
A00007285,Donna Tramonte,55,Y,Y,6,MI,High School,Own,McKinleyville,CA
A00009616,Margaret Young,28,Y,N,3,HI,College,Rent,Riva,MD
A00000320,Glenn Hickman,34,N,Y,7,MI,High School,Rent,Arvada,CO
A00004539,Dora Hogen,40,Y,Y,5,MI,High School,Rent,Montgomery,AL
A00000174,Vicki Kueny,27,Y,Y,2,LI,Bachelor,Rent,Livermore,CA
A00000384,Iris Patton,45,Y,Y,2,MI,Bachelor,Rent,Nashville,TN
A00000362,Pat Brooks,28,Y,Y,7,LI,Bachelor,Own,Panama City,FL
A00001525,Charles Pidro,31,Y,Y,3,MI,Bachelor,Rent,Oklahoma City,OK
A00008083,Edwin Speer,34,N,Y,7,MI,Bachelor,Rent,Savannah,GA
A00000734,George Phillips,41,Y,Y,5,MI,MD,Rent,Youngstown,FL
A00001890,Patricia Stephens,51,Y,Y,3,HI,Masters,Own,Melbourne Beach,FL
A00008481,Sarah Nerbonne,25,N,Y,2,MI,Masters,Rent,Montgomery,AL
A00009756,Nicole Donahue,27,Y,Y,3,MI,Bachelor,Rent,Nashville,TN
A00009501,Melissa Andrews,29,Y,Y,7,MI,Bachelor,Mortgage,Norman,OK
A00008761,Virgina Sherrod,59,Y,Y,2,LI,Bachelor,Mortgage,Arvada,CO
A00005611,Aaron Pettit,30,Y,Y,7,LI,High School,Mortgage,Anchorage,AK
A00008511,Juliet Martin,34,Y,Y,6,HI,Bachelor,Mortgage,Arvada,CO
A00003387,Shirley Acosta,40,Y,Y,2,LI,High School,Mortgage,Colchester,VT
A00005339,Frank Ingram,47,N,Y,4,LI,Bachelor,Rent,Salem,MA
A00002890,Mauricio Waynick,53,Y,N,2,HI,High School,Own,Glen Burnie,MD
A00000205,Mindy Ohler,25,Y,Y,3,MI,NA,Mortgage,Fayetteville,AR
A00002504,Peter Leahy,45,N,Y,6,MI,High School,Own,Severna Park,MD
A00003524,Christy Speight,31,Y,Y,6,MI,Bachelor,Rent,Washington,DC
A00000523,Jackie Roth,52,Y,Y,7,MI,Bachelor,Mortgage,Louisville,KY
A00006990,Lacey Buck,45,Y,Y,5,LI,NA,Own,Washington,DC
A00000980,Thomas Ovellette,39,N,Y,3,MI,High School,Rent,Fayetteville,AR
A00000389,Douglas Guarnera,48,Y,Y,2,MI,Masters,Mortgage,Mammoth Lakes,CA
A00006564,Vicki Orcutt,57,Y,Y,6,LI,Bachelor,Own,Peoria,AZ
A00004898,David Bourne,64,Y,N,5,MI,MD,Mortgage,Fayetteville,AR
A00007298,Jason Beckers,46,N,Y,6,MI,College,Own,Glendale,AZ
A00007356,Lucia Armstrong,42,Y,Y,6,LI,Bachelor,Own,Montgomery,AL
A00007703,Lisa Tillman,30,Y,Y,7,MI,High School,Mortgage,Anchorage,AK
A00009984,Judy Wyche,60,Y,Y,4,MI,NA,Mortgage,Glendale,AZ
A00000685,Lanny Graham,63,N,Y,3,MI,Bachelor,Mortgage,Oakland,CA
A00007653,Mark Walker,41,Y,Y,4,HI,High School,Mortgage,Louisville,KY
A00009271,Natasha Archuleta,28,Y,Y,4,HI,High School,Own,Glendale,AZ
A00008760,Beatrice Jurado,50,Y,N,3,MI,Bachelor,Own,Savannah,GA
A00007457,Donald Kennedy,52,N,Y,4,MI,Bachelor,Mortgage,Barre,VT
A00001007,Ruth Oliver,57,N,Y,7,LI,High School,Rent,Severna Park,MD
A00007868,Terrence Perez,64,N,Y,6,LI,High School,Rent,Nashville,TN
A00007996,Charity Blaine,27,Y,Y,7,MI,High School,Rent,Washington,DC
A00001296,Carla Little,28,N,Y,3,MI,Bachelor,Rent,Washington,DC
A00001838,Pearl Davis,57,Y,Y,3,LI,NA,Mortgage,Oklahoma City,OK
A00005370,Wanda Rodriguez,58,Y,N,7,LI,Bachelor,Own,Anchorage,AK
A00000997,Daniel Rynearson,57,Y,N,4,MI,NA,Own,Savannah,GA
A00000400,Rosie Milburn,60,Y,Y,3,HI,Bachelor,Mortgage,Arnold,MD
A00006592,Paul Salas,26,N,Y,6,LI,NA,Mortgage,Washington,DC
A00008150,Juanita Jovich,28,Y,Y,7,MI,Bachelor,Own,Livermore,CA
A00009485,Joe Reid,56,Y,Y,4,MI,High School,Mortgage,Manchester,CT
A00001664,Paul Payne,61,N,Y,7,MI,Bachelor,Own,Montgomery,AL
A00008853,Carol Garrison,39,Y,Y,4,LI,Bachelor,Rent,Gloucester,MA
A00004573,Shelly Tyrrell,38,Y,Y,3,HI,Bachelor,Rent,Fayetteville,AR
A00006945,Brian Bailey,63,Y,Y,5,MI,Bachelor,Mortgage,Washington,DC
A00003309,Keith Tucker,55,Y,Y,5,HI,High School,Own,Anchorage,AK
A00006102,Heather Bond,49,Y,Y,3,LI,Bachelor,Rent,Manchester,CT
A00001731,Paula Roberts,41,Y,Y,6,MI,Bachelor,Mortgage,Livermore,CA
A00004069,Simone Hanchett,33,N,Y,3,MI,PhD,Mortgage,Washington,DC
A00009781,Frank Richie,48,Y,Y,3,MI,Bachelor,Mortgage,Panama City Beach,FL
A00007174,Stephen Lee,25,Y,Y,7,MI,Bachelor,Mortgage,Carson,CA
A00009313,Darryl Lewis,41,Y,Y,6,LI,Masters,Rent,Washington,DC
A00002829,Erica Calkins,56,Y,Y,4,LI,High School,Mortgage,Panama City Beach,FL
A00001000,Ronald Mccann,48,N,Y,3,LI,High School,Mortgage,Waltham,MA
A00000579,Kerri Jimenez,62,Y,Y,3,HI,Bachelor,Own,Brookline,MA
A00009420,Keli Ward,33,Y,Y,7,MI,Bachelor,Rent,Louisville,KY
A00009913,Lloyd Bidwell,41,Y,Y,3,LI,Bachelor,Own,Readsboro,VT
A00006840,Lourdes Hesser,27,Y,Y,4,MI,NA,Rent,Washington,DC
A00004889,Thomas Jackson,48,N,Y,7,MI,Bachelor,Own,Louisville,KY
A00001608,Vincent Hopkins,36,Y,Y,2,HI,Bachelor,Rent,Hartland,VT
A00008807,Beulah Goodrich,59,N,Y,2,HI,Bachelor,Mortgage,Nashville,TN
A00003657,Jerome Favela,25,N,Y,7,HI,MD,Rent,Arvada,CO
A00007927,Velma Boehle,57,Y,Y,2,LI,Bachelor,Mortgage,Washington,DC
A00009974,John Vail,25,Y,Y,7,MI,Bachelor,Mortgage,Kenai,AK
A00008734,Laura Goggins,34,Y,Y,3,MI,College,Mortgage,Anchorage,AK
A00007124,Jennifer Moran,36,Y,N,4,MI,High School,Mortgage,Norman,OK
A00007417,Florence Matias,47,N,Y,3,HI,Masters,Mortgage,Glen Burnie,MD
A00004305,Reggie Banderas,64,Y,N,5,LI,High School,Mortgage,Annapolis,MD
A00008422,Dorothy Wynn,49,Y,Y,5,MI,Bachelor,Rent,Savannah,GA
A00006720,Elton Fernandez,39,Y,Y,4,MI,Bachelor,Mortgage,Goodlettsville,TN
A00004687,Brian Keith,46,Y,Y,4,MI,Bachelor,Mortgage,Washington,DC
A00009387,Robert Smith,37,Y,Y,2,MI,High School,Own,Louisville,KY
A00008284,Kevin Sowinski,32,N,Y,4,HI,Bachelor,Rent,Anchorage,AK
A00002449,George Cruz,40,N,Y,2,MI,High School,Mortgage,Fayetteville,AR
A00003958,Betty Humpherys,30,Y,Y,5,LI,Bachelor,Rent,Oklahoma City,OK
A00003728,Thomas Boozer,59,Y,Y,6,LI,Masters,Own,Arvada,CO
A00009059,Ralph Michael,29,Y,Y,4,LI,High School,Mortgage,Montgomery,AL
A00001276,Bessie Rusin,58,Y,Y,6,LI,Bachelor,Mortgage,Montgomery,AL
A00005634,Lauren Smith,41,Y,Y,6,MI,Bachelor,Mortgage,Oklahoma City,OK
A00007180,Max Jackson,60,N,Y,5,MI,Bachelor,Mortgage,Redding,CA
A00007674,Tyler Fontenot,55,Y,Y,7,LI,High School,Mortgage,Savannah,GA
A00006032,Lenny Bostrom,61,N,Y,4,MI,Bachelor,Mortgage,Fayetteville,AR
A00004901,Carl Medcalf,26,Y,Y,3,HI,Bachelor,Mortgage,Glendale,AZ
A00005409,Charles Raleigh,36,N,Y,5,MI,High School,Own,Louisville,KY
A00007345,Christopher Yoo,27,N,Y,5,MI,Bachelor,Mortgage,Glendale,AZ
A00000232,Robert Swoope,42,N,Y,7,HI,Bachelor,Rent,Savannah,GA
A00003468,Barry Williams,56,Y,Y,6,LI,Bachelor,Own,Arvada,CO
A00007984,Jane Hopkins,64,Y,Y,3,MI,Masters,Own,Arvada,CO
A00007188,Peter Hampton,53,Y,Y,2,LI,Bachelor,Own,Glendale,AZ
A00007685,Brent Manjarrez,54,Y,Y,2,MI,College,Own,,VT
A00007807,Lillian Stone,30,Y,Y,7,HI,College,Own,Port Charlotte,FL
A00000736,Maurice Ortiz,56,Y,Y,5,HI,Bachelor,Mortgage,Louisville,KY
A00002855,Laura Donnell,43,N,Y,7,HI,Masters,Mortgage,Mexico Beach,FL
A00008526,Brittney Huffman,25,Y,Y,7,HI,High School,Mortgage,Baldwin Park,CA
A00002718,Timothy Briggs,49,N,Y,3,LI,High School,Rent,Hinesburg,VT
A00005600,Dwight Rider,31,Y,Y,6,LI,Bachelor,Mortgage,Glendale,AZ
A00001144,Amy Wilson,44,Y,Y,6,MI,High School,Own,Glendale,AZ
A00004877,Rebecca Myers,31,N,Y,3,LI,PhD,Own,Peoria,AZ
A00000140,William Torres,58,Y,N,3,LI,Bachelor,Rent,Manchester,CT
A00004363,Adam Schlater,62,Y,Y,5,LI,Masters,Mortgage,Arvada,CO
A00003796,Herbert Riggins,46,Y,Y,4,LI,Bachelor,Own,Panama City,FL
A00007737,Karen Edson,38,Y,Y,2,LI,High School,Own,Fremont,CA
A00004676,Judy Lindsey,48,Y,Y,4,LI,Bachelor,Own,Washington,DC
A00000157,Linda Barton,56,N,Y,2,LI,Masters,Own,Manchester,CT
A00002373,Judy Douglas,62,Y,Y,3,HI,College,Own,Washington,DC
A00001773,Joy Benitez,48,Y,Y,3,MI,Bachelor,Own,Westmore,VT
A00001061,Peter Smith,54,Y,Y,5,MI,High School,Rent,Pasadena,MD
A00004396,Paul Barrett,54,Y,Y,5,HI,Bachelor,Mortgage,Brentwood,TN
A00000090,Roy Boser,45,Y,Y,4,LI,Bachelor,Mortgage,Montgomery,AL
A00007602,Lois Jumper,62,N,Y,7,MI,Bachelor,Rent,Oakland,CA
A00000502,Tania Ocasio,60,N,Y,7,LI,High School,Rent,Nashville,TN
A00004409,Dennis Red,57,Y,Y,6,LI,Bachelor,Rent,Oklahoma City,OK
A00009632,Linda Murray,48,Y,Y,3,MI,High School,Own,Nashville,TN
A00009767,Mae Wood,64,Y,N,5,HI,Bachelor,Own,Oklahoma City,OK
A00008324,Lillie Bloom,36,Y,Y,3,MI,MD,Rent,Nashville,TN
A00000031,Mary Sherman,40,Y,Y,6,LI,MD,Rent,Louisville,KY
A00000128,Harold Fosmire,60,Y,Y,2,HI,PhD,Rent,Savannah,GA
A00006597,Mary Larkin,52,Y,Y,6,MI,High School,Own,Castleton,VT
A00007263,Jon Austin,59,Y,Y,7,MI,High School,Rent,Montgomery,AL
A00000117,Kathy Lyons,35,Y,Y,7,MI,High School,Mortgage,Union City,CA
A00007444,Jenette Root,50,Y,Y,5,HI,Bachelor,Mortgage,Panama City Beach,FL
A00000576,Patricia Darnell,36,Y,Y,3,LI,Masters,Rent,Glendale,AZ
A00001959,Barney Park,29,Y,N,7,MI,High School,Rent,Savannah,GA
A00006749,Patricia Fernandez,51,Y,Y,6,MI,College,Own,Glendale,AZ
A00004934,Joseph Allen,50,N,Y,7,LI,Bachelor,Own,Hayward,CA
A00005217,Robert Herrick,54,Y,Y,4,HI,High School,Rent,Anchorage,AK
A00007923,Micheal Reed,35,Y,N,7,LI,Bachelor,Rent,Nashville,TN
A00000629,Richard Barrio,58,N,Y,7,LI,PhD,Rent,Washington,DC
A00007328,Robin Strong,38,Y,N,6,LI,Bachelor,Mortgage,Nashville,TN
A00008095,Larue Villalobas,34,Y,Y,4,HI,Bachelor,Rent,Savannah,GA
A00000863,Monica Wilson,56,Y,Y,7,MI,Bachelor,Own,Manchester,CT
A00002471,Leah Biondolillo,57,N,Y,7,MI,High School,Rent,Washington,DC
A00008585,Don Yanez,62,Y,Y,6,MI,PhD,Rent,Washington,DC
A00001128,Sarah Cates,53,Y,Y,5,LI,MD,Mortgage,Montgomery,AL
A00004772,David Yokley,62,Y,Y,3,LI,Masters,Rent,Manchester,CT
A00001273,Renee Latch,47,Y,Y,3,LI,Bachelor,Mortgage,Easton,MA
A00008135,Sylvia Rigsby,53,Y,Y,5,HI,Bachelor,Own,Glendale,AZ
A00000659,Sandra Hail,64,Y,N,2,LI,High School,Own,Arvada,CO
A00002452,James Selley,28,Y,Y,5,MI,NA,Rent,Anchorage,AK
A00003070,Agnes Ramirez,47,N,Y,2,MI,Masters,Rent,Savannah,GA
A00006619,Flora Smith,52,N,Y,4,LI,Bachelor,Rent,Annapolis,MD
A00001064,Kristen Merkle,60,Y,Y,5,MI,Bachelor,Mortgage,Pooler,GA
A00000810,Nick Galindo,31,Y,Y,7,HI,Masters,Own,Southport,FL
A00003553,Michelle Post,54,Y,Y,7,MI,College,Mortgage,Nashville,TN
A00004617,John Gomez,43,Y,Y,6,MI,College,Mortgage,Glen Burnie,MD
A00003594,Jeffrey Brown,48,Y,Y,6,LI,High School,Own,Manchester,CT
A00006699,Theresa Wise,52,Y,Y,7,LI,NA,Rent,Washington,DC
A00007711,Dylan Dumire,43,N,Y,2,MI,College,Own,Nashville,TN
A00009156,Maryann Sutera,43,Y,Y,7,HI,Bachelor,Rent,Nashville,TN
A00001396,Leon Nichols,32,Y,Y,4,MI,MD,Own,Anchorage,AK
A00004805,Joseph Rogers,47,Y,Y,4,MI,Bachelor,Rent,Anchorage,AK
A00004799,Steven Austin,51,N,Y,6,MI,High School,Own,Anchorage,AK
A00000871,Irene Sturgeon,39,N,Y,7,LI,Bachelor,Rent,West Sacramento,CA
A00005477,Francesca Diaz,37,N,Y,4,LI,Bachelor,Own,Manchester,CT
A00003753,Sidney Koch,44,N,Y,2,HI,College,Mortgage,Manchester,CT
A00003651,James Richardson,33,Y,Y,3,LI,High School,Mortgage,Nashville,TN
A00006274,Emma Holcomb,37,Y,Y,6,MI,MD,Mortgage,Burlington,VT
A00001648,Alden Banks,47,Y,Y,5,MI,High School,Own,Cambridge,MA
A00005978,Silvia Stansberry,41,Y,Y,4,LI,MD,Own,Savannah,GA
A00001074,Christopher Austin,57,Y,Y,2,HI,NA,Mortgage,Manchester,CT
A00002698,Virginia Dowdle,42,N,Y,4,LI,High School,Own,Manchester,CT
A00003542,Samuel Martin,64,Y,Y,7,MI,MD,Rent,Odenton,MD
A00002526,Laura Stiles,35,Y,N,6,MI,PhD,Mortgage,Savannah,GA
A00006860,Michelle Prentiss,58,Y,N,3,LI,Bachelor,Mortgage,Pasadena,MD
A00007609,William Boisvert,61,Y,Y,6,MI,High School,Mortgage,Fayetteville,AR
A00003245,Elizabeth Moore,28,Y,Y,5,LI,High School,Mortgage,Baltimore,MD
A00000443,Cynthia Herbst,34,N,Y,6,HI,College,Own,Oklahoma City,OK
A00000988,Judith Lee,49,N,Y,2,MI,NA,Mortgage,Manchester,CT
A00001820,Steven Barber,47,Y,Y,5,LI,High School,Mortgage,Glendale,AZ
A00002458,Mary Clark,26,N,Y,5,HI,High School,Mortgage,Washington,DC
A00009480,Donald Cosby,55,Y,Y,7,LI,Bachelor,Rent,Union City,CA
A00005009,Matilda Brill,36,Y,Y,6,HI,Masters,Own,Manchester,CT
A00000725,Wayne Garrison,62,Y,Y,5,HI,Bachelor,Rent,Nashville,TN
A00000954,Kelly Dobbins,49,N,Y,7,MI,MD,Mortgage,Savannah,GA
A00005852,Richard Burg,47,Y,Y,6,LI,Bachelor,Mortgage,Edmond,OK
A00001891,Julian Osborne,34,Y,Y,2,MI,Bachelor,Mortgage,Livermore,CA
A00006356,Linda Willis,62,N,Y,4,MI,High School,Rent,Oklahoma City,OK
A00006340,Stacy Plummer,54,Y,N,4,LI,High School,Rent,Nashville,TN
A00008316,Julie Conway,26,Y,Y,5,MI,High School,Own,Hardwick,MA
A00007586,Tena Young,54,Y,Y,3,MI,Bachelor,Rent,Hesperia,CA
A00009496,Joseph Brown,52,N,Y,5,MI,Bachelor,Own,Nashville,TN
A00000750,Deann Palczynski,38,N,Y,6,MI,Bachelor,Own,Berkeley,CA
A00000341,Clyde Cohen,34,Y,Y,4,MI,High School,Mortgage,Port Charlotte,FL
A00002179,Curtis Mcadory,49,N,Y,7,MI,Masters,Mortgage,Anchorage,AK
A00006684,Robert Caples,25,N,Y,6,MI,Masters,Rent,Aurora,CO
A00009091,Franklin Rust,47,N,Y,7,LI,Masters,Own,Norman,OK
A00005592,Corey Elick,44,Y,Y,2,MI,Bachelor,Own,Waddell,AZ
A00001920,Patricia Hill,36,Y,Y,2,HI,Bachelor,Own,Oakland,CA
A00004646,Jim Ingram,55,Y,Y,7,HI,College,Mortgage,Fort Collins,CO
A00009929,Kenneth Crozier,63,Y,Y,2,HI,Bachelor,Rent,Manchester,CT
A00009837,Mary Flagge,41,N,Y,3,MI,Masters,Mortgage,Oklahoma City,OK
A00001578,John Sawyer,53,Y,Y,6,MI,Bachelor,Rent,Nashville,TN
A00006441,Raymond Leser,61,Y,Y,2,HI,College,Mortgage,Fremont,CA
A00000414,Mary Mcintyre,43,N,Y,6,HI,Masters,Mortgage,Panama City,FL
A00003202,Curtis Delacruz,41,Y,Y,7,MI,Bachelor,Mortgage,Cupertino,CA
A00005482,Kristine Zigler,43,Y,Y,3,LI,PhD,Own,Glendale,AZ
A00004183,Timmy Harris,51,Y,Y,6,MI,College,Rent,Glen Burnie,MD
A00002822,Olivia Salgado,48,N,Y,3,HI,NA,Mortgage,Arvada,CO
A00008736,Tracy Kendall,32,N,Y,4,LI,Bachelor,Mortgage,Cupertino,CA
A00004657,Jennifer Clark,46,N,Y,3,MI,Bachelor,Own,Panama City,FL
A00009270,Rosa Pargo,58,Y,Y,2,MI,Masters,Rent,Panama City,FL
A00005005,James Gillespie,55,Y,Y,2,MI,Bachelor,Mortgage,Nashville,TN
A00009343,Scott Lopez,28,N,Y,4,HI,MD,Rent,Manchester,CT
A00005751,Nereida Rosboril,32,Y,Y,2,HI,MD,Mortgage,Glendale,AZ
A00000642,Nicole Jeter,26,Y,Y,2,MI,High School,Rent,Anchorage,AK
A00003384,Pauline Miniard,63,Y,N,5,LI,PhD,Own,Arvada,CO
A00008227,Dion Campbell,30,Y,N,2,LI,High School,Mortgage,Dedham,MA
A00001516,Alicia Buchanan,57,Y,Y,6,MI,High School,Own,Panama City,FL
A00007108,Lisa Arnold,33,N,Y,7,MI,Masters,Own,Glendale,AZ
A00000404,Beverly Young,34,Y,Y,5,HI,Bachelor,Rent,Montgomery,AL
A00007059,Beth Couture,36,Y,Y,7,HI,College,Own,Manchester,CT
A00009766,Evan Novotny,48,N,Y,7,HI,Masters,Rent,Arvada,CO
A00004113,Cynthia Garcia,49,Y,Y,7,MI,High School,Mortgage,Woodland,CA
A00005520,Earl Kaman,46,Y,Y,6,HI,Bachelor,Own,Oklahoma City,OK
A00005623,Barbara Parsons,45,Y,Y,3,LI,High School,Rent,Nashville,TN
A00004764,Amanda Frazier,46,Y,Y,3,MI,Bachelor,Rent,Huntington,VT
A00002754,Oscar Bryant,57,N,Y,2,HI,High School,Rent,Anchorage,AK
A00008596,Eugene Tasler,49,Y,Y,4,MI,High School,Own,Arvada,CO
A00006726,Fred Whitehead,38,Y,Y,6,LI,Bachelor,Own,Arvada,CO
A00000030,Lee Hughes,49,N,N,4,HI,Bachelor,Rent,Glen Burnie,MD
A00001190,Donna Paro,32,N,Y,7,LI,College,Own,Louisville,KY
A00001575,Calvin Hernandez,32,Y,Y,7,LI,High School,Own,Union City,CA
A00000855,Amy Evans,52,N,Y,6,HI,College,Mortgage,Glen Burnie,MD
A00001722,Jason Gumina,61,Y,N,2,MI,Bachelor,Mortgage,Glendale,AZ
A00002356,Rocky Blum,43,Y,N,5,MI,Bachelor,Own,Montgomery,AL
A00001332,Boyd Paz,58,Y,Y,3,MI,Bachelor,Rent,Montgomery,AL
A00005937,Melissa Roberson,40,Y,Y,4,HI,PhD,Rent,Anchorage,AK
A00006797,Lauren Ramirez,39,N,Y,2,HI,Bachelor,Mortgage,Montgomery,AL
A00003798,Eva Roach,26,Y,Y,4,LI,Bachelor,Own,Glendale,AZ
A00008634,Michael House,56,Y,Y,2,MI,NA,Mortgage,Hardwick,MA
A00004474,Michael Johnson,40,Y,Y,6,HI,Bachelor,Mortgage,Huntington,VT
A00000113,Zachary Lowe,33,Y,Y,2,MI,College,Own,Anchorage,AK
A00005094,Iva Landreneau,62,Y,Y,6,HI,Masters,Own,Louisville,KY
A00001974,Marina Juarez,47,Y,Y,4,HI,Bachelor,Rent,Pasadena,MD
A00009184,Frances Cecot,33,Y,Y,4,HI,High School,Rent,Morro Bay,CA
A00000827,Hazel Ambriz,26,N,Y,5,MI,NA,Own,Washington,DC
A00006245,Cathleen Gordon,29,N,Y,3,HI,High School,Own,Livermore,CA
A00006273,Jerome Wall,60,Y,Y,4,MI,Masters,Mortgage,San Leandro,CA
A00000860,Christopher Clark,63,Y,Y,5,HI,High School,Rent,Anchorage,AK
A00001713,Norma Jackson,54,Y,Y,5,MI,Bachelor,Own,Glendale,AZ
A00005478,Curtis Whaley,45,Y,Y,7,LI,Bachelor,Rent,Berkeley,CA
A00004491,John Roach,59,Y,Y,3,LI,College,Rent,Louisville,KY
A00000037,Gwendolyn Kahele,63,Y,Y,6,MI,High School,Mortgage,West Windsor,VT
A00007383,Jesus Huffman,42,N,Y,4,LI,High School,Mortgage,Louisville,KY
A00003872,Amanda Poore,44,N,Y,6,HI,Bachelor,Rent,Oklahoma City,OK
A00001901,Louise Searfoss,38,Y,Y,4,MI,College,Own,Moore,OK
A00006403,Jared Pring,27,N,N,4,HI,Masters,Own,Thunderbolt,GA
A00005571,Jose Martin,62,Y,Y,2,MI,Masters,Rent,Panama City,FL
A00000215,Arnold Grant,40,Y,Y,4,LI,Masters,Mortgage,Glendale,AZ
A00003206,Sharon Gardner,27,N,Y,5,MI,College,Rent,Washington,DC
A00004340,Jerrie Selmer,26,Y,Y,4,LI,High School,Rent,Glendale,AZ
A00000489,Erica Gamble,36,Y,Y,4,HI,Masters,Own,Arvada,CO
A00006095,Hugh Brinson,50,Y,Y,6,LI,High School,Own,Glendale,AZ
A00005194,Debra Rodgers,49,Y,Y,7,HI,Bachelor,Mortgage,Washington,DC
A00000711,Robert Brown,38,N,Y,7,HI,College,Mortgage,Washington,DC
A00006190,Jennifer Shannon,60,Y,Y,2,MI,College,Mortgage,Crownsville,MD
A00008280,Samuel Villegas,49,Y,Y,6,MI,Bachelor,Own,Deale,MD
A00005074,Jason Green,45,Y,Y,5,HI,Bachelor,Rent,Panama City,FL
A00000843,Bonnie Best,48,Y,Y,7,MI,MD,Mortgage,Fayetteville,AR
A00007973,Byron Thompson,60,N,Y,7,MI,Bachelor,Own,Arvada,CO
A00002879,Alice Vasquez,38,N,Y,7,MI,High School,Mortgage,Louisville,KY
A00003049,Germaine Gardner,34,Y,Y,5,LI,Bachelor,Mortgage,Linthicum Heights,MD
A00002571,Terry Peltier,43,N,Y,7,HI,High School,Mortgage,Shaftsbury,VT
A00009985,Mark Canida,26,Y,Y,2,MI,High School,Own,Boulder,CO
A00000612,Alexander West,34,Y,Y,5,MI,High School,Mortgage,Anchorage,AK
A00001250,Cheryl Michael,42,Y,Y,3,HI,Bachelor,Own,Fayetteville,AR
A00007261,Brenda Trevino,53,Y,Y,4,LI,College,Mortgage,Anchorage,AK
A00006893,Wilson Kuster,29,N,N,6,HI,Bachelor,Rent,Louisville,KY
A00003766,Justin Schutte,59,Y,Y,2,MI,Bachelor,Rent,Fall River,MA
A00008854,Daniella Snyder,61,Y,N,5,MI,MD,Rent,Methuen,MA
A00002261,Daniel Witt,56,N,Y,6,LI,Bachelor,Own,Greeley,CO
A00005989,Dave Kubicek,44,N,Y,6,HI,Bachelor,Own,Danville,VT
A00008008,Jose Gravley,42,Y,Y,5,LI,MD,Rent,Burlington,VT
A00003709,Daniel Hoster,59,Y,Y,5,MI,Bachelor,Rent,Montgomery,AL
A00007720,Willie Johndrow,35,Y,Y,4,MI,College,Own,Savannah,GA
A00006056,Alejandrina Plaza,58,Y,Y,2,MI,Masters,Mortgage,,VT
A00000819,Clifton Hastings,58,Y,Y,7,LI,NA,Rent,Edgewater,MD
A00008550,David Turbyfill,50,Y,Y,7,MI,Bachelor,Own,Arvada,CO
A00009165,Ray Meilleur,49,Y,Y,7,HI,High School,Mortgage,Louisville,KY
A00001177,Donna Kaeo,56,Y,Y,7,MI,Bachelor,Own,Davidsonville,MD
A00003093,Tony Plancarte,54,Y,N,2,HI,Masters,Mortgage,Groton,CT
A00009208,Johnny Mccarty,57,Y,Y,3,MI,College,Mortgage,Savannah,GA
A00009163,Joseph Miller,33,N,Y,3,HI,High School,Own,Severn,MD
A00006062,Edward Newton,64,Y,Y,7,HI,Bachelor,Own,Oklahoma City,OK
A00006542,Tammy Clark,53,N,N,3,MI,Masters,Mortgage,Manchester,CT
A00007479,Lindy Martin,25,N,Y,5,LI,College,Own,Manchester,CT
A00003247,Robert Fetherston,49,Y,Y,5,LI,College,Rent,Glendale,AZ
A00008975,Joshua Brown,50,Y,Y,2,MI,PhD,Rent,Panama City,FL
A00001555,Hugh Ryan,41,Y,Y,5,MI,High School,Own,Nashville,TN
A00004578,Stephen Frye,44,Y,Y,2,MI,NA,Mortgage,Aspen,CO
A00002521,Ronald Harden,44,Y,Y,4,LI,Bachelor,Mortgage,Fayetteville,AR
A00001813,Bobbie Charlton,60,Y,Y,2,MI,Masters,Mortgage,Arvada,CO
A00008035,Phyllis Tompson,30,N,Y,2,MI,High School,Own,Glendale,AZ
A00009874,Sheila Chatham,26,Y,Y,5,MI,College,Mortgage,Newark,CA
A00005535,Diane Conley,44,N,Y,3,MI,Bachelor,Rent,Savannah,GA
A00002787,William Morris,61,N,Y,4,MI,Bachelor,Own,Louisville,KY
A00004193,Daniel Youngs,45,Y,Y,4,MI,High School,Mortgage,Savannah,GA
A00006615,Brenda Bixby,32,Y,Y,3,MI,NA,Own,Fayetteville,AR
A00009192,Crystal Wedemeyer,27,N,Y,2,HI,NA,Mortgage,Washington,DC
A00003242,Sharon Locke,36,Y,Y,5,LI,NA,Rent,Glen Burnie,MD
A00006335,Sandra Collins,40,Y,Y,5,MI,Masters,Mortgage,Farmington,AR
A00003540,Raymond Harris,63,Y,Y,4,LI,Masters,Rent,Panama City,FL
A00007713,Mary Gaines,27,Y,Y,5,MI,High School,Mortgage,Lithia,FL
A00006345,Barry Madden,50,N,Y,7,LI,College,Rent,Manchester,CT
A00006111,Fredrick Eastman,26,N,Y,6,MI,High School,Rent,Nashville,TN
A00006160,Diane Langston,63,Y,Y,5,LI,Bachelor,Own,Savannah,GA
A00004680,Julia Manzo,58,Y,Y,4,LI,Bachelor,Own,Moore,OK
A00009608,Shirley Ellis,46,Y,Y,2,LI,Bachelor,Rent,Glen Burnie,MD
A00003262,Deanna Allen,45,Y,Y,2,HI,College,Mortgage,Woodford,VT
A00006798,Tatum Zinn,55,N,Y,3,MI,Masters,Rent,Savannah,GA
A00000889,Connie Bays,46,Y,Y,5,MI,Bachelor,Rent,Fayetteville,AR
A00007616,Erin Kelly,39,N,Y,2,LI,Masters,Own,Fayetteville,AR
A00000355,Anna Sherman,55,Y,N,4,LI,Bachelor,Mortgage,Orange,CA
A00000535,Sharon Falck,26,Y,Y,6,MI,PhD,Mortgage,Washington,DC
A00005954,Jerry Hunter,49,Y,Y,7,MI,Bachelor,Mortgage,Holyoke,MA
A00003086,Pamela Wunderlich,32,Y,Y,3,LI,High School,Mortgage,Anchorage,AK
A00004867,Theresa Mccarter,59,Y,Y,6,LI,PhD,Rent,Louisville,KY
A00008695,Kathy Reichert,44,N,Y,6,MI,Masters,Own,Mexico Beach,FL
A00008542,Adam Cast,53,N,Y,3,HI,Bachelor,Rent,Glendale,AZ
A00008267,Roxanne Shipman,44,Y,Y,5,LI,Bachelor,Own,Louisville,KY
A00009042,Ronald Padilla,54,Y,Y,2,MI,High School,Mortgage,Arvada,CO
A00008337,Andy Marugg,36,Y,N,7,HI,High School,Mortgage,Anchorage,AK
A00004323,Justin Hill,37,Y,Y,6,LI,High School,Mortgage,Arvada,CO
A00006120,Jonathan Espinoza,45,Y,N,4,MI,Bachelor,Own,Anchorage,AK
A00009558,Ralph Marcano,43,Y,Y,5,HI,High School,Mortgage,San Leandro,CA
A00001036,Samuel Ayers,25,Y,Y,3,LI,Bachelor,Own,Fruita,CO
A00003813,Donna Deibel,26,Y,Y,6,HI,High School,Rent,Arvada,CO
A00001393,Camille Gonzales,35,Y,Y,6,MI,Bachelor,Own,Manchester,CT
A00001194,Joann Gardner,40,Y,Y,6,MI,Bachelor,Mortgage,Louisville,KY
A00005362,Donna Widener,33,Y,Y,6,LI,Masters,Rent,Savannah,GA
A00009854,Elda Edwards,35,Y,Y,2,MI,Masters,Mortgage,Berkeley,CA
A00006365,Sarah Vanbrunt,49,Y,Y,5,MI,Bachelor,Rent,Fayetteville,AR
A00002142,Evelyn Wright,54,Y,Y,3,MI,Masters,Rent,Anchorage,AK
